Month,Product_ID,Region_ID,Actual_Demand,Year,Month_Number,Time_Index,Demand_Lag_1,Demand_Lag_2,Demand_Lag_3,Demand_Lag_6,Demand_Lag_12,Demand_Rolling_Mean_3,Demand_Rolling_Mean_6,Quarter
2023-01-01,P001,R01,7133,2023,1,1,,,,,,,,1
2023-02-01,P001,R01,3980,2023,2,2,7133.0,,,,,,,1
2023-03-01,P001,R01,6208,2023,3,3,3980.0,7133.0,,,,,,1
2023-04-01,P001,R01,1374,2023,4,4,6208.0,3980.0,7133.0,,,5773.666666666667,,2
2023-05-01,P001,R01,11239,2023,5,5,1374.0,6208.0,3980.0,,,3854.0,,2
2023-06-01,P001,R01,11983,2023,6,6,11239.0,1374.0,6208.0,,,6273.666666666667,,2
2023-07-01,P001,R01,7447,2023,7,7,11983.0,11239.0,1374.0,7133.0,,8198.666666666666,6986.166666666667,3
2023-08-01,P001,R01,9035,2023,8,8,7447.0,11983.0,11239.0,3980.0,,10223.0,7038.5,3
2023-09-01,P001,R01,9988,2023,9,9,9035.0,7447.0,11983.0,6208.0,,9488.333333333334,7881.0,3
2023-10-01,P001,R01,7346,2023,10,10,9988.0,9035.0,7447.0,1374.0,,8823.333333333334,8511.0,4
2023-11-01,P001,R01,15185,2023,11,11,7346.0,9988.0,9035.0,11239.0,,8789.666666666666,9506.333333333334,4
2023-12-01,P001,R01,5532,2023,12,12,15185.0,7346.0,9988.0,11983.0,,10839.666666666666,10164.0,4
2024-01-01,P001,R01,11500,2024,1,13,5532.0,15185.0,7346.0,7447.0,7133.0,9354.333333333334,9088.833333333334,1
2024-02-01,P001,R01,7863,2024,2,14,11500.0,5532.0,15185.0,9035.0,3980.0,10739.0,9764.333333333334,1
2024-03-01,P001,R01,3512,2024,3,15,7863.0,11500.0,5532.0,9988.0,6208.0,8298.333333333334,9569.0,1
2024-04-01,P001,R01,10011,2024,4,16,3512.0,7863.0,11500.0,7346.0,1374.0,7625.0,8489.666666666666,2
2024-05-01,P001,R01,8609,2024,5,17,10011.0,3512.0,7863.0,15185.0,11239.0,7128.666666666667,8933.833333333334,2
2024-06-01,P001,R01,10687,2024,6,18,8609.0,10011.0,3512.0,5532.0,11983.0,7377.333333333333,7837.833333333333,2
2024-07-01,P001,R01,6193,2024,7,19,10687.0,8609.0,10011.0,11500.0,7447.0,9769.0,8697.0,3
2024-08-01,P001,R01,11369,2024,8,20,6193.0,10687.0,8609.0,7863.0,9035.0,8496.333333333334,7812.5,3
2024-09-01,P001,R01,5908,2024,9,21,11369.0,6193.0,10687.0,3512.0,9988.0,9416.333333333334,8396.833333333334,3
2024-10-01,P001,R01,11360,2024,10,22,5908.0,11369.0,6193.0,10011.0,7346.0,7823.333333333333,8796.166666666666,4
2024-11-01,P001,R01,18120,2024,11,23,11360.0,5908.0,11369.0,8609.0,15185.0,9545.666666666666,9021.0,4
2024-12-01,P001,R01,12568,2024,12,24,18120.0,11360.0,5908.0,10687.0,5532.0,11796.0,10606.166666666666,4
2025-01-01,P001,R01,5452,2025,1,25,12568.0,18120.0,11360.0,6193.0,11500.0,14016.0,10919.666666666666,1
2025-02-01,P001,R01,8554,2025,2,26,5452.0,12568.0,18120.0,11369.0,7863.0,12046.666666666666,10796.166666666666,1
2025-03-01,P001,R01,3614,2025,3,27,8554.0,5452.0,12568.0,5908.0,3512.0,8858.0,10327.0,1
2025-04-01,P001,R01,7581,2025,4,28,3614.0,8554.0,5452.0,11360.0,10011.0,5873.333333333333,9944.666666666666,2
2025-05-01,P001,R01,8022,2025,5,29,7581.0,3614.0,8554.0,18120.0,8609.0,6583.0,9314.833333333334,2
2025-06-01,P001,R01,6170,2025,6,30,8022.0,7581.0,3614.0,12568.0,10687.0,6405.666666666667,7631.833333333333,2
2025-07-01,P001,R01,3906,2025,7,31,6170.0,8022.0,7581.0,5452.0,6193.0,7257.666666666667,6565.5,3
2025-08-01,P001,R01,13590,2025,8,32,3906.0,6170.0,8022.0,8554.0,11369.0,6032.666666666667,6307.833333333333,3
2025-09-01,P001,R01,9236,2025,9,33,13590.0,3906.0,6170.0,3614.0,5908.0,7888.666666666667,7147.166666666667,3
2025-10-01,P001,R01,5834,2025,10,34,9236.0,13590.0,3906.0,7581.0,11360.0,8910.666666666666,8084.166666666667,4
2025-11-01,P001,R01,10025,2025,11,35,5834.0,9236.0,13590.0,8022.0,18120.0,9553.333333333334,7793.0,4
2025-12-01,P001,R01,12233,2025,12,36,10025.0,5834.0,9236.0,6170.0,12568.0,8365.0,8126.833333333333,4
2023-01-01,P001,R02,8693,2023,1,1,,,,,,,,1
2023-02-01,P001,R02,6708,2023,2,2,8693.0,,,,,,,1
2023-03-01,P001,R02,8093,2023,3,3,6708.0,8693.0,,,,,,1
2023-04-01,P001,R02,2759,2023,4,4,8093.0,6708.0,8693.0,,,7831.333333333333,,2
2023-05-01,P001,R02,9569,2023,5,5,2759.0,8093.0,6708.0,,,5853.333333333333,,2
2023-06-01,P001,R02,1434,2023,6,6,9569.0,2759.0,8093.0,,,6807.0,,2
2023-07-01,P001,R02,6700,2023,7,7,1434.0,9569.0,2759.0,8693.0,,4587.333333333333,6209.333333333333,3
2023-08-01,P001,R02,8521,2023,8,8,6700.0,1434.0,9569.0,6708.0,,5901.0,5877.166666666667,3
2023-09-01,P001,R02,6256,2023,9,9,8521.0,6700.0,1434.0,8093.0,,5551.666666666667,6179.333333333333,3
2023-10-01,P001,R02,10497,2023,10,10,6256.0,8521.0,6700.0,2759.0,,7159.0,5873.166666666667,4
2023-11-01,P001,R02,6765,2023,11,11,10497.0,6256.0,8521.0,9569.0,,8424.666666666666,7162.833333333333,4
2023-12-01,P001,R02,9534,2023,12,12,6765.0,10497.0,6256.0,1434.0,,7839.333333333333,6695.5,4
2024-01-01,P001,R02,9828,2024,1,13,9534.0,6765.0,10497.0,6700.0,8693.0,8932.0,8045.5,1
2024-02-01,P001,R02,5394,2024,2,14,9828.0,9534.0,6765.0,8521.0,6708.0,8709.0,8566.833333333334,1
2024-03-01,P001,R02,10330,2024,3,15,5394.0,9828.0,9534.0,6256.0,8093.0,8252.0,8045.666666666667,1
2024-04-01,P001,R02,13734,2024,4,16,10330.0,5394.0,9828.0,10497.0,2759.0,8517.333333333334,8724.666666666666,2
2024-05-01,P001,R02,5966,2024,5,17,13734.0,10330.0,5394.0,6765.0,9569.0,9819.333333333334,9264.166666666666,2
2024-06-01,P001,R02,8907,2024,6,18,5966.0,13734.0,10330.0,9534.0,1434.0,10010.0,9131.0,2
2024-07-01,P001,R02,13842,2024,7,19,8907.0,5966.0,13734.0,9828.0,6700.0,9535.666666666666,9026.5,3
2024-08-01,P001,R02,11770,2024,8,20,13842.0,8907.0,5966.0,5394.0,8521.0,9571.666666666666,9695.5,3
2024-09-01,P001,R02,11121,2024,9,21,11770.0,13842.0,8907.0,10330.0,6256.0,11506.333333333334,10758.166666666666,3
2024-10-01,P001,R02,12421,2024,10,22,11121.0,11770.0,13842.0,13734.0,10497.0,12244.333333333334,10890.0,4
2024-11-01,P001,R02,8291,2024,11,23,12421.0,11121.0,11770.0,5966.0,6765.0,11770.666666666666,10671.166666666666,4
2024-12-01,P001,R02,17105,2024,12,24,8291.0,12421.0,11121.0,8907.0,9534.0,10611.0,11058.666666666666,4
2025-01-01,P001,R02,11387,2025,1,25,17105.0,8291.0,12421.0,13842.0,9828.0,12605.666666666666,12425.0,1
2025-02-01,P001,R02,9822,2025,2,26,11387.0,17105.0,8291.0,11770.0,5394.0,12261.0,12015.833333333334,1
2025-03-01,P001,R02,8363,2025,3,27,9822.0,11387.0,17105.0,11121.0,10330.0,12771.333333333334,11691.166666666666,1
2025-04-01,P001,R02,11323,2025,4,28,8363.0,9822.0,11387.0,12421.0,13734.0,9857.333333333334,11231.5,2
2025-05-01,P001,R02,12796,2025,5,29,11323.0,8363.0,9822.0,8291.0,5966.0,9836.0,11048.5,2
2025-06-01,P001,R02,13317,2025,6,30,12796.0,11323.0,8363.0,17105.0,8907.0,10827.333333333334,11799.333333333334,2
2025-07-01,P001,R02,16164,2025,7,31,13317.0,12796.0,11323.0,11387.0,13842.0,12478.666666666666,11168.0,3
2025-08-01,P001,R02,8341,2025,8,32,16164.0,13317.0,12796.0,9822.0,11770.0,14092.333333333334,11964.166666666666,3
2025-09-01,P001,R02,12766,2025,9,33,8341.0,16164.0,13317.0,8363.0,11121.0,12607.333333333334,11717.333333333334,3
2025-10-01,P001,R02,11017,2025,10,34,12766.0,8341.0,16164.0,11323.0,12421.0,12423.666666666666,12451.166666666666,4
2025-11-01,P001,R02,9580,2025,11,35,11017.0,12766.0,8341.0,12796.0,8291.0,10708.0,12400.166666666666,4
2025-12-01,P001,R02,15907,2025,12,36,9580.0,11017.0,12766.0,13317.0,17105.0,11121.0,11864.166666666666,4
2023-01-01,P001,R03,7685,2023,1,1,,,,,,,,1
2023-02-01,P001,R03,7952,2023,2,2,7685.0,,,,,,,1
2023-03-01,P001,R03,6128,2023,3,3,7952.0,7685.0,,,,,,1
2023-04-01,P001,R03,5386,2023,4,4,6128.0,7952.0,7685.0,,,7255.0,,2
2023-05-01,P001,R03,11015,2023,5,5,5386.0,6128.0,7952.0,,,6488.666666666667,,2
2023-06-01,P001,R03,5407,2023,6,6,11015.0,5386.0,6128.0,,,7509.666666666667,,2
2023-07-01,P001,R03,2992,2023,7,7,5407.0,11015.0,5386.0,7685.0,,7269.333333333333,7262.166666666667,3
2023-08-01,P001,R03,4019,2023,8,8,2992.0,5407.0,11015.0,7952.0,,6471.333333333333,6480.0,3
2023-09-01,P001,R03,9568,2023,9,9,4019.0,2992.0,5407.0,6128.0,,4139.333333333333,5824.5,3
2023-10-01,P001,R03,12351,2023,10,10,9568.0,4019.0,2992.0,5386.0,,5526.333333333333,6397.833333333333,4
2023-11-01,P001,R03,5529,2023,11,11,12351.0,9568.0,4019.0,11015.0,,8646.0,7558.666666666667,4
2023-12-01,P001,R03,8773,2023,12,12,5529.0,12351.0,9568.0,5407.0,,9149.333333333334,6644.333333333333,4
2024-01-01,P001,R03,5032,2024,1,13,8773.0,5529.0,12351.0,2992.0,7685.0,8884.333333333334,7205.333333333333,1
2024-02-01,P001,R03,8992,2024,2,14,5032.0,8773.0,5529.0,4019.0,7952.0,6444.666666666667,7545.333333333333,1
2024-03-01,P001,R03,4540,2024,3,15,8992.0,5032.0,8773.0,9568.0,6128.0,7599.0,8374.166666666666,1
2024-04-01,P001,R03,4834,2024,4,16,4540.0,8992.0,5032.0,12351.0,5386.0,6188.0,7536.166666666667,2
2024-05-01,P001,R03,3462,2024,5,17,4834.0,4540.0,8992.0,5529.0,11015.0,6122.0,6283.333333333333,2
2024-06-01,P001,R03,7812,2024,6,18,3462.0,4834.0,4540.0,8773.0,5407.0,4278.666666666667,5938.833333333333,2
2024-07-01,P001,R03,11627,2024,7,19,7812.0,3462.0,4834.0,5032.0,2992.0,5369.333333333333,5778.666666666667,3
2024-08-01,P001,R03,6123,2024,8,20,11627.0,7812.0,3462.0,8992.0,4019.0,7633.666666666667,6877.833333333333,3
2024-09-01,P001,R03,7048,2024,9,21,6123.0,11627.0,7812.0,4540.0,9568.0,8520.666666666666,6399.666666666667,3
2024-10-01,P001,R03,5587,2024,10,22,7048.0,6123.0,11627.0,4834.0,12351.0,8266.0,6817.666666666667,4
2024-11-01,P001,R03,6019,2024,11,23,5587.0,7048.0,6123.0,3462.0,5529.0,6252.666666666667,6943.166666666667,4
2024-12-01,P001,R03,4727,2024,12,24,6019.0,5587.0,7048.0,7812.0,8773.0,6218.0,7369.333333333333,4
2025-01-01,P001,R03,6249,2025,1,25,4727.0,6019.0,5587.0,11627.0,5032.0,5444.333333333333,6855.166666666667,1
2025-02-01,P001,R03,5486,2025,2,26,6249.0,4727.0,6019.0,6123.0,8992.0,5665.0,5958.833333333333,1
2025-03-01,P001,R03,12564,2025,3,27,5486.0,6249.0,4727.0,7048.0,4540.0,5487.333333333333,5852.666666666667,1
2025-04-01,P001,R03,7804,2025,4,28,12564.0,5486.0,6249.0,5587.0,4834.0,8099.666666666667,6772.0,2
2025-05-01,P001,R03,2690,2025,5,29,7804.0,12564.0,5486.0,6019.0,3462.0,8618.0,7141.5,2
2025-06-01,P001,R03,6697,2025,6,30,2690.0,7804.0,12564.0,4727.0,7812.0,7686.0,6586.666666666667,2
2025-07-01,P001,R03,1672,2025,7,31,6697.0,2690.0,7804.0,6249.0,11627.0,5730.333333333333,6915.0,3
2025-08-01,P001,R03,15541,2025,8,32,1672.0,6697.0,2690.0,5486.0,6123.0,3686.3333333333335,6152.166666666667,3
2025-09-01,P001,R03,10957,2025,9,33,15541.0,1672.0,6697.0,12564.0,7048.0,7970.0,7828.0,3
2025-10-01,P001,R03,8080,2025,10,34,10957.0,15541.0,1672.0,7804.0,5587.0,9390.0,7560.166666666667,4
2025-11-01,P001,R03,5193,2025,11,35,8080.0,10957.0,15541.0,2690.0,6019.0,11526.0,7606.166666666667,4
2025-12-01,P001,R03,5702,2025,12,36,5193.0,8080.0,10957.0,6697.0,4727.0,8076.666666666667,8023.333333333333,4
2023-01-01,P001,R04,13359,2023,1,1,,,,,,,,1
2023-02-01,P001,R04,22745,2023,2,2,13359.0,,,,,,,1
2023-03-01,P001,R04,13595,2023,3,3,22745.0,13359.0,,,,,,1
2023-04-01,P001,R04,8011,2023,4,4,13595.0,22745.0,13359.0,,,16566.333333333332,,2
2023-05-01,P001,R04,12226,2023,5,5,8011.0,13595.0,22745.0,,,14783.666666666666,,2
2023-06-01,P001,R04,12342,2023,6,6,12226.0,8011.0,13595.0,,,11277.333333333334,,2
2023-07-01,P001,R04,20807,2023,7,7,12342.0,12226.0,8011.0,13359.0,,10859.666666666666,13713.0,3
2023-08-01,P001,R04,11478,2023,8,8,20807.0,12342.0,12226.0,22745.0,,15125.0,14954.333333333334,3
2023-09-01,P001,R04,12428,2023,9,9,11478.0,20807.0,12342.0,13595.0,,14875.666666666666,13076.5,3
2023-10-01,P001,R04,10448,2023,10,10,12428.0,11478.0,20807.0,8011.0,,14904.333333333334,12882.0,4
2023-11-01,P001,R04,16363,2023,11,11,10448.0,12428.0,11478.0,12226.0,,11451.333333333334,13288.166666666666,4
2023-12-01,P001,R04,10604,2023,12,12,16363.0,10448.0,12428.0,12342.0,,13079.666666666666,13977.666666666666,4
2024-01-01,P001,R04,11052,2024,1,13,10604.0,16363.0,10448.0,20807.0,13359.0,12471.666666666666,13688.0,1
2024-02-01,P001,R04,15976,2024,2,14,11052.0,10604.0,16363.0,11478.0,22745.0,12673.0,12062.166666666666,1
2024-03-01,P001,R04,12551,2024,3,15,15976.0,11052.0,10604.0,12428.0,13595.0,12544.0,12811.833333333334,1
2024-04-01,P001,R04,5857,2024,4,16,12551.0,15976.0,11052.0,10448.0,8011.0,13193.0,12832.333333333334,2
2024-05-01,P001,R04,14621,2024,5,17,5857.0,12551.0,15976.0,16363.0,12226.0,11461.333333333334,12067.166666666666,2
2024-06-01,P001,R04,20253,2024,6,18,14621.0,5857.0,12551.0,10604.0,12342.0,11009.666666666666,11776.833333333334,2
2024-07-01,P001,R04,8923,2024,7,19,20253.0,14621.0,5857.0,11052.0,20807.0,13577.0,13385.0,3
2024-08-01,P001,R04,14867,2024,8,20,8923.0,20253.0,14621.0,15976.0,11478.0,14599.0,13030.166666666666,3
2024-09-01,P001,R04,18535,2024,9,21,14867.0,8923.0,20253.0,12551.0,12428.0,14681.0,12845.333333333334,3
2024-10-01,P001,R04,20858,2024,10,22,18535.0,14867.0,8923.0,5857.0,10448.0,14108.333333333334,13842.666666666666,4
2024-11-01,P001,R04,14712,2024,11,23,20858.0,18535.0,14867.0,14621.0,16363.0,18086.666666666668,16342.833333333334,4
2024-12-01,P001,R04,15235,2024,12,24,14712.0,20858.0,18535.0,20253.0,10604.0,18035.0,16358.0,4
2025-01-01,P001,R04,27268,2025,1,25,15235.0,14712.0,20858.0,8923.0,11052.0,16935.0,15521.666666666666,1
2025-02-01,P001,R04,17167,2025,2,26,27268.0,15235.0,14712.0,14867.0,15976.0,19071.666666666668,18579.166666666668,1
2025-03-01,P001,R04,21239,2025,3,27,17167.0,27268.0,15235.0,18535.0,12551.0,19890.0,18962.5,1
2025-04-01,P001,R04,14373,2025,4,28,21239.0,17167.0,27268.0,20858.0,5857.0,21891.333333333332,19413.166666666668,2
2025-05-01,P001,R04,11700,2025,5,29,14373.0,21239.0,17167.0,14712.0,14621.0,17593.0,18332.333333333332,2
2025-06-01,P001,R04,11271,2025,6,30,11700.0,14373.0,21239.0,15235.0,20253.0,15770.666666666666,17830.333333333332,2
2025-07-01,P001,R04,13417,2025,7,31,11271.0,11700.0,14373.0,27268.0,8923.0,12448.0,17169.666666666668,3
2025-08-01,P001,R04,15289,2025,8,32,13417.0,11271.0,11700.0,17167.0,14867.0,12129.333333333334,14861.166666666666,3
2025-09-01,P001,R04,13922,2025,9,33,15289.0,13417.0,11271.0,21239.0,18535.0,13325.666666666666,14548.166666666666,3
2025-10-01,P001,R04,22560,2025,10,34,13922.0,15289.0,13417.0,14373.0,20858.0,14209.333333333334,13328.666666666666,4
2025-11-01,P001,R04,11623,2025,11,35,22560.0,13922.0,15289.0,11700.0,14712.0,17257.0,14693.166666666666,4
2025-12-01,P001,R04,24643,2025,12,36,11623.0,22560.0,13922.0,11271.0,15235.0,16035.0,14680.333333333334,4
2023-01-01,P002,R01,8414,2023,1,1,,,,,,,,1
2023-02-01,P002,R01,2132,2023,2,2,8414.0,,,,,,,1
2023-03-01,P002,R01,7521,2023,3,3,2132.0,8414.0,,,,,,1
2023-04-01,P002,R01,2475,2023,4,4,7521.0,2132.0,8414.0,,,6022.333333333333,,2
2023-05-01,P002,R01,6112,2023,5,5,2475.0,7521.0,2132.0,,,4042.6666666666665,,2
2023-06-01,P002,R01,9259,2023,6,6,6112.0,2475.0,7521.0,,,5369.333333333333,,2
2023-07-01,P002,R01,3404,2023,7,7,9259.0,6112.0,2475.0,8414.0,,5948.666666666667,5985.5,3
2023-08-01,P002,R01,6828,2023,8,8,3404.0,9259.0,6112.0,2132.0,,6258.333333333333,5150.5,3
2023-09-01,P002,R01,6001,2023,9,9,6828.0,3404.0,9259.0,7521.0,,6497.0,5933.166666666667,3
2023-10-01,P002,R01,7942,2023,10,10,6001.0,6828.0,3404.0,2475.0,,5411.0,5679.833333333333,4
2023-11-01,P002,R01,9323,2023,11,11,7942.0,6001.0,6828.0,6112.0,,6923.666666666667,6591.0,4
2023-12-01,P002,R01,3919,2023,12,12,9323.0,7942.0,6001.0,9259.0,,7755.333333333333,7126.166666666667,4
2024-01-01,P002,R01,8839,2024,1,13,3919.0,9323.0,7942.0,3404.0,8414.0,7061.333333333333,6236.166666666667,1
2024-02-01,P002,R01,9509,2024,2,14,8839.0,3919.0,9323.0,6828.0,2132.0,7360.333333333333,7142.0,1
2024-03-01,P002,R01,6103,2024,3,15,9509.0,8839.0,3919.0,6001.0,7521.0,7422.333333333333,7588.833333333333,1
2024-04-01,P002,R01,9889,2024,4,16,6103.0,9509.0,8839.0,7942.0,2475.0,8150.333333333333,7605.833333333333,2
2024-05-01,P002,R01,7850,2024,5,17,9889.0,6103.0,9509.0,9323.0,6112.0,8500.333333333334,7930.333333333333,2
2024-06-01,P002,R01,5307,2024,6,18,7850.0,9889.0,6103.0,3919.0,9259.0,7947.333333333333,7684.833333333333,2
2024-07-01,P002,R01,8866,2024,7,19,5307.0,7850.0,9889.0,8839.0,3404.0,7682.0,7916.166666666667,3
2024-08-01,P002,R01,6714,2024,8,20,8866.0,5307.0,7850.0,9509.0,6828.0,7341.0,7920.666666666667,3
2024-09-01,P002,R01,12959,2024,9,21,6714.0,8866.0,5307.0,6103.0,6001.0,6962.333333333333,7454.833333333333,3
2024-10-01,P002,R01,10396,2024,10,22,12959.0,6714.0,8866.0,9889.0,7942.0,9513.0,8597.5,4
2024-11-01,P002,R01,6345,2024,11,23,10396.0,12959.0,6714.0,7850.0,9323.0,10023.0,8682.0,4
2024-12-01,P002,R01,13718,2024,12,24,6345.0,10396.0,12959.0,5307.0,3919.0,9900.0,8431.166666666666,4
2025-01-01,P002,R01,8598,2025,1,25,13718.0,6345.0,10396.0,8866.0,8839.0,10153.0,9833.0,1
2025-02-01,P002,R01,2765,2025,2,26,8598.0,13718.0,6345.0,6714.0,9509.0,9553.666666666666,9788.333333333334,1
2025-03-01,P002,R01,7160,2025,3,27,2765.0,8598.0,13718.0,12959.0,6103.0,8360.333333333334,9130.166666666666,1
2025-04-01,P002,R01,3014,2025,4,28,7160.0,2765.0,8598.0,10396.0,9889.0,6174.333333333333,8163.666666666667,2
2025-05-01,P002,R01,6117,2025,5,29,3014.0,7160.0,2765.0,6345.0,7850.0,4313.0,6933.333333333333,2
2025-06-01,P002,R01,7962,2025,6,30,6117.0,3014.0,7160.0,13718.0,5307.0,5430.333333333333,6895.333333333333,2
2025-07-01,P002,R01,10436,2025,7,31,7962.0,6117.0,3014.0,8598.0,8866.0,5697.666666666667,5936.0,3
2025-08-01,P002,R01,5652,2025,8,32,10436.0,7962.0,6117.0,2765.0,6714.0,8171.666666666667,6242.333333333333,3
2025-09-01,P002,R01,2160,2025,9,33,5652.0,10436.0,7962.0,7160.0,12959.0,8016.666666666667,6723.5,3
2025-10-01,P002,R01,6196,2025,10,34,2160.0,5652.0,10436.0,3014.0,10396.0,6082.666666666667,5890.166666666667,4
2025-11-01,P002,R01,7555,2025,11,35,6196.0,2160.0,5652.0,6117.0,6345.0,4669.333333333333,6420.5,4
2025-12-01,P002,R01,7702,2025,12,36,7555.0,6196.0,2160.0,7962.0,13718.0,5303.666666666667,6660.166666666667,4
2023-01-01,P002,R02,13088,2023,1,1,,,,,,,,1
2023-02-01,P002,R02,9435,2023,2,2,13088.0,,,,,,,1
2023-03-01,P002,R02,5669,2023,3,3,9435.0,13088.0,,,,,,1
2023-04-01,P002,R02,8134,2023,4,4,5669.0,9435.0,13088.0,,,9397.333333333334,,2
2023-05-01,P002,R02,9208,2023,5,5,8134.0,5669.0,9435.0,,,7746.0,,2
2023-06-01,P002,R02,4628,2023,6,6,9208.0,8134.0,5669.0,,,7670.333333333333,,2
2023-07-01,P002,R02,14939,2023,7,7,4628.0,9208.0,8134.0,13088.0,,7323.333333333333,8360.333333333334,3
2023-08-01,P002,R02,10165,2023,8,8,14939.0,4628.0,9208.0,9435.0,,9591.666666666666,8668.833333333334,3
2023-09-01,P002,R02,6642,2023,9,9,10165.0,14939.0,4628.0,5669.0,,9910.666666666666,8790.5,3
2023-10-01,P002,R02,6456,2023,10,10,6642.0,10165.0,14939.0,8134.0,,10582.0,8952.666666666666,4
2023-11-01,P002,R02,7407,2023,11,11,6456.0,6642.0,10165.0,9208.0,,7754.333333333333,8673.0,4
2023-12-01,P002,R02,17689,2023,12,12,7407.0,6456.0,6642.0,4628.0,,6835.0,8372.833333333334,4
2024-01-01,P002,R02,11296,2024,1,13,17689.0,7407.0,6456.0,14939.0,13088.0,10517.333333333334,10549.666666666666,1
2024-02-01,P002,R02,8316,2024,2,14,11296.0,17689.0,7407.0,10165.0,9435.0,12130.666666666666,9942.5,1
2024-03-01,P002,R02,10361,2024,3,15,8316.0,11296.0,17689.0,6642.0,5669.0,12433.666666666666,9634.333333333334,1
2024-04-01,P002,R02,8145,2024,4,16,10361.0,8316.0,11296.0,6456.0,8134.0,9991.0,10254.166666666666,2
2024-05-01,P002,R02,4837,2024,5,17,8145.0,10361.0,8316.0,7407.0,9208.0,8940.666666666666,10535.666666666666,2
2024-06-01,P002,R02,7182,2024,6,18,4837.0,8145.0,10361.0,17689.0,4628.0,7781.0,10107.333333333334,2
2024-07-01,P002,R02,11351,2024,7,19,7182.0,4837.0,8145.0,11296.0,14939.0,6721.333333333333,8356.166666666666,3
2024-08-01,P002,R02,6654,2024,8,20,11351.0,7182.0,4837.0,8316.0,10165.0,7790.0,8365.333333333334,3
2024-09-01,P002,R02,12983,2024,9,21,6654.0,11351.0,7182.0,10361.0,6642.0,8395.666666666666,8088.333333333333,3
2024-10-01,P002,R02,10297,2024,10,22,12983.0,6654.0,11351.0,8145.0,6456.0,10329.333333333334,8525.333333333334,4
2024-11-01,P002,R02,11365,2024,11,23,10297.0,12983.0,6654.0,4837.0,7407.0,9978.0,8884.0,4
2024-12-01,P002,R02,10879,2024,12,24,11365.0,10297.0,12983.0,7182.0,17689.0,11548.333333333334,9972.0,4
2025-01-01,P002,R02,8850,2025,1,25,10879.0,11365.0,10297.0,11351.0,11296.0,10847.0,10588.166666666666,1
2025-02-01,P002,R02,3961,2025,2,26,8850.0,10879.0,11365.0,6654.0,8316.0,10364.666666666666,10171.333333333334,1
2025-03-01,P002,R02,15758,2025,3,27,3961.0,8850.0,10879.0,12983.0,10361.0,7896.666666666667,9722.5,1
2025-04-01,P002,R02,9279,2025,4,28,15758.0,3961.0,8850.0,10297.0,8145.0,9523.0,10185.0,2
2025-05-01,P002,R02,15070,2025,5,29,9279.0,15758.0,3961.0,11365.0,4837.0,9666.0,10015.333333333334,2
2025-06-01,P002,R02,6469,2025,6,30,15070.0,9279.0,15758.0,10879.0,7182.0,13369.0,10632.833333333334,2
2025-07-01,P002,R02,7965,2025,7,31,6469.0,15070.0,9279.0,8850.0,11351.0,10272.666666666666,9897.833333333334,3
2025-08-01,P002,R02,11505,2025,8,32,7965.0,6469.0,15070.0,3961.0,6654.0,9834.666666666666,9750.333333333334,3
2025-09-01,P002,R02,6727,2025,9,33,11505.0,7965.0,6469.0,15758.0,12983.0,8646.333333333334,11007.666666666666,3
2025-10-01,P002,R02,2473,2025,10,34,6727.0,11505.0,7965.0,9279.0,10297.0,8732.333333333334,9502.5,4
2025-11-01,P002,R02,6599,2025,11,35,2473.0,6727.0,11505.0,15070.0,11365.0,6901.666666666667,8368.166666666666,4
2025-12-01,P002,R02,10468,2025,12,36,6599.0,2473.0,6727.0,6469.0,10879.0,5266.333333333333,6956.333333333333,4
2023-01-01,P002,R03,4146,2023,1,1,,,,,,,,1
2023-02-01,P002,R03,402,2023,2,2,4146.0,,,,,,,1
2023-03-01,P002,R03,2308,2023,3,3,402.0,4146.0,,,,,,1
2023-04-01,P002,R03,1788,2023,4,4,2308.0,402.0,4146.0,,,2285.3333333333335,,2
2023-05-01,P002,R03,6614,2023,5,5,1788.0,2308.0,402.0,,,1499.3333333333333,,2
2023-06-01,P002,R03,4229,2023,6,6,6614.0,1788.0,2308.0,,,3570.0,,2
2023-07-01,P002,R03,2137,2023,7,7,4229.0,6614.0,1788.0,4146.0,,4210.333333333333,3247.8333333333335,3
2023-08-01,P002,R03,7607,2023,8,8,2137.0,4229.0,6614.0,402.0,,4326.666666666667,2913.0,3
2023-09-01,P002,R03,3335,2023,9,9,7607.0,2137.0,4229.0,2308.0,,4657.666666666667,4113.833333333333,3
2023-10-01,P002,R03,7759,2023,10,10,3335.0,7607.0,2137.0,1788.0,,4359.666666666667,4285.0,4
2023-11-01,P002,R03,5029,2023,11,11,7759.0,3335.0,7607.0,6614.0,,6233.666666666667,5280.166666666667,4
2023-12-01,P002,R03,2757,2023,12,12,5029.0,7759.0,3335.0,4229.0,,5374.333333333333,5016.0,4
2024-01-01,P002,R03,1888,2024,1,13,2757.0,5029.0,7759.0,2137.0,4146.0,5181.666666666667,4770.666666666667,1
2024-02-01,P002,R03,1312,2024,2,14,1888.0,2757.0,5029.0,7607.0,402.0,3224.6666666666665,4729.166666666667,1
2024-03-01,P002,R03,5112,2024,3,15,1312.0,1888.0,2757.0,3335.0,2308.0,1985.6666666666667,3680.0,1
2024-04-01,P002,R03,5248,2024,4,16,5112.0,1312.0,1888.0,7759.0,1788.0,2770.6666666666665,3976.1666666666665,2
2024-05-01,P002,R03,4176,2024,5,17,5248.0,5112.0,1312.0,5029.0,6614.0,3890.6666666666665,3557.6666666666665,2
2024-06-01,P002,R03,3755,2024,6,18,4176.0,5248.0,5112.0,2757.0,4229.0,4845.333333333333,3415.5,2
2024-07-01,P002,R03,8810,2024,7,19,3755.0,4176.0,5248.0,1888.0,2137.0,4393.0,3581.8333333333335,3
2024-08-01,P002,R03,6133,2024,8,20,8810.0,3755.0,4176.0,1312.0,7607.0,5580.333333333333,4735.5,3
2024-09-01,P002,R03,5169,2024,9,21,6133.0,8810.0,3755.0,5112.0,3335.0,6232.666666666667,5539.0,3
2024-10-01,P002,R03,6735,2024,10,22,5169.0,6133.0,8810.0,5248.0,7759.0,6704.0,5548.5,4
2024-11-01,P002,R03,7146,2024,11,23,6735.0,5169.0,6133.0,4176.0,5029.0,6012.333333333333,5796.333333333333,4
2024-12-01,P002,R03,13454,2024,12,24,7146.0,6735.0,5169.0,3755.0,2757.0,6350.0,6291.333333333333,4
2025-01-01,P002,R03,4101,2025,1,25,13454.0,7146.0,6735.0,8810.0,1888.0,9111.666666666666,7907.833333333333,1
2025-02-01,P002,R03,7436,2025,2,26,4101.0,13454.0,7146.0,6133.0,1312.0,8233.666666666666,7123.0,1
2025-03-01,P002,R03,10427,2025,3,27,7436.0,4101.0,13454.0,5169.0,5112.0,8330.333333333334,7340.166666666667,1
2025-04-01,P002,R03,4693,2025,4,28,10427.0,7436.0,4101.0,6735.0,5248.0,7321.333333333333,8216.5,2
2025-05-01,P002,R03,1817,2025,5,29,4693.0,10427.0,7436.0,7146.0,4176.0,7518.666666666667,7876.166666666667,2
2025-06-01,P002,R03,7994,2025,6,30,1817.0,4693.0,10427.0,13454.0,3755.0,5645.666666666667,6988.0,2
2025-07-01,P002,R03,6384,2025,7,31,7994.0,1817.0,4693.0,4101.0,8810.0,4834.666666666667,6078.0,3
2025-08-01,P002,R03,5717,2025,8,32,6384.0,7994.0,1817.0,7436.0,6133.0,5398.333333333333,6458.5,3
2025-09-01,P002,R03,9572,2025,9,33,5717.0,6384.0,7994.0,10427.0,5169.0,6698.333333333333,6172.0,3
2025-10-01,P002,R03,7424,2025,10,34,9572.0,5717.0,6384.0,4693.0,6735.0,7224.333333333333,6029.5,4
2025-11-01,P002,R03,3973,2025,11,35,7424.0,9572.0,5717.0,1817.0,7146.0,7571.0,6484.666666666667,4
2025-12-01,P002,R03,8411,2025,12,36,3973.0,7424.0,9572.0,7994.0,13454.0,6989.666666666667,6844.0,4
2023-01-01,P002,R04,17017,2023,1,1,,,,,,,,1
2023-02-01,P002,R04,6630,2023,2,2,17017.0,,,,,,,1
2023-03-01,P002,R04,6061,2023,3,3,6630.0,17017.0,,,,,,1
2023-04-01,P002,R04,9228,2023,4,4,6061.0,6630.0,17017.0,,,9902.666666666666,,2
2023-05-01,P002,R04,9313,2023,5,5,9228.0,6061.0,6630.0,,,7306.333333333333,,2
2023-06-01,P002,R04,10080,2023,6,6,9313.0,9228.0,6061.0,,,8200.666666666666,,2
2023-07-01,P002,R04,12680,2023,7,7,10080.0,9313.0,9228.0,17017.0,,9540.333333333334,9721.5,3
2023-08-01,P002,R04,4951,2023,8,8,12680.0,10080.0,9313.0,6630.0,,10691.0,8998.666666666666,3
2023-09-01,P002,R04,12204,2023,9,9,4951.0,12680.0,10080.0,6061.0,,9237.0,8718.833333333334,3
2023-10-01,P002,R04,20471,2023,10,10,12204.0,4951.0,12680.0,9228.0,,9945.0,9742.666666666666,4
2023-11-01,P002,R04,18381,2023,11,11,20471.0,12204.0,4951.0,9313.0,,12542.0,11616.5,4
2023-12-01,P002,R04,16410,2023,12,12,18381.0,20471.0,12204.0,10080.0,,17018.666666666668,13127.833333333334,4
2024-01-01,P002,R04,7893,2024,1,13,16410.0,18381.0,20471.0,12680.0,17017.0,18420.666666666668,14182.833333333334,1
2024-02-01,P002,R04,13364,2024,2,14,7893.0,16410.0,18381.0,4951.0,6630.0,14228.0,13385.0,1
2024-03-01,P002,R04,12611,2024,3,15,13364.0,7893.0,16410.0,12204.0,6061.0,12555.666666666666,14787.166666666666,1
2024-04-01,P002,R04,8125,2024,4,16,12611.0,13364.0,7893.0,20471.0,9228.0,11289.333333333334,14855.0,2
2024-05-01,P002,R04,12129,2024,5,17,8125.0,12611.0,13364.0,18381.0,9313.0,11366.666666666666,12797.333333333334,2
2024-06-01,P002,R04,16515,2024,6,18,12129.0,8125.0,12611.0,16410.0,10080.0,10955.0,11755.333333333334,2
2024-07-01,P002,R04,13114,2024,7,19,16515.0,12129.0,8125.0,7893.0,12680.0,12256.333333333334,11772.833333333334,3
2024-08-01,P002,R04,7445,2024,8,20,13114.0,16515.0,12129.0,13364.0,4951.0,13919.333333333334,12643.0,3
2024-09-01,P002,R04,6505,2024,9,21,7445.0,13114.0,16515.0,12611.0,12204.0,12358.0,11656.5,3
2024-10-01,P002,R04,20640,2024,10,22,6505.0,7445.0,13114.0,8125.0,20471.0,9021.333333333334,10638.833333333334,4
2024-11-01,P002,R04,20301,2024,11,23,20640.0,6505.0,7445.0,12129.0,18381.0,11530.0,12724.666666666666,4
2024-12-01,P002,R04,9995,2024,12,24,20301.0,20640.0,6505.0,16515.0,16410.0,15815.333333333334,14086.666666666666,4
2025-01-01,P002,R04,18225,2025,1,25,9995.0,20301.0,20640.0,13114.0,7893.0,16978.666666666668,13000.0,1
2025-02-01,P002,R04,13398,2025,2,26,18225.0,9995.0,20301.0,7445.0,13364.0,16173.666666666666,13851.833333333334,1
2025-03-01,P002,R04,15148,2025,3,27,13398.0,18225.0,9995.0,6505.0,12611.0,13872.666666666666,14844.0,1
2025-04-01,P002,R04,14268,2025,4,28,15148.0,13398.0,18225.0,20640.0,8125.0,15590.333333333334,16284.5,2
2025-05-01,P002,R04,15072,2025,5,29,14268.0,15148.0,13398.0,20301.0,12129.0,14271.333333333334,15222.5,2
2025-06-01,P002,R04,13792,2025,6,30,15072.0,14268.0,15148.0,9995.0,16515.0,14829.333333333334,14351.0,2
2025-07-01,P002,R04,15238,2025,7,31,13792.0,15072.0,14268.0,18225.0,13114.0,14377.333333333334,14983.833333333334,3
2025-08-01,P002,R04,6928,2025,8,32,15238.0,13792.0,15072.0,13398.0,7445.0,14700.666666666666,14486.0,3
2025-09-01,P002,R04,13134,2025,9,33,6928.0,15238.0,13792.0,15148.0,6505.0,11986.0,13407.666666666666,3
2025-10-01,P002,R04,18955,2025,10,34,13134.0,6928.0,15238.0,14268.0,20640.0,11766.666666666666,13072.0,4
2025-11-01,P002,R04,11941,2025,11,35,18955.0,13134.0,6928.0,15072.0,20301.0,13005.666666666666,13853.166666666666,4
2025-12-01,P002,R04,13483,2025,12,36,11941.0,18955.0,13134.0,13792.0,9995.0,14676.666666666666,13331.333333333334,4
2023-01-01,P003,R01,7511,2023,1,1,,,,,,,,1
2023-02-01,P003,R01,3087,2023,2,2,7511.0,,,,,,,1
2023-03-01,P003,R01,4540,2023,3,3,3087.0,7511.0,,,,,,1
2023-04-01,P003,R01,6950,2023,4,4,4540.0,3087.0,7511.0,,,5046.0,,2
2023-05-01,P003,R01,10269,2023,5,5,6950.0,4540.0,3087.0,,,4859.0,,2
2023-06-01,P003,R01,3326,2023,6,6,10269.0,6950.0,4540.0,,,7253.0,,2
2023-07-01,P003,R01,8636,2023,7,7,3326.0,10269.0,6950.0,7511.0,,6848.333333333333,5947.166666666667,3
2023-08-01,P003,R01,11356,2023,8,8,8636.0,3326.0,10269.0,3087.0,,7410.333333333333,6134.666666666667,3
2023-09-01,P003,R01,5789,2023,9,9,11356.0,8636.0,3326.0,4540.0,,7772.666666666667,7512.833333333333,3
2023-10-01,P003,R01,4794,2023,10,10,5789.0,11356.0,8636.0,6950.0,,8593.666666666666,7721.0,4
2023-11-01,P003,R01,4360,2023,11,11,4794.0,5789.0,11356.0,10269.0,,7313.0,7361.666666666667,4
2023-12-01,P003,R01,9592,2023,12,12,4360.0,4794.0,5789.0,3326.0,,4981.0,6376.833333333333,4
2024-01-01,P003,R01,6683,2024,1,13,9592.0,4360.0,4794.0,8636.0,7511.0,6248.666666666667,7421.166666666667,1
2024-02-01,P003,R01,7378,2024,2,14,6683.0,9592.0,4360.0,11356.0,3087.0,6878.333333333333,7095.666666666667,1
2024-03-01,P003,R01,8005,2024,3,15,7378.0,6683.0,9592.0,5789.0,4540.0,7884.333333333333,6432.666666666667,1
2024-04-01,P003,R01,7092,2024,4,16,8005.0,7378.0,6683.0,4794.0,6950.0,7355.333333333333,6802.0,2
2024-05-01,P003,R01,6864,2024,5,17,7092.0,8005.0,7378.0,4360.0,10269.0,7491.666666666667,7185.0,2
2024-06-01,P003,R01,2623,2024,6,18,6864.0,7092.0,8005.0,9592.0,3326.0,7320.333333333333,7602.333333333333,2
2024-07-01,P003,R01,12481,2024,7,19,2623.0,6864.0,7092.0,6683.0,8636.0,5526.333333333333,6440.833333333333,3
2024-08-01,P003,R01,7571,2024,8,20,12481.0,2623.0,6864.0,7378.0,11356.0,7322.666666666667,7407.166666666667,3
2024-09-01,P003,R01,3887,2024,9,21,7571.0,12481.0,2623.0,8005.0,5789.0,7558.333333333333,7439.333333333333,3
2024-10-01,P003,R01,9982,2024,10,22,3887.0,7571.0,12481.0,7092.0,4794.0,7979.666666666667,6753.0,4
2024-11-01,P003,R01,8489,2024,11,23,9982.0,3887.0,7571.0,6864.0,4360.0,7146.666666666667,7234.666666666667,4
2024-12-01,P003,R01,10437,2024,12,24,8489.0,9982.0,3887.0,2623.0,9592.0,7452.666666666667,7505.5,4
2025-01-01,P003,R01,11772,2025,1,25,10437.0,8489.0,9982.0,12481.0,6683.0,9636.0,8807.833333333334,1
2025-02-01,P003,R01,10346,2025,2,26,11772.0,10437.0,8489.0,7571.0,7378.0,10232.666666666666,8689.666666666666,1
2025-03-01,P003,R01,11300,2025,3,27,10346.0,11772.0,10437.0,3887.0,8005.0,10851.666666666666,9152.166666666666,1
2025-04-01,P003,R01,6650,2025,4,28,11300.0,10346.0,11772.0,9982.0,7092.0,11139.333333333334,10387.666666666666,2
2025-05-01,P003,R01,9961,2025,5,29,6650.0,11300.0,10346.0,8489.0,6864.0,9432.0,9832.333333333334,2
2025-06-01,P003,R01,8768,2025,6,30,9961.0,6650.0,11300.0,10437.0,2623.0,9303.666666666666,10077.666666666666,2
2025-07-01,P003,R01,13162,2025,7,31,8768.0,9961.0,6650.0,11772.0,12481.0,8459.666666666666,9799.5,3
2025-08-01,P003,R01,5048,2025,8,32,13162.0,8768.0,9961.0,10346.0,7571.0,10630.333333333334,10031.166666666666,3
2025-09-01,P003,R01,9613,2025,9,33,5048.0,13162.0,8768.0,11300.0,3887.0,8992.666666666666,9148.166666666666,3
2025-10-01,P003,R01,13679,2025,10,34,9613.0,5048.0,13162.0,6650.0,9982.0,9274.333333333334,8867.0,4
2025-11-01,P003,R01,10407,2025,11,35,13679.0,9613.0,5048.0,9961.0,8489.0,9446.666666666666,10038.5,4
2025-12-01,P003,R01,9317,2025,12,36,10407.0,13679.0,9613.0,8768.0,10437.0,11233.0,10112.833333333334,4
2023-01-01,P003,R02,6622,2023,1,1,,,,,,,,1
2023-02-01,P003,R02,9911,2023,2,2,6622.0,,,,,,,1
2023-03-01,P003,R02,12564,2023,3,3,9911.0,6622.0,,,,,,1
2023-04-01,P003,R02,11109,2023,4,4,12564.0,9911.0,6622.0,,,9699.0,,2
2023-05-01,P003,R02,6960,2023,5,5,11109.0,12564.0,9911.0,,,11194.666666666666,,2
2023-06-01,P003,R02,8951,2023,6,6,6960.0,11109.0,12564.0,,,10211.0,,2
2023-07-01,P003,R02,15834,2023,7,7,8951.0,6960.0,11109.0,6622.0,,9006.666666666666,9352.833333333334,3
2023-08-01,P003,R02,10073,2023,8,8,15834.0,8951.0,6960.0,9911.0,,10581.666666666666,10888.166666666666,3
2023-09-01,P003,R02,7909,2023,9,9,10073.0,15834.0,8951.0,12564.0,,11619.333333333334,10915.166666666666,3
2023-10-01,P003,R02,10455,2023,10,10,7909.0,10073.0,15834.0,11109.0,,11272.0,10139.333333333334,4
2023-11-01,P003,R02,8483,2023,11,11,10455.0,7909.0,10073.0,6960.0,,9479.0,10030.333333333334,4
2023-12-01,P003,R02,8193,2023,12,12,8483.0,10455.0,7909.0,8951.0,,8949.0,10284.166666666666,4
2024-01-01,P003,R02,12196,2024,1,13,8193.0,8483.0,10455.0,15834.0,6622.0,9043.666666666666,10157.833333333334,1
2024-02-01,P003,R02,11291,2024,2,14,12196.0,8193.0,8483.0,10073.0,9911.0,9624.0,9551.5,1
2024-03-01,P003,R02,9761,2024,3,15,11291.0,12196.0,8193.0,7909.0,12564.0,10560.0,9754.5,1
2024-04-01,P003,R02,11105,2024,4,16,9761.0,11291.0,12196.0,10455.0,11109.0,11082.666666666666,10063.166666666666,2
2024-05-01,P003,R02,16086,2024,5,17,11105.0,9761.0,11291.0,8483.0,6960.0,10719.0,10171.5,2
2024-06-01,P003,R02,11164,2024,6,18,16086.0,11105.0,9761.0,8193.0,8951.0,12317.333333333334,11438.666666666666,2
2024-07-01,P003,R02,10329,2024,7,19,11164.0,16086.0,11105.0,12196.0,15834.0,12785.0,11933.833333333334,3
2024-08-01,P003,R02,11057,2024,8,20,10329.0,11164.0,16086.0,11291.0,10073.0,12526.333333333334,11622.666666666666,3
2024-09-01,P003,R02,12162,2024,9,21,11057.0,10329.0,11164.0,9761.0,7909.0,10850.0,11583.666666666666,3
2024-10-01,P003,R02,14130,2024,10,22,12162.0,11057.0,10329.0,11105.0,10455.0,11182.666666666666,11983.833333333334,4
2024-11-01,P003,R02,7583,2024,11,23,14130.0,12162.0,11057.0,16086.0,8483.0,12449.666666666666,12488.0,4
2024-12-01,P003,R02,15439,2024,12,24,7583.0,14130.0,12162.0,11164.0,8193.0,11291.666666666666,11070.833333333334,4
2025-01-01,P003,R02,15134,2025,1,25,15439.0,7583.0,14130.0,10329.0,12196.0,12384.0,11783.333333333334,1
2025-02-01,P003,R02,15534,2025,2,26,15134.0,15439.0,7583.0,11057.0,11291.0,12718.666666666666,12584.166666666666,1
2025-03-01,P003,R02,11379,2025,3,27,15534.0,15134.0,15439.0,12162.0,9761.0,15369.0,13330.333333333334,1
2025-04-01,P003,R02,5484,2025,4,28,11379.0,15534.0,15134.0,14130.0,11105.0,14015.666666666666,13199.833333333334,2
2025-05-01,P003,R02,16713,2025,5,29,5484.0,11379.0,15534.0,7583.0,16086.0,10799.0,11758.833333333334,2
2025-06-01,P003,R02,12348,2025,6,30,16713.0,5484.0,11379.0,15439.0,11164.0,11192.0,13280.5,2
2025-07-01,P003,R02,14929,2025,7,31,12348.0,16713.0,5484.0,15134.0,10329.0,11515.0,12765.333333333334,3
2025-08-01,P003,R02,8786,2025,8,32,14929.0,12348.0,16713.0,15534.0,11057.0,14663.333333333334,12731.166666666666,3
2025-09-01,P003,R02,17143,2025,9,33,8786.0,14929.0,12348.0,11379.0,12162.0,12021.0,11606.5,3
2025-10-01,P003,R02,20362,2025,10,34,17143.0,8786.0,14929.0,5484.0,14130.0,13619.333333333334,12567.166666666666,4
2025-11-01,P003,R02,7785,2025,11,35,20362.0,17143.0,8786.0,16713.0,7583.0,15430.333333333334,15046.833333333334,4
2025-12-01,P003,R02,10879,2025,12,36,7785.0,20362.0,17143.0,12348.0,15439.0,15096.666666666666,13558.833333333334,4
2023-01-01,P003,R03,3054,2023,1,1,,,,,,,,1
2023-02-01,P003,R03,8033,2023,2,2,3054.0,,,,,,,1
2023-03-01,P003,R03,11001,2023,3,3,8033.0,3054.0,,,,,,1
2023-04-01,P003,R03,5860,2023,4,4,11001.0,8033.0,3054.0,,,7362.666666666667,,2
2023-05-01,P003,R03,2135,2023,5,5,5860.0,11001.0,8033.0,,,8298.0,,2
2023-06-01,P003,R03,1257,2023,6,6,2135.0,5860.0,11001.0,,,6332.0,,2
2023-07-01,P003,R03,979,2023,7,7,1257.0,2135.0,5860.0,3054.0,,3084.0,5223.333333333333,3
2023-08-01,P003,R03,6635,2023,8,8,979.0,1257.0,2135.0,8033.0,,1457.0,4877.5,3
2023-09-01,P003,R03,2196,2023,9,9,6635.0,979.0,1257.0,11001.0,,2957.0,4644.5,3
2023-10-01,P003,R03,6182,2023,10,10,2196.0,6635.0,979.0,5860.0,,3270.0,3177.0,4
2023-11-01,P003,R03,6310,2023,11,11,6182.0,2196.0,6635.0,2135.0,,5004.333333333333,3230.6666666666665,4
2023-12-01,P003,R03,9263,2023,12,12,6310.0,6182.0,2196.0,1257.0,,4896.0,3926.5,4
2024-01-01,P003,R03,12207,2024,1,13,9263.0,6310.0,6182.0,979.0,3054.0,7251.666666666667,5260.833333333333,1
2024-02-01,P003,R03,4799,2024,2,14,12207.0,9263.0,6310.0,6635.0,8033.0,9260.0,7132.166666666667,1
2024-03-01,P003,R03,7753,2024,3,15,4799.0,12207.0,9263.0,2196.0,11001.0,8756.333333333334,6826.166666666667,1
2024-04-01,P003,R03,8320,2024,4,16,7753.0,4799.0,12207.0,6182.0,5860.0,8253.0,7752.333333333333,2
2024-05-01,P003,R03,3727,2024,5,17,8320.0,7753.0,4799.0,6310.0,2135.0,6957.333333333333,8108.666666666667,2
2024-06-01,P003,R03,3413,2024,6,18,3727.0,8320.0,7753.0,9263.0,1257.0,6600.0,7678.166666666667,2
2024-07-01,P003,R03,11838,2024,7,19,3413.0,3727.0,8320.0,12207.0,979.0,5153.333333333333,6703.166666666667,3
2024-08-01,P003,R03,4697,2024,8,20,11838.0,3413.0,3727.0,4799.0,6635.0,6326.0,6641.666666666667,3
2024-09-01,P003,R03,10891,2024,9,21,4697.0,11838.0,3413.0,7753.0,2196.0,6649.333333333333,6624.666666666667,3
2024-10-01,P003,R03,13778,2024,10,22,10891.0,4697.0,11838.0,8320.0,6182.0,9142.0,7147.666666666667,4
2024-11-01,P003,R03,11213,2024,11,23,13778.0,10891.0,4697.0,3727.0,6310.0,9788.666666666666,8057.333333333333,4
2024-12-01,P003,R03,7723,2024,12,24,11213.0,13778.0,10891.0,3413.0,9263.0,11960.666666666666,9305.0,4
2025-01-01,P003,R03,7995,2025,1,25,7723.0,11213.0,13778.0,11838.0,12207.0,10904.666666666666,10023.333333333334,1
2025-02-01,P003,R03,9079,2025,2,26,7995.0,7723.0,11213.0,4697.0,4799.0,8977.0,9382.833333333334,1
2025-03-01,P003,R03,9807,2025,3,27,9079.0,7995.0,7723.0,10891.0,7753.0,8265.666666666666,10113.166666666666,1
2025-04-01,P003,R03,4239,2025,4,28,9807.0,9079.0,7995.0,13778.0,8320.0,8960.333333333334,9932.5,2
2025-05-01,P003,R03,8771,2025,5,29,4239.0,9807.0,9079.0,11213.0,3727.0,7708.333333333333,8342.666666666666,2
2025-06-01,P003,R03,7295,2025,6,30,8771.0,4239.0,9807.0,7723.0,3413.0,7605.666666666667,7935.666666666667,2
2025-07-01,P003,R03,3146,2025,7,31,7295.0,8771.0,4239.0,7995.0,11838.0,6768.333333333333,7864.333333333333,3
2025-08-01,P003,R03,7063,2025,8,32,3146.0,7295.0,8771.0,9079.0,4697.0,6404.0,7056.166666666667,3
2025-09-01,P003,R03,7599,2025,9,33,7063.0,3146.0,7295.0,9807.0,10891.0,5834.666666666667,6720.166666666667,3
2025-10-01,P003,R03,6281,2025,10,34,7599.0,7063.0,3146.0,4239.0,13778.0,5936.0,6352.166666666667,4
2025-11-01,P003,R03,6199,2025,11,35,6281.0,7599.0,7063.0,8771.0,11213.0,6981.0,6692.5,4
2025-12-01,P003,R03,7006,2025,12,36,6199.0,6281.0,7599.0,7295.0,7723.0,6693.0,6263.833333333333,4
2023-01-01,P003,R04,16977,2023,1,1,,,,,,,,1
2023-02-01,P003,R04,12112,2023,2,2,16977.0,,,,,,,1
2023-03-01,P003,R04,12210,2023,3,3,12112.0,16977.0,,,,,,1
2023-04-01,P003,R04,16666,2023,4,4,12210.0,12112.0,16977.0,,,13766.333333333334,,2
2023-05-01,P003,R04,10844,2023,5,5,16666.0,12210.0,12112.0,,,13662.666666666666,,2
2023-06-01,P003,R04,9007,2023,6,6,10844.0,16666.0,12210.0,,,13240.0,,2
2023-07-01,P003,R04,11687,2023,7,7,9007.0,10844.0,16666.0,16977.0,,12172.333333333334,12969.333333333334,3
2023-08-01,P003,R04,12649,2023,8,8,11687.0,9007.0,10844.0,12112.0,,10512.666666666666,12087.666666666666,3
2023-09-01,P003,R04,11995,2023,9,9,12649.0,11687.0,9007.0,12210.0,,11114.333333333334,12177.166666666666,3
2023-10-01,P003,R04,18189,2023,10,10,11995.0,12649.0,11687.0,16666.0,,12110.333333333334,12141.333333333334,4
2023-11-01,P003,R04,12667,2023,11,11,18189.0,11995.0,12649.0,10844.0,,14277.666666666666,12395.166666666666,4
2023-12-01,P003,R04,20386,2023,12,12,12667.0,18189.0,11995.0,9007.0,,14283.666666666666,12699.0,4
2024-01-01,P003,R04,13130,2024,1,13,20386.0,12667.0,18189.0,11687.0,16977.0,17080.666666666668,14595.5,1
2024-02-01,P003,R04,8909,2024,2,14,13130.0,20386.0,12667.0,12649.0,12112.0,15394.333333333334,14836.0,1
2024-03-01,P003,R04,12989,2024,3,15,8909.0,13130.0,20386.0,11995.0,12210.0,14141.666666666666,14212.666666666666,1
2024-04-01,P003,R04,20946,2024,4,16,12989.0,8909.0,13130.0,18189.0,16666.0,11676.0,14378.333333333334,2
2024-05-01,P003,R04,19730,2024,5,17,20946.0,12989.0,8909.0,12667.0,10844.0,14281.333333333334,14837.833333333334,2
2024-06-01,P003,R04,10444,2024,6,18,19730.0,20946.0,12989.0,20386.0,9007.0,17888.333333333332,16015.0,2
2024-07-01,P003,R04,16523,2024,7,19,10444.0,19730.0,20946.0,13130.0,11687.0,17040.0,14358.0,3
2024-08-01,P003,R04,22816,2024,8,20,16523.0,10444.0,19730.0,8909.0,12649.0,15565.666666666666,14923.5,3
2024-09-01,P003,R04,16385,2024,9,21,22816.0,16523.0,10444.0,12989.0,11995.0,16594.333333333332,17241.333333333332,3
2024-10-01,P003,R04,19374,2024,10,22,16385.0,22816.0,16523.0,20946.0,18189.0,18574.666666666668,17807.333333333332,4
2024-11-01,P003,R04,10627,2024,11,23,19374.0,16385.0,22816.0,19730.0,12667.0,19525.0,17545.333333333332,4
2024-12-01,P003,R04,26700,2024,12,24,10627.0,19374.0,16385.0,10444.0,20386.0,15462.0,16028.166666666666,4
2025-01-01,P003,R04,20889,2025,1,25,26700.0,10627.0,19374.0,16523.0,13130.0,18900.333333333332,18737.5,1
2025-02-01,P003,R04,18308,2025,2,26,20889.0,26700.0,10627.0,22816.0,8909.0,19405.333333333332,19465.166666666668,1
2025-03-01,P003,R04,11651,2025,3,27,18308.0,20889.0,26700.0,16385.0,12989.0,21965.666666666668,18713.833333333332,1
2025-04-01,P003,R04,7338,2025,4,28,11651.0,18308.0,20889.0,19374.0,20946.0,16949.333333333332,17924.833333333332,2
2025-05-01,P003,R04,18229,2025,5,29,7338.0,11651.0,18308.0,10627.0,19730.0,12432.333333333334,15918.833333333334,2
2025-06-01,P003,R04,22398,2025,6,30,18229.0,7338.0,11651.0,26700.0,10444.0,12406.0,17185.833333333332,2
2025-07-01,P003,R04,31424,2025,7,31,22398.0,18229.0,7338.0,20889.0,16523.0,15988.333333333334,16468.833333333332,3
2025-08-01,P003,R04,13825,2025,8,32,31424.0,22398.0,18229.0,18308.0,22816.0,24017.0,18224.666666666668,3
2025-09-01,P003,R04,17786,2025,9,33,13825.0,31424.0,22398.0,11651.0,16385.0,22549.0,17477.5,3
2025-10-01,P003,R04,26405,2025,10,34,17786.0,13825.0,31424.0,7338.0,19374.0,21011.666666666668,18500.0,4
2025-11-01,P003,R04,17350,2025,11,35,26405.0,17786.0,13825.0,18229.0,10627.0,19338.666666666668,21677.833333333332,4
2025-12-01,P003,R04,11942,2025,12,36,17350.0,26405.0,17786.0,22398.0,26700.0,20513.666666666668,21531.333333333332,4
2023-01-01,P004,R01,1280,2023,1,1,,,,,,,,1
2023-02-01,P004,R01,15429,2023,2,2,1280.0,,,,,,,1
2023-03-01,P004,R01,9047,2023,3,3,15429.0,1280.0,,,,,,1
2023-04-01,P004,R01,6902,2023,4,4,9047.0,15429.0,1280.0,,,8585.333333333334,,2
2023-05-01,P004,R01,7644,2023,5,5,6902.0,9047.0,15429.0,,,10459.333333333334,,2
2023-06-01,P004,R01,5696,2023,6,6,7644.0,6902.0,9047.0,,,7864.333333333333,,2
2023-07-01,P004,R01,7469,2023,7,7,5696.0,7644.0,6902.0,1280.0,,6747.333333333333,7666.333333333333,3
2023-08-01,P004,R01,3286,2023,8,8,7469.0,5696.0,7644.0,15429.0,,6936.333333333333,8697.833333333334,3
2023-09-01,P004,R01,6768,2023,9,9,3286.0,7469.0,5696.0,9047.0,,5483.666666666667,6674.0,3
2023-10-01,P004,R01,11380,2023,10,10,6768.0,3286.0,7469.0,6902.0,,5841.0,6294.166666666667,4
2023-11-01,P004,R01,4626,2023,11,11,11380.0,6768.0,3286.0,7644.0,,7144.666666666667,7040.5,4
2023-12-01,P004,R01,12919,2023,12,12,4626.0,11380.0,6768.0,5696.0,,7591.333333333333,6537.5,4
2024-01-01,P004,R01,4491,2024,1,13,12919.0,4626.0,11380.0,7469.0,1280.0,9641.666666666666,7741.333333333333,1
2024-02-01,P004,R01,6931,2024,2,14,4491.0,12919.0,4626.0,3286.0,15429.0,7345.333333333333,7245.0,1
2024-03-01,P004,R01,5326,2024,3,15,6931.0,4491.0,12919.0,6768.0,9047.0,8113.666666666667,7852.5,1
2024-04-01,P004,R01,9286,2024,4,16,5326.0,6931.0,4491.0,11380.0,6902.0,5582.666666666667,7612.166666666667,2
2024-05-01,P004,R01,11598,2024,5,17,9286.0,5326.0,6931.0,4626.0,7644.0,7181.0,7263.166666666667,2
2024-06-01,P004,R01,4024,2024,6,18,11598.0,9286.0,5326.0,12919.0,5696.0,8736.666666666666,8425.166666666666,2
2024-07-01,P004,R01,6748,2024,7,19,4024.0,11598.0,9286.0,4491.0,7469.0,8302.666666666666,6942.666666666667,3
2024-08-01,P004,R01,7324,2024,8,20,6748.0,4024.0,11598.0,6931.0,3286.0,7456.666666666667,7318.833333333333,3
2024-09-01,P004,R01,8407,2024,9,21,7324.0,6748.0,4024.0,5326.0,6768.0,6032.0,7384.333333333333,3
2024-10-01,P004,R01,11569,2024,10,22,8407.0,7324.0,6748.0,9286.0,11380.0,7493.0,7897.833333333333,4
2024-11-01,P004,R01,2878,2024,11,23,11569.0,8407.0,7324.0,11598.0,4626.0,9100.0,8278.333333333334,4
2024-12-01,P004,R01,3566,2024,12,24,2878.0,11569.0,8407.0,4024.0,12919.0,7618.0,6825.0,4
2025-01-01,P004,R01,7754,2025,1,25,3566.0,2878.0,11569.0,6748.0,4491.0,6004.333333333333,6748.666666666667,1
2025-02-01,P004,R01,7343,2025,2,26,7754.0,3566.0,2878.0,7324.0,6931.0,4732.666666666667,6916.333333333333,1
2025-03-01,P004,R01,4743,2025,3,27,7343.0,7754.0,3566.0,8407.0,5326.0,6221.0,6919.5,1
2025-04-01,P004,R01,1505,2025,4,28,4743.0,7343.0,7754.0,11569.0,9286.0,6613.333333333333,6308.833333333333,2
2025-05-01,P004,R01,7201,2025,5,29,1505.0,4743.0,7343.0,2878.0,11598.0,4530.333333333333,4631.5,2
2025-06-01,P004,R01,4848,2025,6,30,7201.0,1505.0,4743.0,3566.0,4024.0,4483.0,5352.0,2
2025-07-01,P004,R01,6644,2025,7,31,4848.0,7201.0,1505.0,7754.0,6748.0,4518.0,5565.666666666667,3
2025-08-01,P004,R01,5179,2025,8,32,6644.0,4848.0,7201.0,7343.0,7324.0,6231.0,5380.666666666667,3
2025-09-01,P004,R01,8446,2025,9,33,5179.0,6644.0,4848.0,4743.0,8407.0,5557.0,5020.0,3
2025-10-01,P004,R01,6971,2025,10,34,8446.0,5179.0,6644.0,1505.0,11569.0,6756.333333333333,5637.166666666667,4
2025-11-01,P004,R01,128,2025,11,35,6971.0,8446.0,5179.0,7201.0,2878.0,6865.333333333333,6548.166666666667,4
2025-12-01,P004,R01,1658,2025,12,36,128.0,6971.0,8446.0,4848.0,3566.0,5181.666666666667,5369.333333333333,4
2023-01-01,P004,R02,6037,2023,1,1,,,,,,,,1
2023-02-01,P004,R02,5837,2023,2,2,6037.0,,,,,,,1
2023-03-01,P004,R02,5444,2023,3,3,5837.0,6037.0,,,,,,1
2023-04-01,P004,R02,16968,2023,4,4,5444.0,5837.0,6037.0,,,5772.666666666667,,2
2023-05-01,P004,R02,5630,2023,5,5,16968.0,5444.0,5837.0,,,9416.333333333334,,2
2023-06-01,P004,R02,9263,2023,6,6,5630.0,16968.0,5444.0,,,9347.333333333334,,2
2023-07-01,P004,R02,4851,2023,7,7,9263.0,5630.0,16968.0,6037.0,,10620.333333333334,8196.5,3
2023-08-01,P004,R02,6129,2023,8,8,4851.0,9263.0,5630.0,5837.0,,6581.333333333333,7998.833333333333,3
2023-09-01,P004,R02,5692,2023,9,9,6129.0,4851.0,9263.0,5444.0,,6747.666666666667,8047.5,3
2023-10-01,P004,R02,14842,2023,10,10,5692.0,6129.0,4851.0,16968.0,,5557.333333333333,8088.833333333333,4
2023-11-01,P004,R02,16275,2023,11,11,14842.0,5692.0,6129.0,5630.0,,8887.666666666666,7734.5,4
2023-12-01,P004,R02,15419,2023,12,12,16275.0,14842.0,5692.0,9263.0,,12269.666666666666,9508.666666666666,4
2024-01-01,P004,R02,8158,2024,1,13,15419.0,16275.0,14842.0,4851.0,6037.0,15512.0,10534.666666666666,1
2024-02-01,P004,R02,5114,2024,2,14,8158.0,15419.0,16275.0,6129.0,5837.0,13284.0,11085.833333333334,1
2024-03-01,P004,R02,8113,2024,3,15,5114.0,8158.0,15419.0,5692.0,5444.0,9563.666666666666,10916.666666666666,1
2024-04-01,P004,R02,6912,2024,4,16,8113.0,5114.0,8158.0,14842.0,16968.0,7128.333333333333,11320.166666666666,2
2024-05-01,P004,R02,8880,2024,5,17,6912.0,8113.0,5114.0,16275.0,5630.0,6713.0,9998.5,2
2024-06-01,P004,R02,9857,2024,6,18,8880.0,6912.0,8113.0,15419.0,9263.0,7968.333333333333,8766.0,2
2024-07-01,P004,R02,7494,2024,7,19,9857.0,8880.0,6912.0,8158.0,4851.0,8549.666666666666,7839.0,3
2024-08-01,P004,R02,9912,2024,8,20,7494.0,9857.0,8880.0,5114.0,6129.0,8743.666666666666,7728.333333333333,3
2024-09-01,P004,R02,11895,2024,9,21,9912.0,7494.0,9857.0,8113.0,5692.0,9087.666666666666,8528.0,3
2024-10-01,P004,R02,9252,2024,10,22,11895.0,9912.0,7494.0,6912.0,14842.0,9767.0,9158.333333333334,4
2024-11-01,P004,R02,7128,2024,11,23,9252.0,11895.0,9912.0,8880.0,16275.0,10353.0,9548.333333333334,4
2024-12-01,P004,R02,2731,2024,12,24,7128.0,9252.0,11895.0,9857.0,15419.0,9425.0,9256.333333333334,4
2025-01-01,P004,R02,4705,2025,1,25,2731.0,7128.0,9252.0,7494.0,8158.0,6370.333333333333,8068.666666666667,1
2025-02-01,P004,R02,8662,2025,2,26,4705.0,2731.0,7128.0,9912.0,5114.0,4854.666666666667,7603.833333333333,1
2025-03-01,P004,R02,3898,2025,3,27,8662.0,4705.0,2731.0,11895.0,8113.0,5366.0,7395.5,1
2025-04-01,P004,R02,8543,2025,4,28,3898.0,8662.0,4705.0,9252.0,6912.0,5755.0,6062.666666666667,2
2025-05-01,P004,R02,10646,2025,5,29,8543.0,3898.0,8662.0,7128.0,8880.0,7034.333333333333,5944.5,2
2025-06-01,P004,R02,6330,2025,6,30,10646.0,8543.0,3898.0,2731.0,9857.0,7695.666666666667,6530.833333333333,2
2025-07-01,P004,R02,7104,2025,7,31,6330.0,10646.0,8543.0,4705.0,7494.0,8506.333333333334,7130.666666666667,3
2025-08-01,P004,R02,16181,2025,8,32,7104.0,6330.0,10646.0,8662.0,9912.0,8026.666666666667,7530.5,3
2025-09-01,P004,R02,9286,2025,9,33,16181.0,7104.0,6330.0,3898.0,11895.0,9871.666666666666,8783.666666666666,3
2025-10-01,P004,R02,9976,2025,10,34,9286.0,16181.0,7104.0,8543.0,9252.0,10857.0,9681.666666666666,4
2025-11-01,P004,R02,3906,2025,11,35,9976.0,9286.0,16181.0,10646.0,7128.0,11814.333333333334,9920.5,4
2025-12-01,P004,R02,9544,2025,12,36,3906.0,9976.0,9286.0,6330.0,2731.0,7722.666666666667,8797.166666666666,4
2023-01-01,P004,R03,7559,2023,1,1,,,,,,,,1
2023-02-01,P004,R03,6343,2023,2,2,7559.0,,,,,,,1
2023-03-01,P004,R03,6762,2023,3,3,6343.0,7559.0,,,,,,1
2023-04-01,P004,R03,3743,2023,4,4,6762.0,6343.0,7559.0,,,6888.0,,2
2023-05-01,P004,R03,7071,2023,5,5,3743.0,6762.0,6343.0,,,5616.0,,2
2023-06-01,P004,R03,5619,2023,6,6,7071.0,3743.0,6762.0,,,5858.666666666667,,2
2023-07-01,P004,R03,2338,2023,7,7,5619.0,7071.0,3743.0,7559.0,,5477.666666666667,6182.833333333333,3
2023-08-01,P004,R03,7984,2023,8,8,2338.0,5619.0,7071.0,6343.0,,5009.333333333333,5312.666666666667,3
2023-09-01,P004,R03,8456,2023,9,9,7984.0,2338.0,5619.0,6762.0,,5313.666666666667,5586.166666666667,3
2023-10-01,P004,R03,3884,2023,10,10,8456.0,7984.0,2338.0,3743.0,,6259.333333333333,5868.5,4
2023-11-01,P004,R03,12962,2023,11,11,3884.0,8456.0,7984.0,7071.0,,6774.666666666667,5892.0,4
2023-12-01,P004,R03,4061,2023,12,12,12962.0,3884.0,8456.0,5619.0,,8434.0,6873.833333333333,4
2024-01-01,P004,R03,0,2024,1,13,4061.0,12962.0,3884.0,2338.0,7559.0,6969.0,6614.166666666667,1
2024-02-01,P004,R03,6925,2024,2,14,0.0,4061.0,12962.0,7984.0,6343.0,5674.333333333333,6224.5,1
2024-03-01,P004,R03,3681,2024,3,15,6925.0,0.0,4061.0,8456.0,6762.0,3662.0,6048.0,1
2024-04-01,P004,R03,2323,2024,4,16,3681.0,6925.0,0.0,3884.0,3743.0,3535.3333333333335,5252.166666666667,2
2024-05-01,P004,R03,1582,2024,5,17,2323.0,3681.0,6925.0,12962.0,7071.0,4309.666666666667,4992.0,2
2024-06-01,P004,R03,8597,2024,6,18,1582.0,2323.0,3681.0,4061.0,5619.0,2528.6666666666665,3095.3333333333335,2
2024-07-01,P004,R03,3051,2024,7,19,8597.0,1582.0,2323.0,0.0,2338.0,4167.333333333333,3851.3333333333335,3
2024-08-01,P004,R03,4468,2024,8,20,3051.0,8597.0,1582.0,6925.0,7984.0,4410.0,4359.833333333333,3
2024-09-01,P004,R03,2386,2024,9,21,4468.0,3051.0,8597.0,3681.0,8456.0,5372.0,3950.3333333333335,3
2024-10-01,P004,R03,9452,2024,10,22,2386.0,4468.0,3051.0,2323.0,3884.0,3301.6666666666665,3734.5,4
2024-11-01,P004,R03,6989,2024,11,23,9452.0,2386.0,4468.0,1582.0,12962.0,5435.333333333333,4922.666666666667,4
2024-12-01,P004,R03,5561,2024,12,24,6989.0,9452.0,2386.0,8597.0,4061.0,6275.666666666667,5823.833333333333,4
2025-01-01,P004,R03,1603,2025,1,25,5561.0,6989.0,9452.0,3051.0,0.0,7334.0,5317.833333333333,1
2025-02-01,P004,R03,2827,2025,2,26,1603.0,5561.0,6989.0,4468.0,6925.0,4717.666666666667,5076.5,1
2025-03-01,P004,R03,7825,2025,3,27,2827.0,1603.0,5561.0,2386.0,3681.0,3330.3333333333335,4803.0,1
2025-04-01,P004,R03,6115,2025,4,28,7825.0,2827.0,1603.0,9452.0,2323.0,4085.0,5709.5,2
2025-05-01,P004,R03,12594,2025,5,29,6115.0,7825.0,2827.0,6989.0,1582.0,5589.0,5153.333333333333,2
2025-06-01,P004,R03,10320,2025,6,30,12594.0,6115.0,7825.0,5561.0,8597.0,8844.666666666666,6087.5,2
2025-07-01,P004,R03,3094,2025,7,31,10320.0,12594.0,6115.0,1603.0,3051.0,9676.333333333334,6880.666666666667,3
2025-08-01,P004,R03,4661,2025,8,32,3094.0,10320.0,12594.0,2827.0,4468.0,8669.333333333334,7129.166666666667,3
2025-09-01,P004,R03,0,2025,9,33,4661.0,3094.0,10320.0,7825.0,2386.0,6025.0,7434.833333333333,3
2025-10-01,P004,R03,6061,2025,10,34,0.0,4661.0,3094.0,6115.0,9452.0,2585.0,6130.666666666667,4
2025-11-01,P004,R03,6928,2025,11,35,6061.0,0.0,4661.0,12594.0,6989.0,3574.0,6121.666666666667,4
2025-12-01,P004,R03,2797,2025,12,36,6928.0,6061.0,0.0,10320.0,5561.0,4329.666666666667,5177.333333333333,4
2023-01-01,P004,R04,9213,2023,1,1,,,,,,,,1
2023-02-01,P004,R04,16053,2023,2,2,9213.0,,,,,,,1
2023-03-01,P004,R04,17281,2023,3,3,16053.0,9213.0,,,,,,1
2023-04-01,P004,R04,7893,2023,4,4,17281.0,16053.0,9213.0,,,14182.333333333334,,2
2023-05-01,P004,R04,16257,2023,5,5,7893.0,17281.0,16053.0,,,13742.333333333334,,2
2023-06-01,P004,R04,10611,2023,6,6,16257.0,7893.0,17281.0,,,13810.333333333334,,2
2023-07-01,P004,R04,15872,2023,7,7,10611.0,16257.0,7893.0,9213.0,,11587.0,12884.666666666666,3
2023-08-01,P004,R04,7167,2023,8,8,15872.0,10611.0,16257.0,16053.0,,14246.666666666666,13994.5,3
2023-09-01,P004,R04,3970,2023,9,9,7167.0,15872.0,10611.0,17281.0,,11216.666666666666,12513.5,3
2023-10-01,P004,R04,17217,2023,10,10,3970.0,7167.0,15872.0,7893.0,,9003.0,10295.0,4
2023-11-01,P004,R04,6756,2023,11,11,17217.0,3970.0,7167.0,16257.0,,9451.333333333334,11849.0,4
2023-12-01,P004,R04,18008,2023,12,12,6756.0,17217.0,3970.0,10611.0,,9314.333333333334,10265.5,4
2024-01-01,P004,R04,12976,2024,1,13,18008.0,6756.0,17217.0,15872.0,9213.0,13993.666666666666,11498.333333333334,1
2024-02-01,P004,R04,11581,2024,2,14,12976.0,18008.0,6756.0,7167.0,16053.0,12580.0,11015.666666666666,1
2024-03-01,P004,R04,10043,2024,3,15,11581.0,12976.0,18008.0,3970.0,17281.0,14188.333333333334,11751.333333333334,1
2024-04-01,P004,R04,12451,2024,4,16,10043.0,11581.0,12976.0,17217.0,7893.0,11533.333333333334,12763.5,2
2024-05-01,P004,R04,13497,2024,5,17,12451.0,10043.0,11581.0,6756.0,16257.0,11358.333333333334,11969.166666666666,2
2024-06-01,P004,R04,13069,2024,6,18,13497.0,12451.0,10043.0,18008.0,10611.0,11997.0,13092.666666666666,2
2024-07-01,P004,R04,15220,2024,7,19,13069.0,13497.0,12451.0,12976.0,15872.0,13005.666666666666,12269.5,3
2024-08-01,P004,R04,11591,2024,8,20,15220.0,13069.0,13497.0,11581.0,7167.0,13928.666666666666,12643.5,3
2024-09-01,P004,R04,16135,2024,9,21,11591.0,15220.0,13069.0,10043.0,3970.0,13293.333333333334,12645.166666666666,3
2024-10-01,P004,R04,12866,2024,10,22,16135.0,11591.0,15220.0,12451.0,17217.0,14315.333333333334,13660.5,4
2024-11-01,P004,R04,13355,2024,11,23,12866.0,16135.0,11591.0,13497.0,6756.0,13530.666666666666,13729.666666666666,4
2024-12-01,P004,R04,12686,2024,12,24,13355.0,12866.0,16135.0,13069.0,18008.0,14118.666666666666,13706.0,4
2025-01-01,P004,R04,7848,2025,1,25,12686.0,13355.0,12866.0,15220.0,12976.0,12969.0,13642.166666666666,1
2025-02-01,P004,R04,5708,2025,2,26,7848.0,12686.0,13355.0,11591.0,11581.0,11296.333333333334,12413.5,1
2025-03-01,P004,R04,12365,2025,3,27,5708.0,7848.0,12686.0,16135.0,10043.0,8747.333333333334,11433.0,1
2025-04-01,P004,R04,11610,2025,4,28,12365.0,5708.0,7848.0,12866.0,12451.0,8640.333333333334,10804.666666666666,2
2025-05-01,P004,R04,15634,2025,5,29,11610.0,12365.0,5708.0,13355.0,13497.0,9894.333333333334,10595.333333333334,2
2025-06-01,P004,R04,7689,2025,6,30,15634.0,11610.0,12365.0,12686.0,13069.0,13203.0,10975.166666666666,2
2025-07-01,P004,R04,6207,2025,7,31,7689.0,15634.0,11610.0,7848.0,15220.0,11644.333333333334,10142.333333333334,3
2025-08-01,P004,R04,13092,2025,8,32,6207.0,7689.0,15634.0,5708.0,11591.0,9843.333333333334,9868.833333333334,3
2025-09-01,P004,R04,5721,2025,9,33,13092.0,6207.0,7689.0,12365.0,16135.0,8996.0,11099.5,3
2025-10-01,P004,R04,16810,2025,10,34,5721.0,13092.0,6207.0,11610.0,12866.0,8340.0,9992.166666666666,4
2025-11-01,P004,R04,5192,2025,11,35,16810.0,5721.0,13092.0,15634.0,13355.0,11874.333333333334,10858.833333333334,4
2025-12-01,P004,R04,18632,2025,12,36,5192.0,16810.0,5721.0,7689.0,12686.0,9241.0,9118.5,4
2023-01-01,P005,R01,8755,2023,1,1,,,,,,,,1
2023-02-01,P005,R01,6985,2023,2,2,8755.0,,,,,,,1
2023-03-01,P005,R01,9903,2023,3,3,6985.0,8755.0,,,,,,1
2023-04-01,P005,R01,8247,2023,4,4,9903.0,6985.0,8755.0,,,8547.666666666666,,2
2023-05-01,P005,R01,6757,2023,5,5,8247.0,9903.0,6985.0,,,8378.333333333334,,2
2023-06-01,P005,R01,9895,2023,6,6,6757.0,8247.0,9903.0,,,8302.333333333334,,2
2023-07-01,P005,R01,8302,2023,7,7,9895.0,6757.0,8247.0,8755.0,,8299.666666666666,8423.666666666666,3
2023-08-01,P005,R01,10018,2023,8,8,8302.0,9895.0,6757.0,6985.0,,8318.0,8348.166666666666,3
2023-09-01,P005,R01,10349,2023,9,9,10018.0,8302.0,9895.0,9903.0,,9405.0,8853.666666666666,3
2023-10-01,P005,R01,5171,2023,10,10,10349.0,10018.0,8302.0,8247.0,,9556.333333333334,8928.0,4
2023-11-01,P005,R01,11422,2023,11,11,5171.0,10349.0,10018.0,6757.0,,8512.666666666666,8415.333333333334,4
2023-12-01,P005,R01,15248,2023,12,12,11422.0,5171.0,10349.0,9895.0,,8980.666666666666,9192.833333333334,4
2024-01-01,P005,R01,5816,2024,1,13,15248.0,11422.0,5171.0,8302.0,8755.0,10613.666666666666,10085.0,1
2024-02-01,P005,R01,4450,2024,2,14,5816.0,15248.0,11422.0,10018.0,6985.0,10828.666666666666,9670.666666666666,1
2024-03-01,P005,R01,5454,2024,3,15,4450.0,5816.0,15248.0,10349.0,9903.0,8504.666666666666,8742.666666666666,1
2024-04-01,P005,R01,10048,2024,4,16,5454.0,4450.0,5816.0,5171.0,8247.0,5240.0,7926.833333333333,2
2024-05-01,P005,R01,6781,2024,5,17,10048.0,5454.0,4450.0,11422.0,6757.0,6650.666666666667,8739.666666666666,2
2024-06-01,P005,R01,4976,2024,6,18,6781.0,10048.0,5454.0,15248.0,9895.0,7427.666666666667,7966.166666666667,2
2024-07-01,P005,R01,5878,2024,7,19,4976.0,6781.0,10048.0,5816.0,8302.0,7268.333333333333,6254.166666666667,3
2024-08-01,P005,R01,7231,2024,8,20,5878.0,4976.0,6781.0,4450.0,10018.0,5878.333333333333,6264.5,3
2024-09-01,P005,R01,6260,2024,9,21,7231.0,5878.0,4976.0,5454.0,10349.0,6028.333333333333,6728.0,3
2024-10-01,P005,R01,4824,2024,10,22,6260.0,7231.0,5878.0,10048.0,5171.0,6456.333333333333,6862.333333333333,4
2024-11-01,P005,R01,12982,2024,11,23,4824.0,6260.0,7231.0,6781.0,11422.0,6105.0,5991.666666666667,4
2024-12-01,P005,R01,7906,2024,12,24,12982.0,4824.0,6260.0,4976.0,15248.0,8022.0,7025.166666666667,4
2025-01-01,P005,R01,9965,2025,1,25,7906.0,12982.0,4824.0,5878.0,5816.0,8570.666666666666,7513.5,1
2025-02-01,P005,R01,12181,2025,2,26,9965.0,7906.0,12982.0,7231.0,4450.0,10284.333333333334,8194.666666666666,1
2025-03-01,P005,R01,6468,2025,3,27,12181.0,9965.0,7906.0,6260.0,5454.0,10017.333333333334,9019.666666666666,1
2025-04-01,P005,R01,2210,2025,4,28,6468.0,12181.0,9965.0,4824.0,10048.0,9538.0,9054.333333333334,2
2025-05-01,P005,R01,5353,2025,5,29,2210.0,6468.0,12181.0,12982.0,6781.0,6953.0,8618.666666666666,2
2025-06-01,P005,R01,3889,2025,6,30,5353.0,2210.0,6468.0,7906.0,4976.0,4677.0,7347.166666666667,2
2025-07-01,P005,R01,4284,2025,7,31,3889.0,5353.0,2210.0,9965.0,5878.0,3817.3333333333335,6677.666666666667,3
2025-08-01,P005,R01,12247,2025,8,32,4284.0,3889.0,5353.0,12181.0,7231.0,4508.666666666667,5730.833333333333,3
2025-09-01,P005,R01,10962,2025,9,33,12247.0,4284.0,3889.0,6468.0,6260.0,6806.666666666667,5741.833333333333,3
2025-10-01,P005,R01,7559,2025,10,34,10962.0,12247.0,4284.0,2210.0,4824.0,9164.333333333334,6490.833333333333,4
2025-11-01,P005,R01,7060,2025,11,35,7559.0,10962.0,12247.0,5353.0,12982.0,10256.0,7382.333333333333,4
2025-12-01,P005,R01,4217,2025,12,36,7060.0,7559.0,10962.0,3889.0,7906.0,8527.0,7666.833333333333,4
2023-01-01,P005,R02,10509,2023,1,1,,,,,,,,1
2023-02-01,P005,R02,12845,2023,2,2,10509.0,,,,,,,1
2023-03-01,P005,R02,5562,2023,3,3,12845.0,10509.0,,,,,,1
2023-04-01,P005,R02,9454,2023,4,4,5562.0,12845.0,10509.0,,,9638.666666666666,,2
2023-05-01,P005,R02,8629,2023,5,5,9454.0,5562.0,12845.0,,,9287.0,,2
2023-06-01,P005,R02,16573,2023,6,6,8629.0,9454.0,5562.0,,,7881.666666666667,,2
2023-07-01,P005,R02,8224,2023,7,7,16573.0,8629.0,9454.0,10509.0,,11552.0,10595.333333333334,3
2023-08-01,P005,R02,9663,2023,8,8,8224.0,16573.0,8629.0,12845.0,,11142.0,10214.5,3
2023-09-01,P005,R02,9887,2023,9,9,9663.0,8224.0,16573.0,5562.0,,11486.666666666666,9684.166666666666,3
2023-10-01,P005,R02,5903,2023,10,10,9887.0,9663.0,8224.0,9454.0,,9258.0,10405.0,4
2023-11-01,P005,R02,14053,2023,11,11,5903.0,9887.0,9663.0,8629.0,,8484.333333333334,9813.166666666666,4
2023-12-01,P005,R02,16083,2023,12,12,14053.0,5903.0,9887.0,16573.0,,9947.666666666666,10717.166666666666,4
2024-01-01,P005,R02,7791,2024,1,13,16083.0,14053.0,5903.0,8224.0,10509.0,12013.0,10635.5,1
2024-02-01,P005,R02,13252,2024,2,14,7791.0,16083.0,14053.0,9663.0,12845.0,12642.333333333334,10563.333333333334,1
2024-03-01,P005,R02,8756,2024,3,15,13252.0,7791.0,16083.0,9887.0,5562.0,12375.333333333334,11161.5,1
2024-04-01,P005,R02,8481,2024,4,16,8756.0,13252.0,7791.0,5903.0,9454.0,9933.0,10973.0,2
2024-05-01,P005,R02,5017,2024,5,17,8481.0,8756.0,13252.0,14053.0,8629.0,10163.0,11402.666666666666,2
2024-06-01,P005,R02,4766,2024,6,18,5017.0,8481.0,8756.0,16083.0,16573.0,7418.0,9896.666666666666,2
2024-07-01,P005,R02,12087,2024,7,19,4766.0,5017.0,8481.0,7791.0,8224.0,6088.0,8010.5,3
2024-08-01,P005,R02,11793,2024,8,20,12087.0,4766.0,5017.0,13252.0,9663.0,7290.0,8726.5,3
2024-09-01,P005,R02,6003,2024,9,21,11793.0,12087.0,4766.0,8756.0,9887.0,9548.666666666666,8483.333333333334,3
2024-10-01,P005,R02,8324,2024,10,22,6003.0,11793.0,12087.0,8481.0,5903.0,9961.0,8024.5,4
2024-11-01,P005,R02,11343,2024,11,23,8324.0,6003.0,11793.0,5017.0,14053.0,8706.666666666666,7998.333333333333,4
2024-12-01,P005,R02,6525,2024,12,24,11343.0,8324.0,6003.0,4766.0,16083.0,8556.666666666666,9052.666666666666,4
2025-01-01,P005,R02,5879,2025,1,25,6525.0,11343.0,8324.0,12087.0,7791.0,8730.666666666666,9345.833333333334,1
2025-02-01,P005,R02,8044,2025,2,26,5879.0,6525.0,11343.0,11793.0,13252.0,7915.666666666667,8311.166666666666,1
2025-03-01,P005,R02,11019,2025,3,27,8044.0,5879.0,6525.0,6003.0,8756.0,6816.0,7686.333333333333,1
2025-04-01,P005,R02,6359,2025,4,28,11019.0,8044.0,5879.0,8324.0,8481.0,8314.0,8522.333333333334,2
2025-05-01,P005,R02,2169,2025,5,29,6359.0,11019.0,8044.0,11343.0,5017.0,8474.0,8194.833333333334,2
2025-06-01,P005,R02,3126,2025,6,30,2169.0,6359.0,11019.0,6525.0,4766.0,6515.666666666667,6665.833333333333,2
2025-07-01,P005,R02,4475,2025,7,31,3126.0,2169.0,6359.0,5879.0,12087.0,3884.6666666666665,6099.333333333333,3
2025-08-01,P005,R02,13253,2025,8,32,4475.0,3126.0,2169.0,8044.0,11793.0,3256.6666666666665,5865.333333333333,3
2025-09-01,P005,R02,8527,2025,9,33,13253.0,4475.0,3126.0,11019.0,6003.0,6951.333333333333,6733.5,3
2025-10-01,P005,R02,9988,2025,10,34,8527.0,13253.0,4475.0,6359.0,8324.0,8751.666666666666,6318.166666666667,4
2025-11-01,P005,R02,18078,2025,11,35,9988.0,8527.0,13253.0,2169.0,11343.0,10589.333333333334,6923.0,4
2025-12-01,P005,R02,7417,2025,12,36,18078.0,9988.0,8527.0,3126.0,6525.0,12197.666666666666,9574.5,4
2023-01-01,P005,R03,2999,2023,1,1,,,,,,,,1
2023-02-01,P005,R03,7803,2023,2,2,2999.0,,,,,,,1
2023-03-01,P005,R03,9467,2023,3,3,7803.0,2999.0,,,,,,1
2023-04-01,P005,R03,2435,2023,4,4,9467.0,7803.0,2999.0,,,6756.333333333333,,2
2023-05-01,P005,R03,6732,2023,5,5,2435.0,9467.0,7803.0,,,6568.333333333333,,2
2023-06-01,P005,R03,5657,2023,6,6,6732.0,2435.0,9467.0,,,6211.333333333333,,2
2023-07-01,P005,R03,2270,2023,7,7,5657.0,6732.0,2435.0,2999.0,,4941.333333333333,5848.833333333333,3
2023-08-01,P005,R03,12734,2023,8,8,2270.0,5657.0,6732.0,7803.0,,4886.333333333333,5727.333333333333,3
2023-09-01,P005,R03,6535,2023,9,9,12734.0,2270.0,5657.0,9467.0,,6887.0,6549.166666666667,3
2023-10-01,P005,R03,4729,2023,10,10,6535.0,12734.0,2270.0,2435.0,,7179.666666666667,6060.5,4
2023-11-01,P005,R03,7322,2023,11,11,4729.0,6535.0,12734.0,6732.0,,7999.333333333333,6442.833333333333,4
2023-12-01,P005,R03,6837,2023,12,12,7322.0,4729.0,6535.0,5657.0,,6195.333333333333,6541.166666666667,4
2024-01-01,P005,R03,8077,2024,1,13,6837.0,7322.0,4729.0,2270.0,2999.0,6296.0,6737.833333333333,1
2024-02-01,P005,R03,7670,2024,2,14,8077.0,6837.0,7322.0,12734.0,7803.0,7412.0,7705.666666666667,1
2024-03-01,P005,R03,903,2024,3,15,7670.0,8077.0,6837.0,6535.0,9467.0,7528.0,6861.666666666667,1
2024-04-01,P005,R03,826,2024,4,16,903.0,7670.0,8077.0,4729.0,2435.0,5550.0,5923.0,2
2024-05-01,P005,R03,3127,2024,5,17,826.0,903.0,7670.0,7322.0,6732.0,3133.0,5272.5,2
2024-06-01,P005,R03,6507,2024,6,18,3127.0,826.0,903.0,6837.0,5657.0,1618.6666666666667,4573.333333333333,2
2024-07-01,P005,R03,3655,2024,7,19,6507.0,3127.0,826.0,8077.0,2270.0,3486.6666666666665,4518.333333333333,3
2024-08-01,P005,R03,10851,2024,8,20,3655.0,6507.0,3127.0,7670.0,12734.0,4429.666666666667,3781.3333333333335,3
2024-09-01,P005,R03,4956,2024,9,21,10851.0,3655.0,6507.0,903.0,6535.0,7004.333333333333,4311.5,3
2024-10-01,P005,R03,12395,2024,10,22,4956.0,10851.0,3655.0,826.0,4729.0,6487.333333333333,4987.0,4
2024-11-01,P005,R03,1641,2024,11,23,12395.0,4956.0,10851.0,3127.0,7322.0,9400.666666666666,6915.166666666667,4
2024-12-01,P005,R03,4602,2024,12,24,1641.0,12395.0,4956.0,6507.0,6837.0,6330.666666666667,6667.5,4
2025-01-01,P005,R03,5672,2025,1,25,4602.0,1641.0,12395.0,3655.0,8077.0,6212.666666666667,6350.0,1
2025-02-01,P005,R03,4181,2025,2,26,5672.0,4602.0,1641.0,10851.0,7670.0,3971.6666666666665,6686.166666666667,1
2025-03-01,P005,R03,4887,2025,3,27,4181.0,5672.0,4602.0,4956.0,903.0,4818.333333333333,5574.5,1
2025-04-01,P005,R03,2317,2025,4,28,4887.0,4181.0,5672.0,12395.0,826.0,4913.333333333333,5563.0,2
2025-05-01,P005,R03,5203,2025,5,29,2317.0,4887.0,4181.0,1641.0,3127.0,3795.0,3883.3333333333335,2
2025-06-01,P005,R03,3895,2025,6,30,5203.0,2317.0,4887.0,4602.0,6507.0,4135.666666666667,4477.0,2
2025-07-01,P005,R03,4545,2025,7,31,3895.0,5203.0,2317.0,5672.0,3655.0,3805.0,4359.166666666667,3
2025-08-01,P005,R03,2509,2025,8,32,4545.0,3895.0,5203.0,4181.0,10851.0,4547.666666666667,4171.333333333333,3
2025-09-01,P005,R03,3485,2025,9,33,2509.0,4545.0,3895.0,4887.0,4956.0,3649.6666666666665,3892.6666666666665,3
2025-10-01,P005,R03,8232,2025,10,34,3485.0,2509.0,4545.0,2317.0,12395.0,3513.0,3659.0,4
2025-11-01,P005,R03,4876,2025,11,35,8232.0,3485.0,2509.0,5203.0,1641.0,4742.0,4644.833333333333,4
2025-12-01,P005,R03,5506,2025,12,36,4876.0,8232.0,3485.0,3895.0,4602.0,5531.0,4590.333333333333,4
2023-01-01,P005,R04,8403,2023,1,1,,,,,,,,1
2023-02-01,P005,R04,17348,2023,2,2,8403.0,,,,,,,1
2023-03-01,P005,R04,24840,2023,3,3,17348.0,8403.0,,,,,,1
2023-04-01,P005,R04,14951,2023,4,4,24840.0,17348.0,8403.0,,,16863.666666666668,,2
2023-05-01,P005,R04,13841,2023,5,5,14951.0,24840.0,17348.0,,,19046.333333333332,,2
2023-06-01,P005,R04,4062,2023,6,6,13841.0,14951.0,24840.0,,,17877.333333333332,,2
2023-07-01,P005,R04,17025,2023,7,7,4062.0,13841.0,14951.0,8403.0,,10951.333333333334,13907.5,3
2023-08-01,P005,R04,13029,2023,8,8,17025.0,4062.0,13841.0,17348.0,,11642.666666666666,15344.5,3
2023-09-01,P005,R04,9833,2023,9,9,13029.0,17025.0,4062.0,24840.0,,11372.0,14624.666666666666,3
2023-10-01,P005,R04,16395,2023,10,10,9833.0,13029.0,17025.0,14951.0,,13295.666666666666,12123.5,4
2023-11-01,P005,R04,15501,2023,11,11,16395.0,9833.0,13029.0,13841.0,,13085.666666666666,12364.166666666666,4
2023-12-01,P005,R04,22182,2023,12,12,15501.0,16395.0,9833.0,4062.0,,13909.666666666666,12640.833333333334,4
2024-01-01,P005,R04,8286,2024,1,13,22182.0,15501.0,16395.0,17025.0,8403.0,18026.0,15660.833333333334,1
2024-02-01,P005,R04,7507,2024,2,14,8286.0,22182.0,15501.0,13029.0,17348.0,15323.0,14204.333333333334,1
2024-03-01,P005,R04,15299,2024,3,15,7507.0,8286.0,22182.0,9833.0,24840.0,12658.333333333334,13284.0,1
2024-04-01,P005,R04,17287,2024,4,16,15299.0,7507.0,8286.0,16395.0,14951.0,10364.0,14195.0,2
2024-05-01,P005,R04,6890,2024,5,17,17287.0,15299.0,7507.0,15501.0,13841.0,13364.333333333334,14343.666666666666,2
2024-06-01,P005,R04,11917,2024,6,18,6890.0,17287.0,15299.0,22182.0,4062.0,13158.666666666666,12908.5,2
2024-07-01,P005,R04,15752,2024,7,19,11917.0,6890.0,17287.0,8286.0,17025.0,12031.333333333334,11197.666666666666,3
2024-08-01,P005,R04,10326,2024,8,20,15752.0,11917.0,6890.0,7507.0,13029.0,11519.666666666666,12442.0,3
2024-09-01,P005,R04,18481,2024,9,21,10326.0,15752.0,11917.0,15299.0,9833.0,12665.0,12911.833333333334,3
2024-10-01,P005,R04,18044,2024,10,22,18481.0,10326.0,15752.0,17287.0,16395.0,14853.0,13442.166666666666,4
2024-11-01,P005,R04,11716,2024,11,23,18044.0,18481.0,10326.0,6890.0,15501.0,15617.0,13568.333333333334,4
2024-12-01,P005,R04,10481,2024,12,24,11716.0,18044.0,18481.0,11917.0,22182.0,16080.333333333334,14372.666666666666,4
2025-01-01,P005,R04,12335,2025,1,25,10481.0,11716.0,18044.0,15752.0,8286.0,13413.666666666666,14133.333333333334,1
2025-02-01,P005,R04,11883,2025,2,26,12335.0,10481.0,11716.0,10326.0,7507.0,11510.666666666666,13563.833333333334,1
2025-03-01,P005,R04,12307,2025,3,27,11883.0,12335.0,10481.0,18481.0,15299.0,11566.333333333334,13823.333333333334,1
2025-04-01,P005,R04,8063,2025,4,28,12307.0,11883.0,12335.0,18044.0,17287.0,12175.0,12794.333333333334,2
2025-05-01,P005,R04,10516,2025,5,29,8063.0,12307.0,11883.0,11716.0,6890.0,10751.0,11130.833333333334,2
2025-06-01,P005,R04,13461,2025,6,30,10516.0,8063.0,12307.0,10481.0,11917.0,10295.333333333334,10930.833333333334,2
2025-07-01,P005,R04,14274,2025,7,31,13461.0,10516.0,8063.0,12335.0,15752.0,10680.0,11427.5,3
2025-08-01,P005,R04,7711,2025,8,32,14274.0,13461.0,10516.0,11883.0,10326.0,12750.333333333334,11750.666666666666,3
2025-09-01,P005,R04,23193,2025,9,33,7711.0,14274.0,13461.0,12307.0,18481.0,11815.333333333334,11055.333333333334,3
2025-10-01,P005,R04,10801,2025,10,34,23193.0,7711.0,14274.0,8063.0,18044.0,15059.333333333334,12869.666666666666,4
2025-11-01,P005,R04,12639,2025,11,35,10801.0,23193.0,7711.0,10516.0,11716.0,13901.666666666666,13326.0,4
2025-12-01,P005,R04,3264,2025,12,36,12639.0,10801.0,23193.0,13461.0,10481.0,15544.333333333334,13679.833333333334,4
2023-01-01,P006,R01,5164,2023,1,1,,,,,,,,1
2023-02-01,P006,R01,5693,2023,2,2,5164.0,,,,,,,1
2023-03-01,P006,R01,6541,2023,3,3,5693.0,5164.0,,,,,,1
2023-04-01,P006,R01,4898,2023,4,4,6541.0,5693.0,5164.0,,,5799.333333333333,,2
2023-05-01,P006,R01,3241,2023,5,5,4898.0,6541.0,5693.0,,,5710.666666666667,,2
2023-06-01,P006,R01,13912,2023,6,6,3241.0,4898.0,6541.0,,,4893.333333333333,,2
2023-07-01,P006,R01,4239,2023,7,7,13912.0,3241.0,4898.0,5164.0,,7350.333333333333,6574.833333333333,3
2023-08-01,P006,R01,4045,2023,8,8,4239.0,13912.0,3241.0,5693.0,,7130.666666666667,6420.666666666667,3
2023-09-01,P006,R01,4565,2023,9,9,4045.0,4239.0,13912.0,6541.0,,7398.666666666667,6146.0,3
2023-10-01,P006,R01,7084,2023,10,10,4565.0,4045.0,4239.0,4898.0,,4283.0,5816.666666666667,4
2023-11-01,P006,R01,9384,2023,11,11,7084.0,4565.0,4045.0,3241.0,,5231.333333333333,6181.0,4
2023-12-01,P006,R01,5989,2023,12,12,9384.0,7084.0,4565.0,13912.0,,7011.0,7204.833333333333,4
2024-01-01,P006,R01,9949,2024,1,13,5989.0,9384.0,7084.0,4239.0,5164.0,7485.666666666667,5884.333333333333,1
2024-02-01,P006,R01,8125,2024,2,14,9949.0,5989.0,9384.0,4045.0,5693.0,8440.666666666666,6836.0,1
2024-03-01,P006,R01,7713,2024,3,15,8125.0,9949.0,5989.0,4565.0,6541.0,8021.0,7516.0,1
2024-04-01,P006,R01,4846,2024,4,16,7713.0,8125.0,9949.0,7084.0,4898.0,8595.666666666666,8040.666666666667,2
2024-05-01,P006,R01,10861,2024,5,17,4846.0,7713.0,8125.0,9384.0,3241.0,6894.666666666667,7667.666666666667,2
2024-06-01,P006,R01,4875,2024,6,18,10861.0,4846.0,7713.0,5989.0,13912.0,7806.666666666667,7913.833333333333,2
2024-07-01,P006,R01,4145,2024,7,19,4875.0,10861.0,4846.0,9949.0,4239.0,6860.666666666667,7728.166666666667,3
2024-08-01,P006,R01,6894,2024,8,20,4145.0,4875.0,10861.0,8125.0,4045.0,6627.0,6760.833333333333,3
2024-09-01,P006,R01,5772,2024,9,21,6894.0,4145.0,4875.0,7713.0,4565.0,5304.666666666667,6555.666666666667,3
2024-10-01,P006,R01,5797,2024,10,22,5772.0,6894.0,4145.0,4846.0,7084.0,5603.666666666667,6232.166666666667,4
2024-11-01,P006,R01,5844,2024,11,23,5797.0,5772.0,6894.0,10861.0,9384.0,6154.333333333333,6390.666666666667,4
2024-12-01,P006,R01,7954,2024,12,24,5844.0,5797.0,5772.0,4875.0,5989.0,5804.333333333333,5554.5,4
2025-01-01,P006,R01,6085,2025,1,25,7954.0,5844.0,5797.0,4145.0,9949.0,6531.666666666667,6067.666666666667,1
2025-02-01,P006,R01,7492,2025,2,26,6085.0,7954.0,5844.0,6894.0,8125.0,6627.666666666667,6391.0,1
2025-03-01,P006,R01,8552,2025,3,27,7492.0,6085.0,7954.0,5772.0,7713.0,7177.0,6490.666666666667,1
2025-04-01,P006,R01,5436,2025,4,28,8552.0,7492.0,6085.0,5797.0,4846.0,7376.333333333333,6954.0,2
2025-05-01,P006,R01,4234,2025,5,29,5436.0,8552.0,7492.0,5844.0,10861.0,7160.0,6893.833333333333,2
2025-06-01,P006,R01,937,2025,6,30,4234.0,5436.0,8552.0,7954.0,4875.0,6074.0,6625.5,2
2025-07-01,P006,R01,6950,2025,7,31,937.0,4234.0,5436.0,6085.0,4145.0,3535.6666666666665,5456.0,3
2025-08-01,P006,R01,3649,2025,8,32,6950.0,937.0,4234.0,7492.0,6894.0,4040.3333333333335,5600.166666666667,3
2025-09-01,P006,R01,3630,2025,9,33,3649.0,6950.0,937.0,8552.0,5772.0,3845.3333333333335,4959.666666666667,3
2025-10-01,P006,R01,5491,2025,10,34,3630.0,3649.0,6950.0,5436.0,5797.0,4743.0,4139.333333333333,4
2025-11-01,P006,R01,10487,2025,11,35,5491.0,3630.0,3649.0,4234.0,5844.0,4256.666666666667,4148.5,4
2025-12-01,P006,R01,6951,2025,12,36,10487.0,5491.0,3630.0,937.0,7954.0,6536.0,5190.666666666667,4
2023-01-01,P006,R02,10385,2023,1,1,,,,,,,,1
2023-02-01,P006,R02,10479,2023,2,2,10385.0,,,,,,,1
2023-03-01,P006,R02,7569,2023,3,3,10479.0,10385.0,,,,,,1
2023-04-01,P006,R02,10931,2023,4,4,7569.0,10479.0,10385.0,,,9477.666666666666,,2
2023-05-01,P006,R02,15170,2023,5,5,10931.0,7569.0,10479.0,,,9659.666666666666,,2
2023-06-01,P006,R02,7010,2023,6,6,15170.0,10931.0,7569.0,,,11223.333333333334,,2
2023-07-01,P006,R02,5218,2023,7,7,7010.0,15170.0,10931.0,10385.0,,11037.0,10257.333333333334,3
2023-08-01,P006,R02,20326,2023,8,8,5218.0,7010.0,15170.0,10479.0,,9132.666666666666,9396.166666666666,3
2023-09-01,P006,R02,8474,2023,9,9,20326.0,5218.0,7010.0,7569.0,,10851.333333333334,11037.333333333334,3
2023-10-01,P006,R02,12653,2023,10,10,8474.0,20326.0,5218.0,10931.0,,11339.333333333334,11188.166666666666,4
2023-11-01,P006,R02,7466,2023,11,11,12653.0,8474.0,20326.0,15170.0,,13817.666666666666,11475.166666666666,4
2023-12-01,P006,R02,7294,2023,12,12,7466.0,12653.0,8474.0,7010.0,,9531.0,10191.166666666666,4
2024-01-01,P006,R02,2897,2024,1,13,7294.0,7466.0,12653.0,5218.0,10385.0,9137.666666666666,10238.5,1
2024-02-01,P006,R02,4428,2024,2,14,2897.0,7294.0,7466.0,20326.0,10479.0,5885.666666666667,9851.666666666666,1
2024-03-01,P006,R02,6406,2024,3,15,4428.0,2897.0,7294.0,8474.0,7569.0,4873.0,7202.0,1
2024-04-01,P006,R02,6863,2024,4,16,6406.0,4428.0,2897.0,12653.0,10931.0,4577.0,6857.333333333333,2
2024-05-01,P006,R02,8149,2024,5,17,6863.0,6406.0,4428.0,7466.0,15170.0,5899.0,5892.333333333333,2
2024-06-01,P006,R02,8579,2024,6,18,8149.0,6863.0,6406.0,7294.0,7010.0,7139.333333333333,6006.166666666667,2
2024-07-01,P006,R02,4020,2024,7,19,8579.0,8149.0,6863.0,2897.0,5218.0,7863.666666666667,6220.333333333333,3
2024-08-01,P006,R02,5686,2024,8,20,4020.0,8579.0,8149.0,4428.0,20326.0,6916.0,6407.5,3
2024-09-01,P006,R02,10655,2024,9,21,5686.0,4020.0,8579.0,6406.0,8474.0,6095.0,6617.166666666667,3
2024-10-01,P006,R02,3770,2024,10,22,10655.0,5686.0,4020.0,6863.0,12653.0,6787.0,7325.333333333333,4
2024-11-01,P006,R02,12631,2024,11,23,3770.0,10655.0,5686.0,8149.0,7466.0,6703.666666666667,6809.833333333333,4
2024-12-01,P006,R02,1955,2024,12,24,12631.0,3770.0,10655.0,8579.0,7294.0,9018.666666666666,7556.833333333333,4
2025-01-01,P006,R02,7605,2025,1,25,1955.0,12631.0,3770.0,4020.0,2897.0,6118.666666666667,6452.833333333333,1
2025-02-01,P006,R02,8902,2025,2,26,7605.0,1955.0,12631.0,5686.0,4428.0,7397.0,7050.333333333333,1
2025-03-01,P006,R02,6678,2025,3,27,8902.0,7605.0,1955.0,10655.0,6406.0,6154.0,7586.333333333333,1
2025-04-01,P006,R02,5455,2025,4,28,6678.0,8902.0,7605.0,3770.0,6863.0,7728.333333333333,6923.5,2
2025-05-01,P006,R02,7576,2025,5,29,5455.0,6678.0,8902.0,12631.0,8149.0,7011.666666666667,7204.333333333333,2
2025-06-01,P006,R02,15868,2025,6,30,7576.0,5455.0,6678.0,1955.0,8579.0,6569.666666666667,6361.833333333333,2
2025-07-01,P006,R02,10451,2025,7,31,15868.0,7576.0,5455.0,7605.0,4020.0,9633.0,8680.666666666666,3
2025-08-01,P006,R02,10946,2025,8,32,10451.0,15868.0,7576.0,8902.0,5686.0,11298.333333333334,9155.0,3
2025-09-01,P006,R02,8651,2025,9,33,10946.0,10451.0,15868.0,6678.0,10655.0,12421.666666666666,9495.666666666666,3
2025-10-01,P006,R02,7239,2025,10,34,8651.0,10946.0,10451.0,5455.0,3770.0,10016.0,9824.5,4
2025-11-01,P006,R02,8574,2025,11,35,7239.0,8651.0,10946.0,7576.0,12631.0,8945.333333333334,10121.833333333334,4
2025-12-01,P006,R02,11575,2025,12,36,8574.0,7239.0,8651.0,15868.0,1955.0,8154.666666666667,10288.166666666666,4
2023-01-01,P006,R03,1562,2023,1,1,,,,,,,,1
2023-02-01,P006,R03,2840,2023,2,2,1562.0,,,,,,,1
2023-03-01,P006,R03,1783,2023,3,3,2840.0,1562.0,,,,,,1
2023-04-01,P006,R03,6148,2023,4,4,1783.0,2840.0,1562.0,,,2061.6666666666665,,2
2023-05-01,P006,R03,2772,2023,5,5,6148.0,1783.0,2840.0,,,3590.3333333333335,,2
2023-06-01,P006,R03,5355,2023,6,6,2772.0,6148.0,1783.0,,,3567.6666666666665,,2
2023-07-01,P006,R03,3891,2023,7,7,5355.0,2772.0,6148.0,1562.0,,4758.333333333333,3410.0,3
2023-08-01,P006,R03,5121,2023,8,8,3891.0,5355.0,2772.0,2840.0,,4006.0,3798.1666666666665,3
2023-09-01,P006,R03,2171,2023,9,9,5121.0,3891.0,5355.0,1783.0,,4789.0,4178.333333333333,3
2023-10-01,P006,R03,9087,2023,10,10,2171.0,5121.0,3891.0,6148.0,,3727.6666666666665,4243.0,4
2023-11-01,P006,R03,5264,2023,11,11,9087.0,2171.0,5121.0,2772.0,,5459.666666666667,4732.833333333333,4
2023-12-01,P006,R03,10573,2023,12,12,5264.0,9087.0,2171.0,5355.0,,5507.333333333333,5148.166666666667,4
2024-01-01,P006,R03,5398,2024,1,13,10573.0,5264.0,9087.0,3891.0,1562.0,8308.0,6017.833333333333,1
2024-02-01,P006,R03,2180,2024,2,14,5398.0,10573.0,5264.0,5121.0,2840.0,7078.333333333333,6269.0,1
2024-03-01,P006,R03,6476,2024,3,15,2180.0,5398.0,10573.0,2171.0,1783.0,6050.333333333333,5778.833333333333,1
2024-04-01,P006,R03,8951,2024,4,16,6476.0,2180.0,5398.0,9087.0,6148.0,4684.666666666667,6496.333333333333,2
2024-05-01,P006,R03,8519,2024,5,17,8951.0,6476.0,2180.0,5264.0,2772.0,5869.0,6473.666666666667,2
2024-06-01,P006,R03,7381,2024,6,18,8519.0,8951.0,6476.0,10573.0,5355.0,7982.0,7016.166666666667,2
2024-07-01,P006,R03,3576,2024,7,19,7381.0,8519.0,8951.0,5398.0,3891.0,8283.666666666666,6484.166666666667,3
2024-08-01,P006,R03,8295,2024,8,20,3576.0,7381.0,8519.0,2180.0,5121.0,6492.0,6180.5,3
2024-09-01,P006,R03,8856,2024,9,21,8295.0,3576.0,7381.0,6476.0,2171.0,6417.333333333333,7199.666666666667,3
2024-10-01,P006,R03,5558,2024,10,22,8856.0,8295.0,3576.0,8951.0,9087.0,6909.0,7596.333333333333,4
2024-11-01,P006,R03,5022,2024,11,23,5558.0,8856.0,8295.0,8519.0,5264.0,7569.666666666667,7030.833333333333,4
2024-12-01,P006,R03,8677,2024,12,24,5022.0,5558.0,8856.0,7381.0,10573.0,6478.666666666667,6448.0,4
2025-01-01,P006,R03,2889,2025,1,25,8677.0,5022.0,5558.0,3576.0,5398.0,6419.0,6664.0,1
2025-02-01,P006,R03,6848,2025,2,26,2889.0,8677.0,5022.0,8295.0,2180.0,5529.333333333333,6549.5,1
2025-03-01,P006,R03,1507,2025,3,27,6848.0,2889.0,8677.0,8856.0,6476.0,6138.0,6308.333333333333,1
2025-04-01,P006,R03,6150,2025,4,28,1507.0,6848.0,2889.0,5558.0,8951.0,3748.0,5083.5,2
2025-05-01,P006,R03,3565,2025,5,29,6150.0,1507.0,6848.0,5022.0,8519.0,4835.0,5182.166666666667,2
2025-06-01,P006,R03,2708,2025,6,30,3565.0,6150.0,1507.0,8677.0,7381.0,3740.6666666666665,4939.333333333333,2
2025-07-01,P006,R03,4357,2025,7,31,2708.0,3565.0,6150.0,2889.0,3576.0,4141.0,3944.5,3
2025-08-01,P006,R03,8928,2025,8,32,4357.0,2708.0,3565.0,6848.0,8295.0,3543.3333333333335,4189.166666666667,3
2025-09-01,P006,R03,2610,2025,9,33,8928.0,4357.0,2708.0,1507.0,8856.0,5331.0,4535.833333333333,3
2025-10-01,P006,R03,7036,2025,10,34,2610.0,8928.0,4357.0,6150.0,5558.0,5298.333333333333,4719.666666666667,4
2025-11-01,P006,R03,5122,2025,11,35,7036.0,2610.0,8928.0,3565.0,5022.0,6191.333333333333,4867.333333333333,4
2025-12-01,P006,R03,5429,2025,12,36,5122.0,7036.0,2610.0,2708.0,8677.0,4922.666666666667,5126.833333333333,4
2023-01-01,P006,R04,6916,2023,1,1,,,,,,,,1
2023-02-01,P006,R04,7609,2023,2,2,6916.0,,,,,,,1
2023-03-01,P006,R04,7854,2023,3,3,7609.0,6916.0,,,,,,1
2023-04-01,P006,R04,6739,2023,4,4,7854.0,7609.0,6916.0,,,7459.666666666667,,2
2023-05-01,P006,R04,12851,2023,5,5,6739.0,7854.0,7609.0,,,7400.666666666667,,2
2023-06-01,P006,R04,9810,2023,6,6,12851.0,6739.0,7854.0,,,9148.0,,2
2023-07-01,P006,R04,17092,2023,7,7,9810.0,12851.0,6739.0,6916.0,,9800.0,8629.833333333334,3
2023-08-01,P006,R04,11423,2023,8,8,17092.0,9810.0,12851.0,7609.0,,13251.0,10325.833333333334,3
2023-09-01,P006,R04,12617,2023,9,9,11423.0,17092.0,9810.0,7854.0,,12775.0,10961.5,3
2023-10-01,P006,R04,16806,2023,10,10,12617.0,11423.0,17092.0,6739.0,,13710.666666666666,11755.333333333334,4
2023-11-01,P006,R04,22265,2023,11,11,16806.0,12617.0,11423.0,12851.0,,13615.333333333334,13433.166666666666,4
2023-12-01,P006,R04,14068,2023,12,12,22265.0,16806.0,12617.0,9810.0,,17229.333333333332,15002.166666666666,4
2024-01-01,P006,R04,8415,2024,1,13,14068.0,22265.0,16806.0,17092.0,6916.0,17713.0,15711.833333333334,1
2024-02-01,P006,R04,18447,2024,2,14,8415.0,14068.0,22265.0,11423.0,7609.0,14916.0,14265.666666666666,1
2024-03-01,P006,R04,20001,2024,3,15,18447.0,8415.0,14068.0,12617.0,7854.0,13643.333333333334,15436.333333333334,1
2024-04-01,P006,R04,16063,2024,4,16,20001.0,18447.0,8415.0,16806.0,6739.0,15621.0,16667.0,2
2024-05-01,P006,R04,18649,2024,5,17,16063.0,20001.0,18447.0,22265.0,12851.0,18170.333333333332,16543.166666666668,2
2024-06-01,P006,R04,12230,2024,6,18,18649.0,16063.0,20001.0,14068.0,9810.0,18237.666666666668,15940.5,2
2024-07-01,P006,R04,16025,2024,7,19,12230.0,18649.0,16063.0,8415.0,17092.0,15647.333333333334,15634.166666666666,3
2024-08-01,P006,R04,17535,2024,8,20,16025.0,12230.0,18649.0,18447.0,11423.0,15634.666666666666,16902.5,3
2024-09-01,P006,R04,17775,2024,9,21,17535.0,16025.0,12230.0,20001.0,12617.0,15263.333333333334,16750.5,3
2024-10-01,P006,R04,11014,2024,10,22,17775.0,17535.0,16025.0,16063.0,16806.0,17111.666666666668,16379.5,4
2024-11-01,P006,R04,14200,2024,11,23,11014.0,17775.0,17535.0,18649.0,22265.0,15441.333333333334,15538.0,4
2024-12-01,P006,R04,9248,2024,12,24,14200.0,11014.0,17775.0,12230.0,14068.0,14329.666666666666,14796.5,4
2025-01-01,P006,R04,12441,2025,1,25,9248.0,14200.0,11014.0,16025.0,8415.0,11487.333333333334,14299.5,1
2025-02-01,P006,R04,13436,2025,2,26,12441.0,9248.0,14200.0,17535.0,18447.0,11963.0,13702.166666666666,1
2025-03-01,P006,R04,15383,2025,3,27,13436.0,12441.0,9248.0,17775.0,20001.0,11708.333333333334,13019.0,1
2025-04-01,P006,R04,11404,2025,4,28,15383.0,13436.0,12441.0,11014.0,16063.0,13753.333333333334,12620.333333333334,2
2025-05-01,P006,R04,18269,2025,5,29,11404.0,15383.0,13436.0,14200.0,18649.0,13407.666666666666,12685.333333333334,2
2025-06-01,P006,R04,15430,2025,6,30,18269.0,11404.0,15383.0,9248.0,12230.0,15018.666666666666,13363.5,2
2025-07-01,P006,R04,3376,2025,7,31,15430.0,18269.0,11404.0,12441.0,16025.0,15034.333333333334,14393.833333333334,3
2025-08-01,P006,R04,5272,2025,8,32,3376.0,15430.0,18269.0,13436.0,17535.0,12358.333333333334,12883.0,3
2025-09-01,P006,R04,13738,2025,9,33,5272.0,3376.0,15430.0,15383.0,17775.0,8026.0,11522.333333333334,3
2025-10-01,P006,R04,12074,2025,10,34,13738.0,5272.0,3376.0,11404.0,11014.0,7462.0,11248.166666666666,4
2025-11-01,P006,R04,9967,2025,11,35,12074.0,13738.0,5272.0,18269.0,14200.0,10361.333333333334,11359.833333333334,4
2025-12-01,P006,R04,13409,2025,12,36,9967.0,12074.0,13738.0,15430.0,9248.0,11926.333333333334,9976.166666666666,4
2023-01-01,P007,R01,5504,2023,1,1,,,,,,,,1
2023-02-01,P007,R01,7236,2023,2,2,5504.0,,,,,,,1
2023-03-01,P007,R01,3216,2023,3,3,7236.0,5504.0,,,,,,1
2023-04-01,P007,R01,5982,2023,4,4,3216.0,7236.0,5504.0,,,5318.666666666667,,2
2023-05-01,P007,R01,4610,2023,5,5,5982.0,3216.0,7236.0,,,5478.0,,2
2023-06-01,P007,R01,6346,2023,6,6,4610.0,5982.0,3216.0,,,4602.666666666667,,2
2023-07-01,P007,R01,13655,2023,7,7,6346.0,4610.0,5982.0,5504.0,,5646.0,5482.333333333333,3
2023-08-01,P007,R01,5211,2023,8,8,13655.0,6346.0,4610.0,7236.0,,8203.666666666666,6840.833333333333,3
2023-09-01,P007,R01,4190,2023,9,9,5211.0,13655.0,6346.0,3216.0,,8404.0,6503.333333333333,3
2023-10-01,P007,R01,10833,2023,10,10,4190.0,5211.0,13655.0,5982.0,,7685.333333333333,6665.666666666667,4
2023-11-01,P007,R01,4236,2023,11,11,10833.0,4190.0,5211.0,4610.0,,6744.666666666667,7474.166666666667,4
2023-12-01,P007,R01,3945,2023,12,12,4236.0,10833.0,4190.0,6346.0,,6419.666666666667,7411.833333333333,4
2024-01-01,P007,R01,11290,2024,1,13,3945.0,4236.0,10833.0,13655.0,5504.0,6338.0,7011.666666666667,1
2024-02-01,P007,R01,1559,2024,2,14,11290.0,3945.0,4236.0,5211.0,7236.0,6490.333333333333,6617.5,1
2024-03-01,P007,R01,7786,2024,3,15,1559.0,11290.0,3945.0,4190.0,3216.0,5598.0,6008.833333333333,1
2024-04-01,P007,R01,4125,2024,4,16,7786.0,1559.0,11290.0,10833.0,5982.0,6878.333333333333,6608.166666666667,2
2024-05-01,P007,R01,3033,2024,5,17,4125.0,7786.0,1559.0,4236.0,4610.0,4490.0,5490.166666666667,2
2024-06-01,P007,R01,5662,2024,6,18,3033.0,4125.0,7786.0,3945.0,6346.0,4981.333333333333,5289.666666666667,2
2024-07-01,P007,R01,6055,2024,7,19,5662.0,3033.0,4125.0,11290.0,13655.0,4273.333333333333,5575.833333333333,3
2024-08-01,P007,R01,4840,2024,8,20,6055.0,5662.0,3033.0,1559.0,5211.0,4916.666666666667,4703.333333333333,3
2024-09-01,P007,R01,8621,2024,9,21,4840.0,6055.0,5662.0,7786.0,4190.0,5519.0,5250.166666666667,3
2024-10-01,P007,R01,7386,2024,10,22,8621.0,4840.0,6055.0,4125.0,10833.0,6505.333333333333,5389.333333333333,4
2024-11-01,P007,R01,10552,2024,11,23,7386.0,8621.0,4840.0,3033.0,4236.0,6949.0,5932.833333333333,4
2024-12-01,P007,R01,6498,2024,12,24,10552.0,7386.0,8621.0,5662.0,3945.0,8853.0,7186.0,4
2025-01-01,P007,R01,3543,2025,1,25,6498.0,10552.0,7386.0,6055.0,11290.0,8145.333333333333,7325.333333333333,1
2025-02-01,P007,R01,6257,2025,2,26,3543.0,6498.0,10552.0,4840.0,1559.0,6864.333333333333,6906.666666666667,1
2025-03-01,P007,R01,8595,2025,3,27,6257.0,3543.0,6498.0,8621.0,7786.0,5432.666666666667,7142.833333333333,1
2025-04-01,P007,R01,9010,2025,4,28,8595.0,6257.0,3543.0,7386.0,4125.0,6131.666666666667,7138.5,2
2025-05-01,P007,R01,361,2025,5,29,9010.0,8595.0,6257.0,10552.0,3033.0,7954.0,7409.166666666667,2
2025-06-01,P007,R01,5648,2025,6,30,361.0,9010.0,8595.0,6498.0,5662.0,5988.666666666667,5710.666666666667,2
2025-07-01,P007,R01,3730,2025,7,31,5648.0,361.0,9010.0,3543.0,6055.0,5006.333333333333,5569.0,3
2025-08-01,P007,R01,7583,2025,8,32,3730.0,5648.0,361.0,6257.0,4840.0,3246.3333333333335,5600.166666666667,3
2025-09-01,P007,R01,11861,2025,9,33,7583.0,3730.0,5648.0,8595.0,8621.0,5653.666666666667,5821.166666666667,3
2025-10-01,P007,R01,7628,2025,10,34,11861.0,7583.0,3730.0,9010.0,7386.0,7724.666666666667,6365.5,4
2025-11-01,P007,R01,9025,2025,11,35,7628.0,11861.0,7583.0,361.0,10552.0,9024.0,6135.166666666667,4
2025-12-01,P007,R01,9629,2025,12,36,9025.0,7628.0,11861.0,5648.0,6498.0,9504.666666666666,7579.166666666667,4
2023-01-01,P007,R02,8352,2023,1,1,,,,,,,,1
2023-02-01,P007,R02,2650,2023,2,2,8352.0,,,,,,,1
2023-03-01,P007,R02,7429,2023,3,3,2650.0,8352.0,,,,,,1
2023-04-01,P007,R02,7896,2023,4,4,7429.0,2650.0,8352.0,,,6143.666666666667,,2
2023-05-01,P007,R02,13086,2023,5,5,7896.0,7429.0,2650.0,,,5991.666666666667,,2
2023-06-01,P007,R02,8815,2023,6,6,13086.0,7896.0,7429.0,,,9470.333333333334,,2
2023-07-01,P007,R02,15295,2023,7,7,8815.0,13086.0,7896.0,8352.0,,9932.333333333334,8038.0,3
2023-08-01,P007,R02,13981,2023,8,8,15295.0,8815.0,13086.0,2650.0,,12398.666666666666,9195.166666666666,3
2023-09-01,P007,R02,6896,2023,9,9,13981.0,15295.0,8815.0,7429.0,,12697.0,11083.666666666666,3
2023-10-01,P007,R02,2601,2023,10,10,6896.0,13981.0,15295.0,7896.0,,12057.333333333334,10994.833333333334,4
2023-11-01,P007,R02,8271,2023,11,11,2601.0,6896.0,13981.0,13086.0,,7826.0,10112.333333333334,4
2023-12-01,P007,R02,7181,2023,12,12,8271.0,2601.0,6896.0,8815.0,,5922.666666666667,9309.833333333334,4
2024-01-01,P007,R02,4870,2024,1,13,7181.0,8271.0,2601.0,15295.0,8352.0,6017.666666666667,9037.5,1
2024-02-01,P007,R02,8284,2024,2,14,4870.0,7181.0,8271.0,13981.0,2650.0,6774.0,7300.0,1
2024-03-01,P007,R02,3411,2024,3,15,8284.0,4870.0,7181.0,6896.0,7429.0,6778.333333333333,6350.5,1
2024-04-01,P007,R02,6436,2024,4,16,3411.0,8284.0,4870.0,2601.0,7896.0,5521.666666666667,5769.666666666667,2
2024-05-01,P007,R02,13991,2024,5,17,6436.0,3411.0,8284.0,8271.0,13086.0,6043.666666666667,6408.833333333333,2
2024-06-01,P007,R02,5160,2024,6,18,13991.0,6436.0,3411.0,7181.0,8815.0,7946.0,7362.166666666667,2
2024-07-01,P007,R02,8422,2024,7,19,5160.0,13991.0,6436.0,4870.0,15295.0,8529.0,7025.333333333333,3
2024-08-01,P007,R02,12942,2024,8,20,8422.0,5160.0,13991.0,8284.0,13981.0,9191.0,7617.333333333333,3
2024-09-01,P007,R02,6193,2024,9,21,12942.0,8422.0,5160.0,3411.0,6896.0,8841.333333333334,8393.666666666666,3
2024-10-01,P007,R02,6576,2024,10,22,6193.0,12942.0,8422.0,6436.0,2601.0,9185.666666666666,8857.333333333334,4
2024-11-01,P007,R02,11004,2024,11,23,6576.0,6193.0,12942.0,13991.0,8271.0,8570.333333333334,8880.666666666666,4
2024-12-01,P007,R02,10472,2024,12,24,11004.0,6576.0,6193.0,5160.0,7181.0,7924.333333333333,8382.833333333334,4
2025-01-01,P007,R02,8282,2025,1,25,10472.0,11004.0,6576.0,8422.0,4870.0,9350.666666666666,9268.166666666666,1
2025-02-01,P007,R02,9124,2025,2,26,8282.0,10472.0,11004.0,12942.0,8284.0,9919.333333333334,9244.833333333334,1
2025-03-01,P007,R02,11643,2025,3,27,9124.0,8282.0,10472.0,6193.0,3411.0,9292.666666666666,8608.5,1
2025-04-01,P007,R02,6710,2025,4,28,11643.0,9124.0,8282.0,6576.0,6436.0,9683.0,9516.833333333334,2
2025-05-01,P007,R02,10244,2025,5,29,6710.0,11643.0,9124.0,11004.0,13991.0,9159.0,9539.166666666666,2
2025-06-01,P007,R02,7455,2025,6,30,10244.0,6710.0,11643.0,10472.0,5160.0,9532.333333333334,9412.5,2
2025-07-01,P007,R02,6336,2025,7,31,7455.0,10244.0,6710.0,8282.0,8422.0,8136.333333333333,8909.666666666666,3
2025-08-01,P007,R02,3641,2025,8,32,6336.0,7455.0,10244.0,9124.0,12942.0,8011.666666666667,8585.333333333334,3
2025-09-01,P007,R02,9445,2025,9,33,3641.0,6336.0,7455.0,11643.0,6193.0,5810.666666666667,7671.5,3
2025-10-01,P007,R02,7126,2025,10,34,9445.0,3641.0,6336.0,6710.0,6576.0,6474.0,7305.166666666667,4
2025-11-01,P007,R02,7355,2025,11,35,7126.0,9445.0,3641.0,10244.0,11004.0,6737.333333333333,7374.5,4
2025-12-01,P007,R02,17343,2025,12,36,7355.0,7126.0,9445.0,7455.0,10472.0,7975.333333333333,6893.0,4
2023-01-01,P007,R03,7243,2023,1,1,,,,,,,,1
2023-02-01,P007,R03,7210,2023,2,2,7243.0,,,,,,,1
2023-03-01,P007,R03,2886,2023,3,3,7210.0,7243.0,,,,,,1
2023-04-01,P007,R03,4394,2023,4,4,2886.0,7210.0,7243.0,,,5779.666666666667,,2
2023-05-01,P007,R03,6300,2023,5,5,4394.0,2886.0,7210.0,,,4830.0,,2
2023-06-01,P007,R03,4116,2023,6,6,6300.0,4394.0,2886.0,,,4526.666666666667,,2
2023-07-01,P007,R03,2531,2023,7,7,4116.0,6300.0,4394.0,7243.0,,4936.666666666667,5358.166666666667,3
2023-08-01,P007,R03,3120,2023,8,8,2531.0,4116.0,6300.0,7210.0,,4315.666666666667,4572.833333333333,3
2023-09-01,P007,R03,4332,2023,9,9,3120.0,2531.0,4116.0,2886.0,,3255.6666666666665,3891.1666666666665,3
2023-10-01,P007,R03,3560,2023,10,10,4332.0,3120.0,2531.0,4394.0,,3327.6666666666665,4132.166666666667,4
2023-11-01,P007,R03,4362,2023,11,11,3560.0,4332.0,3120.0,6300.0,,3670.6666666666665,3993.1666666666665,4
2023-12-01,P007,R03,14121,2023,12,12,4362.0,3560.0,4332.0,4116.0,,4084.6666666666665,3670.1666666666665,4
2024-01-01,P007,R03,6601,2024,1,13,14121.0,4362.0,3560.0,2531.0,7243.0,7347.666666666667,5337.666666666667,1
2024-02-01,P007,R03,5398,2024,2,14,6601.0,14121.0,4362.0,3120.0,7210.0,8361.333333333334,6016.0,1
2024-03-01,P007,R03,2601,2024,3,15,5398.0,6601.0,14121.0,4332.0,2886.0,8706.666666666666,6395.666666666667,1
2024-04-01,P007,R03,2574,2024,4,16,2601.0,5398.0,6601.0,3560.0,4394.0,4866.666666666667,6107.166666666667,2
2024-05-01,P007,R03,3365,2024,5,17,2574.0,2601.0,5398.0,4362.0,6300.0,3524.3333333333335,5942.833333333333,2
2024-06-01,P007,R03,4840,2024,6,18,3365.0,2574.0,2601.0,14121.0,4116.0,2846.6666666666665,5776.666666666667,2
2024-07-01,P007,R03,8385,2024,7,19,4840.0,3365.0,2574.0,6601.0,2531.0,3593.0,4229.833333333333,3
2024-08-01,P007,R03,7622,2024,8,20,8385.0,4840.0,3365.0,5398.0,3120.0,5530.0,4527.166666666667,3
2024-09-01,P007,R03,602,2024,9,21,7622.0,8385.0,4840.0,2601.0,4332.0,6949.0,4897.833333333333,3
2024-10-01,P007,R03,7552,2024,10,22,602.0,7622.0,8385.0,2574.0,3560.0,5536.333333333333,4564.666666666667,4
2024-11-01,P007,R03,2712,2024,11,23,7552.0,602.0,7622.0,3365.0,4362.0,5258.666666666667,5394.333333333333,4
2024-12-01,P007,R03,5834,2024,12,24,2712.0,7552.0,602.0,4840.0,14121.0,3622.0,5285.5,4
2025-01-01,P007,R03,4878,2025,1,25,5834.0,2712.0,7552.0,8385.0,6601.0,5366.0,5451.166666666667,1
2025-02-01,P007,R03,7848,2025,2,26,4878.0,5834.0,2712.0,7622.0,5398.0,4474.666666666667,4866.666666666667,1
2025-03-01,P007,R03,2916,2025,3,27,7848.0,4878.0,5834.0,602.0,2601.0,6186.666666666667,4904.333333333333,1
2025-04-01,P007,R03,5600,2025,4,28,2916.0,7848.0,4878.0,7552.0,2574.0,5214.0,5290.0,2
2025-05-01,P007,R03,1840,2025,5,29,5600.0,2916.0,7848.0,2712.0,3365.0,5454.666666666667,4964.666666666667,2
2025-06-01,P007,R03,302,2025,6,30,1840.0,5600.0,2916.0,5834.0,4840.0,3452.0,4819.333333333333,2
2025-07-01,P007,R03,9510,2025,7,31,302.0,1840.0,5600.0,4878.0,8385.0,2580.6666666666665,3897.3333333333335,3
2025-08-01,P007,R03,1817,2025,8,32,9510.0,302.0,1840.0,7848.0,7622.0,3884.0,4669.333333333333,3
2025-09-01,P007,R03,4513,2025,9,33,1817.0,9510.0,302.0,2916.0,602.0,3876.3333333333335,3664.1666666666665,3
2025-10-01,P007,R03,5512,2025,10,34,4513.0,1817.0,9510.0,5600.0,7552.0,5280.0,3930.3333333333335,4
2025-11-01,P007,R03,10397,2025,11,35,5512.0,4513.0,1817.0,1840.0,2712.0,3947.3333333333335,3915.6666666666665,4
2025-12-01,P007,R03,1614,2025,12,36,10397.0,5512.0,4513.0,302.0,5834.0,6807.333333333333,5341.833333333333,4
2023-01-01,P007,R04,9940,2023,1,1,,,,,,,,1
2023-02-01,P007,R04,14066,2023,2,2,9940.0,,,,,,,1
2023-03-01,P007,R04,16742,2023,3,3,14066.0,9940.0,,,,,,1
2023-04-01,P007,R04,15079,2023,4,4,16742.0,14066.0,9940.0,,,13582.666666666666,,2
2023-05-01,P007,R04,7036,2023,5,5,15079.0,16742.0,14066.0,,,15295.666666666666,,2
2023-06-01,P007,R04,3758,2023,6,6,7036.0,15079.0,16742.0,,,12952.333333333334,,2
2023-07-01,P007,R04,25331,2023,7,7,3758.0,7036.0,15079.0,9940.0,,8624.333333333334,11103.5,3
2023-08-01,P007,R04,8464,2023,8,8,25331.0,3758.0,7036.0,14066.0,,12041.666666666666,13668.666666666666,3
2023-09-01,P007,R04,10802,2023,9,9,8464.0,25331.0,3758.0,16742.0,,12517.666666666666,12735.0,3
2023-10-01,P007,R04,10649,2023,10,10,10802.0,8464.0,25331.0,15079.0,,14865.666666666666,11745.0,4
2023-11-01,P007,R04,19803,2023,11,11,10649.0,10802.0,8464.0,7036.0,,9971.666666666666,11006.666666666666,4
2023-12-01,P007,R04,21970,2023,12,12,19803.0,10649.0,10802.0,3758.0,,13751.333333333334,13134.5,4
2024-01-01,P007,R04,16209,2024,1,13,21970.0,19803.0,10649.0,25331.0,9940.0,17474.0,16169.833333333334,1
2024-02-01,P007,R04,9448,2024,2,14,16209.0,21970.0,19803.0,8464.0,14066.0,19327.333333333332,14649.5,1
2024-03-01,P007,R04,14536,2024,3,15,9448.0,16209.0,21970.0,10802.0,16742.0,15875.666666666666,14813.5,1
2024-04-01,P007,R04,6668,2024,4,16,14536.0,9448.0,16209.0,10649.0,15079.0,13397.666666666666,15435.833333333334,2
2024-05-01,P007,R04,14510,2024,5,17,6668.0,14536.0,9448.0,19803.0,7036.0,10217.333333333334,14772.333333333334,2
2024-06-01,P007,R04,14785,2024,6,18,14510.0,6668.0,14536.0,21970.0,3758.0,11904.666666666666,13890.166666666666,2
2024-07-01,P007,R04,12455,2024,7,19,14785.0,14510.0,6668.0,16209.0,25331.0,11987.666666666666,12692.666666666666,3
2024-08-01,P007,R04,8995,2024,8,20,12455.0,14785.0,14510.0,9448.0,8464.0,13916.666666666666,12067.0,3
2024-09-01,P007,R04,11718,2024,9,21,8995.0,12455.0,14785.0,14536.0,10802.0,12078.333333333334,11991.5,3
2024-10-01,P007,R04,15887,2024,10,22,11718.0,8995.0,12455.0,6668.0,10649.0,11056.0,11521.833333333334,4
2024-11-01,P007,R04,16290,2024,11,23,15887.0,11718.0,8995.0,14510.0,19803.0,12200.0,13058.333333333334,4
2024-12-01,P007,R04,11259,2024,12,24,16290.0,15887.0,11718.0,14785.0,21970.0,14631.666666666666,13355.0,4
2025-01-01,P007,R04,6242,2025,1,25,11259.0,16290.0,15887.0,12455.0,16209.0,14478.666666666666,12767.333333333334,1
2025-02-01,P007,R04,9043,2025,2,26,6242.0,11259.0,16290.0,8995.0,9448.0,11263.666666666666,11731.833333333334,1
2025-03-01,P007,R04,10103,2025,3,27,9043.0,6242.0,11259.0,11718.0,14536.0,8848.0,11739.833333333334,1
2025-04-01,P007,R04,20690,2025,4,28,10103.0,9043.0,6242.0,15887.0,6668.0,8462.666666666666,11470.666666666666,2
2025-05-01,P007,R04,15893,2025,5,29,20690.0,10103.0,9043.0,16290.0,14510.0,13278.666666666666,12271.166666666666,2
2025-06-01,P007,R04,8867,2025,6,30,15893.0,20690.0,10103.0,11259.0,14785.0,15562.0,12205.0,2
2025-07-01,P007,R04,9075,2025,7,31,8867.0,15893.0,20690.0,6242.0,12455.0,15150.0,11806.333333333334,3
2025-08-01,P007,R04,9809,2025,8,32,9075.0,8867.0,15893.0,9043.0,8995.0,11278.333333333334,12278.5,3
2025-09-01,P007,R04,7724,2025,9,33,9809.0,9075.0,8867.0,10103.0,11718.0,9250.333333333334,12406.166666666666,3
2025-10-01,P007,R04,18449,2025,10,34,7724.0,9809.0,9075.0,20690.0,15887.0,8869.333333333334,12009.666666666666,4
2025-11-01,P007,R04,12290,2025,11,35,18449.0,7724.0,9809.0,15893.0,16290.0,11994.0,11636.166666666666,4
2025-12-01,P007,R04,15045,2025,12,36,12290.0,18449.0,7724.0,8867.0,11259.0,12821.0,11035.666666666666,4
2023-01-01,P008,R01,1550,2023,1,1,,,,,,,,1
2023-02-01,P008,R01,8173,2023,2,2,1550.0,,,,,,,1
2023-03-01,P008,R01,7918,2023,3,3,8173.0,1550.0,,,,,,1
2023-04-01,P008,R01,4994,2023,4,4,7918.0,8173.0,1550.0,,,5880.333333333333,,2
2023-05-01,P008,R01,3094,2023,5,5,4994.0,7918.0,8173.0,,,7028.333333333333,,2
2023-06-01,P008,R01,8260,2023,6,6,3094.0,4994.0,7918.0,,,5335.333333333333,,2
2023-07-01,P008,R01,6499,2023,7,7,8260.0,3094.0,4994.0,1550.0,,5449.333333333333,5664.833333333333,3
2023-08-01,P008,R01,4547,2023,8,8,6499.0,8260.0,3094.0,8173.0,,5951.0,6489.666666666667,3
2023-09-01,P008,R01,6236,2023,9,9,4547.0,6499.0,8260.0,7918.0,,6435.333333333333,5885.333333333333,3
2023-10-01,P008,R01,7949,2023,10,10,6236.0,4547.0,6499.0,4994.0,,5760.666666666667,5605.0,4
2023-11-01,P008,R01,8569,2023,11,11,7949.0,6236.0,4547.0,3094.0,,6244.0,6097.5,4
2023-12-01,P008,R01,9154,2023,12,12,8569.0,7949.0,6236.0,8260.0,,7584.666666666667,7010.0,4
2024-01-01,P008,R01,2538,2024,1,13,9154.0,8569.0,7949.0,6499.0,1550.0,8557.333333333334,7159.0,1
2024-02-01,P008,R01,10232,2024,2,14,2538.0,9154.0,8569.0,4547.0,8173.0,6753.666666666667,6498.833333333333,1
2024-03-01,P008,R01,7113,2024,3,15,10232.0,2538.0,9154.0,6236.0,7918.0,7308.0,7446.333333333333,1
2024-04-01,P008,R01,12933,2024,4,16,7113.0,10232.0,2538.0,7949.0,4994.0,6627.666666666667,7592.5,2
2024-05-01,P008,R01,2450,2024,5,17,12933.0,7113.0,10232.0,8569.0,3094.0,10092.666666666666,8423.166666666666,2
2024-06-01,P008,R01,6394,2024,6,18,2450.0,12933.0,7113.0,9154.0,8260.0,7498.666666666667,7403.333333333333,2
2024-07-01,P008,R01,10779,2024,7,19,6394.0,2450.0,12933.0,2538.0,6499.0,7259.0,6943.333333333333,3
2024-08-01,P008,R01,4764,2024,8,20,10779.0,6394.0,2450.0,10232.0,4547.0,6541.0,8316.833333333334,3
2024-09-01,P008,R01,8870,2024,9,21,4764.0,10779.0,6394.0,7113.0,6236.0,7312.333333333333,7405.5,3
2024-10-01,P008,R01,4110,2024,10,22,8870.0,4764.0,10779.0,12933.0,7949.0,8137.666666666667,7698.333333333333,4
2024-11-01,P008,R01,9638,2024,11,23,4110.0,8870.0,4764.0,2450.0,8569.0,5914.666666666667,6227.833333333333,4
2024-12-01,P008,R01,8546,2024,12,24,9638.0,4110.0,8870.0,6394.0,9154.0,7539.333333333333,7425.833333333333,4
2025-01-01,P008,R01,9278,2025,1,25,8546.0,9638.0,4110.0,10779.0,2538.0,7431.333333333333,7784.5,1
2025-02-01,P008,R01,7446,2025,2,26,9278.0,8546.0,9638.0,4764.0,10232.0,9154.0,7534.333333333333,1
2025-03-01,P008,R01,9550,2025,3,27,7446.0,9278.0,8546.0,8870.0,7113.0,8423.333333333334,7981.333333333333,1
2025-04-01,P008,R01,3497,2025,4,28,9550.0,7446.0,9278.0,4110.0,12933.0,8758.0,8094.666666666667,2
2025-05-01,P008,R01,5343,2025,5,29,3497.0,9550.0,7446.0,9638.0,2450.0,6831.0,7992.5,2
2025-06-01,P008,R01,4043,2025,6,30,5343.0,3497.0,9550.0,8546.0,6394.0,6130.0,7276.666666666667,2
2025-07-01,P008,R01,3169,2025,7,31,4043.0,5343.0,3497.0,9278.0,10779.0,4294.333333333333,6526.166666666667,3
2025-08-01,P008,R01,3893,2025,8,32,3169.0,4043.0,5343.0,7446.0,4764.0,4185.0,5508.0,3
2025-09-01,P008,R01,7808,2025,9,33,3893.0,3169.0,4043.0,9550.0,8870.0,3701.6666666666665,4915.833333333333,3
2025-10-01,P008,R01,8286,2025,10,34,7808.0,3893.0,3169.0,3497.0,4110.0,4956.666666666667,4625.5,4
2025-11-01,P008,R01,5416,2025,11,35,8286.0,7808.0,3893.0,5343.0,9638.0,6662.333333333333,5423.666666666667,4
2025-12-01,P008,R01,10155,2025,12,36,5416.0,8286.0,7808.0,4043.0,8546.0,7170.0,5435.833333333333,4
2023-01-01,P008,R02,15467,2023,1,1,,,,,,,,1
2023-02-01,P008,R02,10196,2023,2,2,15467.0,,,,,,,1
2023-03-01,P008,R02,10403,2023,3,3,10196.0,15467.0,,,,,,1
2023-04-01,P008,R02,6544,2023,4,4,10403.0,10196.0,15467.0,,,12022.0,,2
2023-05-01,P008,R02,11183,2023,5,5,6544.0,10403.0,10196.0,,,9047.666666666666,,2
2023-06-01,P008,R02,11178,2023,6,6,11183.0,6544.0,10403.0,,,9376.666666666666,,2
2023-07-01,P008,R02,5141,2023,7,7,11178.0,11183.0,6544.0,15467.0,,9635.0,10828.5,3
2023-08-01,P008,R02,10136,2023,8,8,5141.0,11178.0,11183.0,10196.0,,9167.333333333334,9107.5,3
2023-09-01,P008,R02,1876,2023,9,9,10136.0,5141.0,11178.0,10403.0,,8818.333333333334,9097.5,3
2023-10-01,P008,R02,15379,2023,10,10,1876.0,10136.0,5141.0,6544.0,,5717.666666666667,7676.333333333333,4
2023-11-01,P008,R02,11261,2023,11,11,15379.0,1876.0,10136.0,11183.0,,9130.333333333334,9148.833333333334,4
2023-12-01,P008,R02,6163,2023,12,12,11261.0,15379.0,1876.0,11178.0,,9505.333333333334,9161.833333333334,4
2024-01-01,P008,R02,11863,2024,1,13,6163.0,11261.0,15379.0,5141.0,15467.0,10934.333333333334,8326.0,1
2024-02-01,P008,R02,6340,2024,2,14,11863.0,6163.0,11261.0,10136.0,10196.0,9762.333333333334,9446.333333333334,1
2024-03-01,P008,R02,8694,2024,3,15,6340.0,11863.0,6163.0,1876.0,10403.0,8122.0,8813.666666666666,1
2024-04-01,P008,R02,8744,2024,4,16,8694.0,6340.0,11863.0,15379.0,6544.0,8965.666666666666,9950.0,2
2024-05-01,P008,R02,4972,2024,5,17,8744.0,8694.0,6340.0,11261.0,11183.0,7926.0,8844.166666666666,2
2024-06-01,P008,R02,9525,2024,6,18,4972.0,8744.0,8694.0,6163.0,11178.0,7470.0,7796.0,2
2024-07-01,P008,R02,7534,2024,7,19,9525.0,4972.0,8744.0,11863.0,5141.0,7747.0,8356.333333333334,3
2024-08-01,P008,R02,16629,2024,8,20,7534.0,9525.0,4972.0,6340.0,10136.0,7343.666666666667,7634.833333333333,3
2024-09-01,P008,R02,21418,2024,9,21,16629.0,7534.0,9525.0,8694.0,1876.0,11229.333333333334,9349.666666666666,3
2024-10-01,P008,R02,14699,2024,10,22,21418.0,16629.0,7534.0,8744.0,15379.0,15193.666666666666,11470.333333333334,4
2024-11-01,P008,R02,4484,2024,11,23,14699.0,21418.0,16629.0,4972.0,11261.0,17582.0,12462.833333333334,4
2024-12-01,P008,R02,11938,2024,12,24,4484.0,14699.0,21418.0,9525.0,6163.0,13533.666666666666,12381.5,4
2025-01-01,P008,R02,4598,2025,1,25,11938.0,4484.0,14699.0,7534.0,11863.0,10373.666666666666,12783.666666666666,1
2025-02-01,P008,R02,2205,2025,2,26,4598.0,11938.0,4484.0,16629.0,6340.0,7006.666666666667,12294.333333333334,1
2025-03-01,P008,R02,9941,2025,3,27,2205.0,4598.0,11938.0,21418.0,8694.0,6247.0,9890.333333333334,1
2025-04-01,P008,R02,11407,2025,4,28,9941.0,2205.0,4598.0,14699.0,8744.0,5581.333333333333,7977.5,2
2025-05-01,P008,R02,8065,2025,5,29,11407.0,9941.0,2205.0,4484.0,4972.0,7851.0,7428.833333333333,2
2025-06-01,P008,R02,8048,2025,6,30,8065.0,11407.0,9941.0,11938.0,9525.0,9804.333333333334,8025.666666666667,2
2025-07-01,P008,R02,10832,2025,7,31,8048.0,8065.0,11407.0,4598.0,7534.0,9173.333333333334,7377.333333333333,3
2025-08-01,P008,R02,11121,2025,8,32,10832.0,8048.0,8065.0,2205.0,16629.0,8981.666666666666,8416.333333333334,3
2025-09-01,P008,R02,10313,2025,9,33,11121.0,10832.0,8048.0,9941.0,21418.0,10000.333333333334,9902.333333333334,3
2025-10-01,P008,R02,11161,2025,10,34,10313.0,11121.0,10832.0,11407.0,14699.0,10755.333333333334,9964.333333333334,4
2025-11-01,P008,R02,7939,2025,11,35,11161.0,10313.0,11121.0,8065.0,4484.0,10865.0,9923.333333333334,4
2025-12-01,P008,R02,5950,2025,12,36,7939.0,11161.0,10313.0,8048.0,11938.0,9804.333333333334,9902.333333333334,4
2023-01-01,P008,R03,5426,2023,1,1,,,,,,,,1
2023-02-01,P008,R03,6495,2023,2,2,5426.0,,,,,,,1
2023-03-01,P008,R03,5095,2023,3,3,6495.0,5426.0,,,,,,1
2023-04-01,P008,R03,4234,2023,4,4,5095.0,6495.0,5426.0,,,5672.0,,2
2023-05-01,P008,R03,4733,2023,5,5,4234.0,5095.0,6495.0,,,5274.666666666667,,2
2023-06-01,P008,R03,2739,2023,6,6,4733.0,4234.0,5095.0,,,4687.333333333333,,2
2023-07-01,P008,R03,2447,2023,7,7,2739.0,4733.0,4234.0,5426.0,,3902.0,4787.0,3
2023-08-01,P008,R03,1244,2023,8,8,2447.0,2739.0,4733.0,6495.0,,3306.3333333333335,4290.5,3
2023-09-01,P008,R03,4786,2023,9,9,1244.0,2447.0,2739.0,5095.0,,2143.3333333333335,3415.3333333333335,3
2023-10-01,P008,R03,2543,2023,10,10,4786.0,1244.0,2447.0,4234.0,,2825.6666666666665,3363.8333333333335,4
2023-11-01,P008,R03,10397,2023,11,11,2543.0,4786.0,1244.0,4733.0,,2857.6666666666665,3082.0,4
2023-12-01,P008,R03,6918,2023,12,12,10397.0,2543.0,4786.0,2739.0,,5908.666666666667,4026.0,4
2024-01-01,P008,R03,809,2024,1,13,6918.0,10397.0,2543.0,2447.0,5426.0,6619.333333333333,4722.5,1
2024-02-01,P008,R03,4787,2024,2,14,809.0,6918.0,10397.0,1244.0,6495.0,6041.333333333333,4449.5,1
2024-03-01,P008,R03,6862,2024,3,15,4787.0,809.0,6918.0,4786.0,5095.0,4171.333333333333,5040.0,1
2024-04-01,P008,R03,7270,2024,4,16,6862.0,4787.0,809.0,2543.0,4234.0,4152.666666666667,5386.0,2
2024-05-01,P008,R03,7038,2024,5,17,7270.0,6862.0,4787.0,10397.0,4733.0,6306.333333333333,6173.833333333333,2
2024-06-01,P008,R03,1138,2024,6,18,7038.0,7270.0,6862.0,6918.0,2739.0,7056.666666666667,5614.0,2
2024-07-01,P008,R03,2134,2024,7,19,1138.0,7038.0,7270.0,809.0,2447.0,5148.666666666667,4650.666666666667,3
2024-08-01,P008,R03,4749,2024,8,20,2134.0,1138.0,7038.0,4787.0,1244.0,3436.6666666666665,4871.5,3
2024-09-01,P008,R03,3144,2024,9,21,4749.0,2134.0,1138.0,6862.0,4786.0,2673.6666666666665,4865.166666666667,3
2024-10-01,P008,R03,4489,2024,10,22,3144.0,4749.0,2134.0,7270.0,2543.0,3342.3333333333335,4245.5,4
2024-11-01,P008,R03,3071,2024,11,23,4489.0,3144.0,4749.0,7038.0,10397.0,4127.333333333333,3782.0,4
2024-12-01,P008,R03,8840,2024,12,24,3071.0,4489.0,3144.0,1138.0,6918.0,3568.0,3120.8333333333335,4
2025-01-01,P008,R03,6214,2025,1,25,8840.0,3071.0,4489.0,2134.0,809.0,5466.666666666667,4404.5,1
2025-02-01,P008,R03,4689,2025,2,26,6214.0,8840.0,3071.0,4749.0,4787.0,6041.666666666667,5084.5,1
2025-03-01,P008,R03,5317,2025,3,27,4689.0,6214.0,8840.0,3144.0,6862.0,6581.0,5074.5,1
2025-04-01,P008,R03,8934,2025,4,28,5317.0,4689.0,6214.0,4489.0,7270.0,5406.666666666667,5436.666666666667,2
2025-05-01,P008,R03,4517,2025,5,29,8934.0,5317.0,4689.0,3071.0,7038.0,6313.333333333333,6177.5,2
2025-06-01,P008,R03,5557,2025,6,30,4517.0,8934.0,5317.0,8840.0,1138.0,6256.0,6418.5,2
2025-07-01,P008,R03,10127,2025,7,31,5557.0,4517.0,8934.0,6214.0,2134.0,6336.0,5871.333333333333,3
2025-08-01,P008,R03,6378,2025,8,32,10127.0,5557.0,4517.0,4689.0,4749.0,6733.666666666667,6523.5,3
2025-09-01,P008,R03,1764,2025,9,33,6378.0,10127.0,5557.0,5317.0,3144.0,7354.0,6805.0,3
2025-10-01,P008,R03,6211,2025,10,34,1764.0,6378.0,10127.0,8934.0,4489.0,6089.666666666667,6212.833333333333,4
2025-11-01,P008,R03,845,2025,11,35,6211.0,1764.0,6378.0,4517.0,3071.0,4784.333333333333,5759.0,4
2025-12-01,P008,R03,6157,2025,12,36,845.0,6211.0,1764.0,5557.0,8840.0,2940.0,5147.0,4
2023-01-01,P008,R04,15779,2023,1,1,,,,,,,,1
2023-02-01,P008,R04,19075,2023,2,2,15779.0,,,,,,,1
2023-03-01,P008,R04,7811,2023,3,3,19075.0,15779.0,,,,,,1
2023-04-01,P008,R04,15002,2023,4,4,7811.0,19075.0,15779.0,,,14221.666666666666,,2
2023-05-01,P008,R04,12828,2023,5,5,15002.0,7811.0,19075.0,,,13962.666666666666,,2
2023-06-01,P008,R04,12471,2023,6,6,12828.0,15002.0,7811.0,,,11880.333333333334,,2
2023-07-01,P008,R04,9816,2023,7,7,12471.0,12828.0,15002.0,15779.0,,13433.666666666666,13827.666666666666,3
2023-08-01,P008,R04,17304,2023,8,8,9816.0,12471.0,12828.0,19075.0,,11705.0,12833.833333333334,3
2023-09-01,P008,R04,10394,2023,9,9,17304.0,9816.0,12471.0,7811.0,,13197.0,12538.666666666666,3
2023-10-01,P008,R04,13245,2023,10,10,10394.0,17304.0,9816.0,15002.0,,12504.666666666666,12969.166666666666,4
2023-11-01,P008,R04,19191,2023,11,11,13245.0,10394.0,17304.0,12828.0,,13647.666666666666,12676.333333333334,4
2023-12-01,P008,R04,13208,2023,12,12,19191.0,13245.0,10394.0,12471.0,,14276.666666666666,13736.833333333334,4
2024-01-01,P008,R04,15441,2024,1,13,13208.0,19191.0,13245.0,9816.0,15779.0,15214.666666666666,13859.666666666666,1
2024-02-01,P008,R04,23425,2024,2,14,15441.0,13208.0,19191.0,17304.0,19075.0,15946.666666666666,14797.166666666666,1
2024-03-01,P008,R04,13560,2024,3,15,23425.0,15441.0,13208.0,10394.0,7811.0,17358.0,15817.333333333334,1
2024-04-01,P008,R04,16241,2024,4,16,13560.0,23425.0,15441.0,13245.0,15002.0,17475.333333333332,16345.0,2
2024-05-01,P008,R04,14708,2024,5,17,16241.0,13560.0,23425.0,19191.0,12828.0,17742.0,16844.333333333332,2
2024-06-01,P008,R04,13346,2024,6,18,14708.0,16241.0,13560.0,13208.0,12471.0,14836.333333333334,16097.166666666666,2
2024-07-01,P008,R04,16626,2024,7,19,13346.0,14708.0,16241.0,15441.0,9816.0,14765.0,16120.166666666666,3
2024-08-01,P008,R04,9320,2024,8,20,16626.0,13346.0,14708.0,23425.0,17304.0,14893.333333333334,16317.666666666666,3
2024-09-01,P008,R04,14703,2024,9,21,9320.0,16626.0,13346.0,13560.0,10394.0,13097.333333333334,13966.833333333334,3
2024-10-01,P008,R04,9335,2024,10,22,14703.0,9320.0,16626.0,16241.0,13245.0,13549.666666666666,14157.333333333334,4
2024-11-01,P008,R04,11955,2024,11,23,9335.0,14703.0,9320.0,14708.0,19191.0,11119.333333333334,13006.333333333334,4
2024-12-01,P008,R04,21525,2024,12,24,11955.0,9335.0,14703.0,13346.0,13208.0,11997.666666666666,12547.5,4
2025-01-01,P008,R04,16178,2025,1,25,21525.0,11955.0,9335.0,16626.0,15441.0,14271.666666666666,13910.666666666666,1
2025-02-01,P008,R04,8525,2025,2,26,16178.0,21525.0,11955.0,9320.0,23425.0,16552.666666666668,13836.0,1
2025-03-01,P008,R04,21567,2025,3,27,8525.0,16178.0,21525.0,14703.0,13560.0,15409.333333333334,13703.5,1
2025-04-01,P008,R04,12480,2025,4,28,21567.0,8525.0,16178.0,9335.0,16241.0,15423.333333333334,14847.5,2
2025-05-01,P008,R04,12675,2025,5,29,12480.0,21567.0,8525.0,11955.0,14708.0,14190.666666666666,15371.666666666666,2
2025-06-01,P008,R04,14338,2025,6,30,12675.0,12480.0,21567.0,21525.0,13346.0,15574.0,15491.666666666666,2
2025-07-01,P008,R04,12345,2025,7,31,14338.0,12675.0,12480.0,16178.0,16626.0,13164.333333333334,14293.833333333334,3
2025-08-01,P008,R04,15982,2025,8,32,12345.0,14338.0,12675.0,8525.0,9320.0,13119.333333333334,13655.0,3
2025-09-01,P008,R04,7396,2025,9,33,15982.0,12345.0,14338.0,21567.0,14703.0,14221.666666666666,14897.833333333334,3
2025-10-01,P008,R04,15618,2025,10,34,7396.0,15982.0,12345.0,12480.0,9335.0,11907.666666666666,12536.0,4
2025-11-01,P008,R04,16208,2025,11,35,15618.0,7396.0,15982.0,12675.0,11955.0,12998.666666666666,13059.0,4
2025-12-01,P008,R04,12527,2025,12,36,16208.0,15618.0,7396.0,14338.0,21525.0,13074.0,13647.833333333334,4
