Order_ID,Order_Date,Customer_ID,Product_ID,Region_ID,Quantity,Unit_Price,Revenue,Delivery_Days,Order_Status
SO00001,2025-03-12,C005,P007,R04,1563,192.06,300189.78,11,Completed
SO00002,2025-10-08,C012,P007,R01,979,65.8,64418.2,25,Completed
SO00003,2023-12-10,C035,P003,R02,733,326.03,238979.99,29,Delayed
SO00004,2024-09-16,C047,P003,R04,1535,427.48,656181.8,7,Completed
SO00005,2024-09-16,C039,P007,R01,844,270.91,228648.04,17,Completed
SO00006,2023-05-07,C032,P004,R02,792,248.18,196558.56,6,Completed
SO00007,2025-10-01,C045,P002,R03,1728,382.66,661236.48,6,Completed
SO00008,2025-11-05,C022,P005,R02,1869,466.25,871421.25,15,Completed
SO00009,2023-11-25,C028,P001,R04,1101,124.85,137459.85,22,Completed
SO00010,2025-09-14,C028,P005,R04,1546,172.64,266901.44,3,Completed
SO00011,2023-11-01,C013,P006,R01,1818,166.3,302333.4,8,Completed
SO00012,2024-07-21,C037,P004,R04,1298,77.54,100646.92,14,Completed
SO00013,2023-10-05,C032,P002,R02,1681,287.89,483943.09,22,Completed
SO00014,2024-02-04,C012,P008,R01,1583,354.23,560746.09,5,Completed
SO00015,2023-11-30,C017,P003,R03,748,312.59,233817.32,4,Completed
SO00016,2024-03-29,C032,P001,R02,1298,324.49,421188.02,4,Completed
SO00017,2024-08-13,C006,P004,R04,1489,304.49,453385.61,25,Completed
SO00018,2025-04-18,C038,P002,R02,329,245.74,80848.46,4,Completed
SO00019,2024-11-28,C048,P005,R04,193,420.95,81243.35,29,Delayed
SO00020,2023-08-01,C020,P001,R01,813,345.23,280671.99,21,Completed
SO00021,2025-02-20,C020,P007,R01,913,66.16,60404.08,11,Completed
SO00022,2025-01-28,C018,P003,R04,921,86.01,79215.21,27,Delayed
SO00023,2023-05-10,C030,P008,R02,1371,143.81,197163.51,18,Completed
SO00024,2025-06-20,C049,P005,R03,51,498.2,25408.2,14,Completed
SO00025,2024-09-13,C009,P008,R02,1306,187.62,245031.72,18,Completed
SO00026,2025-07-24,C033,P007,R02,1993,428.45,853900.85,19,Completed
SO00027,2023-07-03,C020,P008,R01,303,24.41,7396.23,27,Delayed
SO00028,2024-12-28,C046,P001,R01,387,253.09,97945.83,5,Completed
SO00029,2024-12-17,C033,P002,R02,1653,133.88,221303.64,23,Completed
SO00030,2023-07-23,C008,P003,R04,1208,366.05,442188.4,3,Completed
SO00031,2024-08-26,C022,P004,R02,1448,140.22,203038.56,8,Completed
SO00032,2025-12-11,C008,P004,R04,1356,228.51,309859.56,23,Completed
SO00033,2024-07-11,C033,P005,R02,502,130.49,65505.98,18,Completed
SO00034,2023-11-10,C049,P001,R03,1585,105.01,166440.85,16,Completed
SO00035,2025-10-08,C041,P003,R02,1110,465.59,516804.9,19,Completed
SO00036,2024-09-06,C033,P005,R02,1189,161.34,191833.26,23,Completed
SO00037,2023-08-06,C003,P003,R03,177,198.89,35203.53,12,Completed
SO00038,2025-10-29,C040,P006,R01,735,66.64,48980.4,17,Completed
SO00039,2025-12-22,C027,P001,R03,539,441.14,237774.46,19,Completed
SO00040,2025-07-26,C048,P001,R04,1112,160.92,178943.04,25,Completed
SO00041,2024-04-08,C024,P002,R02,574,59.17,33963.58,9,Completed
SO00042,2024-07-10,C001,P007,R01,1849,356.94,659982.06,18,Completed
SO00043,2023-02-27,C015,P008,R04,1165,297.86,347006.9,25,Completed
SO00044,2025-01-06,C022,P003,R02,363,432.99,157175.37,19,Completed
SO00045,2023-02-12,C043,P007,R04,493,176.79,87157.47,10,Completed
SO00046,2025-04-28,C005,P002,R04,1176,60.97,71700.72,15,Completed
SO00047,2023-08-10,C035,P004,R02,872,86.41,75349.52,18,Completed
SO00048,2025-12-08,C030,P004,R02,1732,401.69,695727.08,21,Completed
SO00049,2024-04-30,C037,P001,R04,1547,482.07,745762.29,25,Completed
SO00050,2024-04-18,C001,P006,R01,1131,459.3,519468.3,17,Completed
SO00051,2023-10-11,C048,P005,R04,1674,336.89,563953.86,23,Completed
SO00052,2024-12-03,C005,P004,R04,839,370.42,310782.38,5,Completed
SO00053,2023-10-08,C037,P003,R04,1159,26.91,31188.69,16,Completed
SO00054,2023-04-15,C030,P001,R02,1823,490.17,893579.91,7,Completed
SO00055,2024-06-09,C048,P001,R04,390,247.27,96435.3,3,Completed
SO00056,2024-05-29,C010,P006,R04,1831,324.84,594782.04,4,Completed
SO00057,2023-10-21,C019,P001,R04,491,260.5,127905.5,26,Completed
SO00058,2024-12-23,C024,P002,R02,385,328.36,126418.6,19,Completed
SO00059,2025-08-16,C020,P005,R01,1737,345.04,599334.48,5,Completed
SO00060,2024-12-08,C043,P004,R04,1686,320.45,540278.7,3,Completed
SO00061,2025-11-23,C044,P008,R01,334,53.29,17798.86,16,Completed
SO00062,2023-01-21,C035,P001,R02,776,54.17,42035.92,10,Completed
SO00063,2024-02-29,C034,P006,R02,164,155.29,25467.56,6,Completed
SO00064,2025-01-30,C011,P003,R04,462,38.81,17930.22,27,Delayed
SO00065,2025-06-05,C010,P003,R04,1942,380.3,738542.6,5,Completed
SO00066,2025-12-22,C018,P003,R04,1058,392.68,415455.44,26,Completed
SO00067,2025-08-16,C012,P005,R01,1442,346.33,499407.86,25,Completed
SO00068,2025-04-10,C017,P001,R03,1954,262.52,512964.08,18,Completed
SO00069,2024-03-05,C019,P003,R04,226,45.67,10321.42,11,Completed
SO00070,2025-07-24,C028,P003,R04,767,344.85,264499.95,22,Completed
SO00071,2024-09-30,C005,P005,R04,1172,309.17,362347.24,22,Completed
SO00072,2025-01-07,C023,P006,R04,1217,399.02,485607.34,15,Completed
SO00073,2025-10-24,C014,P008,R03,1296,46.82,60678.72,5,Completed
SO00074,2025-09-09,C018,P003,R04,800,88.64,70912.0,12,Completed
SO00075,2025-07-13,C038,P007,R02,1592,224.52,357435.84,10,Completed
SO00076,2023-03-24,C002,P007,R04,1590,266.4,423576.0,8,Completed
SO00077,2025-12-18,C001,P003,R01,1415,410.14,580348.1,9,Completed
SO00078,2025-12-18,C006,P006,R04,1325,60.08,79606.0,14,Completed
SO00079,2024-09-13,C026,P004,R04,1604,73.37,117685.48,5,Completed
SO00080,2023-10-14,C020,P004,R01,525,388.25,203831.25,11,Completed
SO00081,2025-03-29,C028,P006,R04,239,212.11,50694.29,19,Completed
SO00082,2023-04-05,C006,P005,R04,107,25.83,2763.81,15,Completed
SO00083,2023-02-19,C021,P008,R01,252,461.18,116217.36,6,Completed
SO00084,2024-09-08,C018,P008,R04,96,322.11,30922.56,16,Completed
SO00085,2023-11-23,C003,P008,R03,705,373.81,263536.05,13,Completed
SO00086,2023-11-10,C008,P008,R04,407,238.72,97159.04,23,Completed
SO00087,2023-11-06,C026,P002,R04,1721,189.61,326318.81,20,Completed
SO00088,2023-10-26,C036,P003,R04,1777,237.56,422144.12,19,Completed
SO00089,2023-11-09,C013,P004,R01,781,150.06,117196.86,15,Completed
SO00090,2025-10-04,C018,P007,R04,932,368.35,343302.2,17,Completed
SO00091,2025-10-13,C030,P001,R02,1315,284.76,374459.4,7,Completed
SO00092,2023-01-30,C001,P004,R01,195,493.89,96308.55,19,Completed
SO00093,2024-02-19,C025,P006,R01,1927,418.0,805486.0,19,Completed
SO00094,2025-07-14,C035,P004,R02,560,151.24,84694.4,18,Completed
SO00095,2023-03-27,C005,P006,R04,1936,379.96,735602.56,5,Completed
SO00096,2024-09-09,C037,P007,R04,763,427.83,326434.29,19,Completed
SO00097,2023-10-02,C001,P002,R01,100,151.87,15187.0,6,Completed
SO00098,2023-09-18,C032,P006,R02,83,191.92,15929.36,10,Completed
SO00099,2023-01-26,C003,P004,R03,1964,167.73,329421.72,3,Completed
SO00100,2024-09-05,C030,P005,R02,812,213.67,173500.04,18,Completed
SO00101,2024-06-16,C037,P004,R04,902,326.89,294854.78,13,Completed
SO00102,2023-08-31,C034,P002,R02,855,311.88,266657.4,20,Completed
SO00103,2024-03-08,C034,P004,R02,1381,282.77,390505.37,3,Completed
SO00104,2025-05-13,C042,P003,R04,1636,354.87,580567.32,6,Completed
SO00105,2024-05-23,C017,P007,R03,1581,51.79,81879.99,7,Completed
SO00106,2025-12-12,C013,P004,R01,175,324.03,56705.25,18,Completed
SO00107,2024-01-10,C023,P005,R04,1256,300.69,377666.64,13,Completed
SO00108,2023-06-07,C040,P006,R01,949,185.92,176438.08,5,Completed
SO00109,2025-08-24,C032,P004,R02,110,112.3,12353.0,21,Completed
SO00110,2025-06-26,C042,P003,R04,1902,35.27,67083.54,8,Completed
SO00111,2023-05-18,C026,P004,R04,1119,194.85,218037.15,16,Completed
SO00112,2023-12-29,C026,P003,R04,298,250.95,74783.1,24,Completed
SO00113,2023-04-03,C048,P007,R04,1646,21.25,34977.5,6,Completed
SO00114,2025-06-08,C015,P006,R04,352,197.83,69636.16,24,Completed
SO00115,2023-09-26,C014,P007,R03,1289,365.85,471580.65,28,Delayed
SO00116,2023-02-11,C007,P003,R02,1076,449.7,483877.2,16,Completed
SO00117,2025-04-05,C018,P001,R04,1579,189.99,299994.21,21,Completed
SO00118,2023-10-03,C037,P003,R04,77,29.63,2281.51,27,Delayed
SO00119,2025-07-17,C044,P001,R01,586,447.45,262205.7,22,Completed
SO00120,2024-06-09,C041,P003,R02,158,250.2,39531.6,6,Completed
SO00121,2024-08-20,C008,P005,R04,1442,290.94,419535.48,12,Completed
SO00122,2023-11-13,C026,P003,R04,1393,293.97,409500.21,26,Completed
SO00123,2024-07-06,C033,P003,R02,1510,68.86,103978.6,8,Completed
SO00124,2024-02-06,C030,P004,R02,892,62.19,55473.48,26,Completed
SO00125,2025-09-19,C031,P001,R02,1113,354.54,394603.02,26,Completed
SO00126,2023-05-08,C028,P004,R04,124,435.44,53994.56,8,Completed
SO00127,2025-12-07,C038,P004,R02,996,414.01,412353.96,4,Completed
SO00128,2024-09-11,C045,P005,R03,1373,118.44,162618.12,28,Delayed
SO00129,2023-12-22,C033,P004,R02,581,136.36,79225.16,17,Completed
SO00130,2025-02-15,C038,P007,R02,1878,262.93,493782.54,6,Completed
SO00131,2023-12-19,C006,P005,R04,739,238.05,175918.95,7,Completed
SO00132,2023-03-14,C013,P008,R01,1241,408.74,507246.34,3,Completed
SO00133,2023-06-07,C009,P001,R02,960,246.36,236505.6,25,Completed
SO00134,2025-05-25,C005,P001,R04,367,378.07,138751.69,20,Completed
SO00135,2023-05-22,C009,P006,R02,637,202.03,128693.11,3,Completed
SO00136,2025-03-26,C029,P005,R02,1913,417.41,798505.33,7,Completed
SO00137,2023-08-18,C021,P002,R01,1238,411.0,508818.0,29,Delayed
SO00138,2024-11-29,C025,P008,R01,1822,302.39,550954.58,20,Completed
SO00139,2025-06-20,C014,P004,R03,849,242.09,205534.41,8,Completed
SO00140,2024-08-23,C033,P004,R02,714,190.57,136066.98,17,Completed
SO00141,2024-02-27,C040,P005,R01,153,319.63,48903.39,21,Completed
SO00142,2024-04-22,C008,P003,R04,603,86.85,52370.55,17,Completed
SO00143,2025-08-29,C030,P004,R02,1304,295.11,384823.44,8,Completed
SO00144,2025-04-08,C027,P006,R03,1000,88.7,88700.0,6,Completed
SO00145,2024-09-26,C010,P007,R04,914,69.4,63431.6,15,Completed
SO00146,2023-05-06,C024,P007,R02,997,210.7,210067.9,10,Completed
SO00147,2023-06-20,C012,P002,R01,1758,365.62,642759.96,21,Completed
SO00148,2025-01-31,C043,P005,R04,1356,185.93,252121.08,13,Completed
SO00149,2025-11-21,C006,P003,R04,761,223.33,169954.13,28,Delayed
SO00150,2025-11-09,C013,P002,R01,1689,262.83,443919.87,27,Delayed
SO00151,2023-10-16,C043,P006,R04,1533,69.06,105868.98,18,Completed
SO00152,2025-02-03,C008,P008,R04,176,93.22,16406.72,28,Delayed
SO00153,2023-03-20,C014,P001,R03,1369,423.41,579648.29,13,Completed
SO00154,2024-05-13,C021,P001,R01,1419,422.67,599768.73,24,Completed
SO00155,2025-07-13,C040,P003,R01,1984,211.52,419655.68,11,Completed
SO00156,2025-03-29,C026,P002,R04,986,74.85,73802.1,22,Completed
SO00157,2024-08-20,C002,P008,R04,1976,186.54,368603.04,4,Completed
SO00158,2025-10-12,C044,P005,R01,812,87.61,71139.32,26,Completed
SO00159,2024-10-04,C024,P002,R02,1234,193.95,239334.3,13,Completed
SO00160,2024-11-27,C021,P001,R01,1122,105.46,118326.12,22,Completed
SO00161,2024-05-23,C022,P005,R02,525,276.83,145335.75,10,Completed
SO00162,2024-07-11,C013,P005,R01,1039,379.98,394799.22,29,Delayed
SO00163,2025-06-01,C030,P003,R02,334,319.99,106876.66,18,Completed
SO00164,2024-09-20,C014,P001,R03,1444,237.58,343065.52,4,Completed
SO00165,2024-08-17,C030,P004,R02,1751,387.37,678284.87,6,Completed
SO00166,2023-07-26,C039,P007,R01,1716,199.19,341810.04,12,Completed
SO00167,2025-09-20,C033,P004,R02,136,489.89,66625.04,20,Completed
SO00168,2025-08-16,C003,P003,R03,492,262.64,129218.88,10,Completed
SO00169,2023-04-29,C003,P007,R03,1124,333.32,374651.68,17,Completed
SO00170,2025-03-03,C024,P007,R02,1151,309.53,356269.03,16,Completed
SO00171,2025-07-05,C037,P003,R04,231,118.39,27348.09,25,Completed
SO00172,2025-09-18,C007,P001,R02,1746,119.79,209153.34,21,Completed
SO00173,2023-05-20,C029,P008,R02,749,357.89,268059.61,3,Completed
SO00174,2025-06-21,C042,P003,R04,1072,202.25,216812.0,25,Completed
SO00175,2023-02-08,C037,P007,R04,983,391.44,384785.52,11,Completed
SO00176,2024-04-27,C022,P003,R02,1437,87.25,125378.25,12,Completed
SO00177,2024-09-21,C023,P008,R04,177,107.41,19011.57,20,Completed
SO00178,2023-01-26,C040,P003,R01,286,213.22,60980.92,11,Completed
SO00179,2023-06-08,C004,P007,R03,715,272.33,194715.95,15,Completed
SO00180,2025-01-28,C006,P006,R04,1219,274.24,334298.56,12,Completed
SO00181,2024-10-03,C017,P003,R03,1750,332.68,582190.0,28,Delayed
SO00182,2025-03-02,C022,P001,R02,76,452.01,34352.76,8,Completed
SO00183,2025-03-16,C045,P002,R03,870,104.18,90636.6,15,Completed
SO00184,2025-07-14,C046,P003,R01,1649,189.86,313079.14,24,Completed
SO00185,2025-03-22,C036,P001,R04,1444,137.77,198939.88,23,Completed
SO00186,2025-07-13,C036,P004,R04,1186,366.34,434479.24,10,Completed
SO00187,2024-09-22,C047,P004,R04,713,469.68,334881.84,7,Completed
SO00188,2024-06-20,C047,P003,R04,1221,97.77,119377.17,22,Completed
SO00189,2023-02-28,C045,P004,R03,531,319.2,169495.2,4,Completed
SO00190,2023-05-02,C017,P001,R03,1714,257.84,441937.76,13,Completed
SO00191,2024-10-25,C035,P004,R02,180,57.33,10319.4,14,Completed
SO00192,2025-02-01,C034,P003,R02,573,193.27,110743.71,14,Completed
SO00193,2025-06-09,C017,P008,R03,379,351.47,133207.13,19,Completed
SO00194,2023-07-30,C024,P005,R02,388,371.47,144130.36,23,Completed
SO00195,2025-04-15,C016,P006,R03,759,490.68,372426.12,20,Completed
SO00196,2024-06-26,C026,P002,R04,538,473.15,254554.7,17,Completed
SO00197,2023-02-20,C017,P005,R03,1992,286.79,571285.68,24,Completed
SO00198,2025-10-09,C007,P001,R02,186,112.45,20915.7,10,Completed
SO00199,2025-12-03,C018,P008,R04,1296,433.78,562178.88,9,Completed
SO00200,2024-05-18,C039,P005,R01,1346,332.08,446979.68,26,Completed
SO00201,2023-09-19,C034,P001,R02,180,354.22,63759.6,10,Completed
SO00202,2024-05-02,C039,P004,R01,1600,405.91,649456.0,6,Completed
SO00203,2025-05-21,C018,P003,R04,1234,445.27,549463.18,12,Completed
SO00204,2025-08-27,C035,P003,R02,1243,495.36,615732.48,29,Delayed
SO00205,2025-08-25,C032,P004,R02,1681,403.42,678149.02,9,Completed
SO00206,2023-01-11,C049,P001,R03,526,38.05,20014.3,14,Completed
SO00207,2024-11-22,C047,P007,R04,426,388.77,165616.02,27,Delayed
SO00208,2024-01-04,C001,P005,R01,1762,73.03,128678.86,16,Completed
SO00209,2023-11-26,C018,P007,R04,342,40.2,13748.4,3,Completed
SO00210,2025-10-04,C015,P001,R04,866,207.98,180110.68,6,Completed
SO00211,2023-09-06,C037,P008,R04,988,302.51,298879.88,9,Completed
SO00212,2025-08-30,C011,P008,R04,1135,314.44,356889.4,27,Delayed
SO00213,2025-03-28,C008,P001,R04,1733,422.16,731603.28,24,Completed
SO00214,2024-11-03,C010,P004,R04,1180,104.73,123581.4,28,Delayed
SO00215,2023-02-11,C006,P008,R04,1590,47.76,75938.4,17,Completed
SO00216,2023-09-04,C020,P005,R01,1963,272.02,533975.26,29,Delayed
SO00217,2024-03-12,C017,P006,R03,265,450.77,119454.05,5,Completed
SO00218,2023-09-13,C047,P002,R04,1162,304.61,353956.82,16,Completed
SO00219,2025-08-08,C003,P004,R03,684,82.17,56204.28,11,Completed
SO00220,2023-02-20,C042,P007,R04,570,177.94,101425.8,27,Delayed
SO00221,2024-09-04,C024,P001,R02,1197,198.89,238071.33,10,Completed
SO00222,2025-02-02,C018,P001,R04,503,481.82,242355.46,18,Completed
SO00223,2025-01-19,C017,P001,R03,1187,257.67,305854.29,21,Completed
SO00224,2025-06-29,C034,P003,R02,89,291.55,25947.95,15,Completed
SO00225,2025-03-18,C016,P004,R03,1241,137.74,170935.34,29,Delayed
SO00226,2025-08-16,C043,P006,R04,606,354.79,215002.74,12,Completed
SO00227,2023-05-01,C007,P006,R02,182,442.82,80593.24,28,Delayed
SO00228,2024-05-30,C042,P007,R04,1467,413.57,606707.19,23,Completed
SO00229,2025-03-29,C036,P002,R04,1331,419.42,558248.02,14,Completed
SO00230,2023-01-08,C046,P003,R01,1740,490.97,854287.8,19,Completed
SO00231,2023-05-12,C024,P004,R02,414,394.33,163252.62,8,Completed
SO00232,2023-11-12,C041,P001,R02,1297,423.26,548968.22,17,Completed
SO00233,2025-10-25,C004,P001,R03,965,350.19,337933.35,20,Completed
SO00234,2025-11-09,C012,P002,R01,967,360.11,348226.37,24,Completed
SO00235,2024-01-15,C018,P005,R04,355,495.27,175820.85,17,Completed
SO00236,2025-12-01,C035,P006,R02,997,383.97,382818.09,9,Completed
SO00237,2023-03-16,C047,P007,R04,128,413.02,52866.56,13,Completed
SO00238,2025-01-19,C046,P004,R01,787,498.62,392413.94,19,Completed
SO00239,2023-04-27,C015,P007,R04,936,416.44,389787.84,13,Completed
SO00240,2023-09-09,C014,P001,R03,1157,334.17,386634.69,29,Delayed
SO00241,2025-08-17,C028,P008,R04,1038,472.94,490911.72,18,Completed
SO00242,2025-08-05,C019,P008,R04,1526,492.31,751265.06,3,Completed
SO00243,2023-12-19,C034,P006,R02,1236,34.94,43185.84,27,Delayed
SO00244,2025-02-24,C044,P005,R01,257,280.75,72152.75,16,Completed
SO00245,2023-08-20,C008,P001,R04,640,237.77,152172.8,20,Completed
SO00246,2025-04-17,C044,P005,R01,742,457.68,339598.56,28,Delayed
SO00247,2024-11-12,C025,P007,R01,783,76.31,59750.73,19,Completed
SO00248,2024-11-03,C009,P002,R02,1751,128.26,224583.26,24,Completed
SO00249,2024-10-08,C024,P003,R02,633,168.97,106958.01,15,Completed
SO00250,2023-06-20,C030,P004,R02,1393,209.86,292334.98,17,Completed
SO00251,2024-10-26,C045,P003,R03,778,432.86,336765.08,8,Completed
SO00252,2025-10-01,C024,P006,R02,1626,136.18,221428.68,27,Delayed
SO00253,2024-09-27,C022,P001,R02,141,357.18,50362.38,12,Completed
SO00254,2025-05-04,C033,P008,R02,51,276.44,14098.44,11,Completed
SO00255,2024-01-21,C026,P001,R04,967,174.61,168847.87,8,Completed
SO00256,2024-09-23,C050,P006,R04,192,116.07,22285.44,25,Completed
SO00257,2025-01-04,C003,P008,R03,684,35.16,24049.44,8,Completed
SO00258,2024-11-12,C041,P005,R02,1443,468.9,676622.7,10,Completed
SO00259,2025-02-23,C047,P007,R04,300,252.51,75753.0,13,Completed
SO00260,2025-09-17,C022,P005,R02,459,250.83,115130.97,11,Completed
SO00261,2023-07-06,C018,P004,R04,1063,304.77,323970.51,14,Completed
SO00262,2023-07-01,C019,P007,R04,1640,245.69,402931.6,15,Completed
SO00263,2023-07-27,C032,P007,R02,356,97.6,34745.6,8,Completed
SO00264,2025-03-01,C032,P002,R02,361,487.9,176131.9,5,Completed
SO00265,2023-04-03,C029,P004,R02,1280,143.69,183923.2,14,Completed
SO00266,2023-07-18,C024,P008,R02,453,321.81,145779.93,14,Completed
SO00267,2025-04-25,C050,P004,R04,1762,266.72,469960.64,11,Completed
SO00268,2024-04-30,C036,P006,R04,627,306.91,192432.57,6,Completed
SO00269,2024-04-10,C012,P003,R01,1716,319.02,547438.32,10,Completed
SO00270,2025-07-12,C026,P002,R04,1593,214.55,341778.15,25,Completed
SO00271,2024-11-27,C002,P003,R04,424,218.25,92538.0,8,Completed
SO00272,2024-06-30,C047,P002,R04,63,267.11,16827.93,27,Delayed
SO00273,2024-12-27,C017,P001,R03,940,169.83,159640.2,4,Completed
SO00274,2025-08-06,C001,P001,R01,1497,307.38,460147.86,6,Completed
SO00275,2025-12-02,C011,P004,R04,1083,55.28,59868.24,16,Completed
SO00276,2023-12-29,C012,P004,R01,911,89.96,81953.56,7,Completed
SO00277,2023-10-09,C001,P005,R01,362,100.18,36265.16,22,Completed
SO00278,2024-02-22,C047,P005,R04,1277,247.82,316466.14,19,Completed
SO00279,2025-02-13,C047,P004,R04,1792,287.91,515934.72,29,Delayed
SO00280,2023-05-08,C002,P003,R04,1018,274.96,279909.28,22,Completed
SO00281,2023-02-28,C035,P006,R02,247,106.41,26283.27,29,Delayed
SO00282,2023-12-15,C014,P005,R03,1085,91.2,98952.0,23,Completed
SO00283,2024-06-16,C034,P006,R02,266,326.78,86923.48,27,Delayed
SO00284,2024-10-07,C043,P002,R04,1251,184.47,230771.97,8,Completed
SO00285,2023-06-08,C045,P001,R03,357,358.25,127895.25,12,Completed
SO00286,2025-03-16,C021,P002,R01,178,370.8,66002.4,8,Completed
SO00287,2025-08-17,C034,P002,R02,1266,422.3,534631.8,28,Delayed
SO00288,2024-02-16,C018,P001,R04,1218,418.82,510122.76,17,Completed
SO00289,2024-09-27,C008,P001,R04,394,350.97,138282.18,3,Completed
SO00290,2024-10-27,C014,P008,R03,1126,340.15,383008.9,11,Completed
SO00291,2023-05-02,C050,P006,R04,753,43.14,32484.42,11,Completed
SO00292,2025-08-15,C013,P008,R01,634,63.43,40214.62,11,Completed
SO00293,2023-05-05,C038,P006,R02,543,464.32,252125.76,21,Completed
SO00294,2025-06-10,C041,P006,R02,1352,229.08,309716.16,13,Completed
SO00295,2024-02-18,C007,P003,R02,1674,177.62,297335.88,3,Completed
SO00296,2024-02-08,C021,P003,R01,1988,206.51,410541.88,27,Delayed
SO00297,2024-10-23,C035,P005,R02,151,55.13,8324.63,5,Completed
SO00298,2023-07-11,C002,P006,R04,991,260.21,257868.11,23,Completed
SO00299,2025-08-12,C006,P004,R04,1997,32.31,64523.07,28,Delayed
SO00300,2023-05-04,C048,P002,R04,1366,138.11,188658.26,6,Completed
SO00301,2024-11-03,C006,P007,R04,1887,364.7,688188.9,29,Delayed
SO00302,2024-08-02,C043,P007,R04,1064,450.42,479246.88,23,Completed
SO00303,2025-09-20,C011,P002,R04,100,48.93,4893.0,23,Completed
SO00304,2024-06-15,C014,P002,R03,1966,316.33,621904.78,23,Completed
SO00305,2023-11-14,C047,P003,R04,1229,278.8,342645.2,18,Completed
SO00306,2023-04-12,C002,P006,R04,638,218.5,139403.0,27,Delayed
SO00307,2024-08-03,C044,P001,R01,1659,403.89,670053.51,9,Completed
SO00308,2023-11-24,C042,P007,R04,1001,482.2,482682.2,6,Completed
SO00309,2023-04-09,C044,P007,R01,1449,272.72,395171.28,17,Completed
SO00310,2025-11-13,C021,P005,R01,775,304.9,236297.5,28,Delayed
SO00311,2023-08-30,C042,P005,R04,633,389.57,246597.81,19,Completed
SO00312,2023-09-27,C050,P007,R04,713,414.85,295788.05,9,Completed
SO00313,2025-01-01,C036,P001,R04,1042,223.49,232876.58,7,Completed
SO00314,2023-07-11,C034,P006,R02,722,124.04,89556.88,19,Completed
SO00315,2023-07-22,C035,P003,R02,1037,118.97,123371.89,13,Completed
SO00316,2023-09-21,C025,P004,R01,819,151.78,124307.82,9,Completed
SO00317,2025-02-02,C039,P003,R01,1826,27.59,50379.34,26,Completed
SO00318,2023-05-27,C026,P001,R04,1175,297.63,349715.25,9,Completed
SO00319,2025-05-01,C037,P002,R04,402,305.96,122995.92,11,Completed
SO00320,2023-12-22,C041,P002,R02,1048,53.32,55879.36,19,Completed
SO00321,2025-07-07,C044,P006,R01,1612,327.28,527575.36,10,Completed
SO00322,2025-08-31,C044,P005,R01,430,239.29,102894.7,24,Completed
SO00323,2025-01-03,C002,P008,R04,663,287.74,190771.62,4,Completed
SO00324,2024-05-08,C022,P003,R02,1885,62.61,118019.85,7,Completed
SO00325,2023-07-19,C016,P006,R03,667,66.4,44288.8,27,Delayed
SO00326,2025-06-26,C016,P001,R03,1981,490.99,972651.19,5,Completed
SO00327,2025-10-20,C028,P002,R04,676,93.16,62976.16,7,Completed
SO00328,2025-03-21,C001,P007,R01,1706,342.35,584049.1,22,Completed
SO00329,2024-11-19,C039,P001,R01,849,81.3,69023.7,18,Completed
SO00330,2024-07-16,C014,P002,R03,1877,165.5,310643.5,20,Completed
SO00331,2024-01-10,C002,P003,R04,810,285.83,231522.3,13,Completed
SO00332,2025-06-30,C026,P003,R04,1269,439.2,557344.8,8,Completed
SO00333,2025-10-13,C022,P004,R02,1389,428.68,595436.52,12,Completed
SO00334,2024-07-10,C038,P003,R02,643,321.42,206673.06,26,Completed
SO00335,2024-08-14,C003,P006,R03,1921,121.75,233881.75,16,Completed
SO00336,2023-04-03,C002,P004,R04,908,353.58,321050.64,20,Completed
SO00337,2025-11-19,C010,P005,R04,1610,296.08,476688.8,24,Completed
SO00338,2023-12-12,C001,P005,R01,1183,451.17,533734.11,16,Completed
SO00339,2023-07-18,C041,P005,R02,951,90.26,85837.26,23,Completed
SO00340,2023-05-19,C004,P004,R03,586,131.62,77129.32,15,Completed
SO00341,2024-09-03,C032,P008,R02,141,169.67,23923.47,16,Completed
SO00342,2025-08-26,C006,P003,R04,721,123.7,89187.7,4,Completed
SO00343,2024-12-15,C005,P002,R04,1540,112.06,172572.4,27,Delayed
SO00344,2023-03-08,C031,P008,R02,1129,162.73,183722.17,25,Completed
SO00345,2023-09-30,C009,P002,R02,1229,165.57,203485.53,21,Completed
SO00346,2023-07-22,C033,P006,R02,1333,323.93,431798.69,10,Completed
SO00347,2025-06-17,C029,P005,R02,869,334.75,290897.75,8,Completed
SO00348,2024-04-15,C035,P001,R02,568,272.24,154632.32,24,Completed
SO00349,2025-07-02,C022,P006,R02,1718,25.3,43465.4,4,Completed
SO00350,2023-06-02,C038,P004,R02,1664,299.43,498251.52,25,Completed
SO00351,2023-06-05,C001,P005,R01,1086,25.82,28040.52,20,Completed
SO00352,2024-11-24,C037,P002,R04,222,40.46,8982.12,19,Completed
SO00353,2023-05-05,C021,P005,R01,357,147.69,52725.33,23,Completed
SO00354,2024-06-25,C048,P002,R04,1837,332.82,611390.34,5,Completed
SO00355,2024-02-18,C038,P003,R02,603,396.81,239276.43,15,Completed
SO00356,2023-06-01,C009,P001,R02,474,350.3,166042.2,18,Completed
SO00357,2023-10-15,C040,P007,R01,838,416.06,348658.28,25,Completed
SO00358,2024-12-24,C008,P008,R04,994,314.69,312801.86,25,Completed
SO00359,2024-07-29,C032,P002,R02,989,265.87,262945.43,7,Completed
SO00360,2023-02-24,C023,P001,R04,92,336.34,30943.28,21,Completed
SO00361,2023-03-23,C005,P001,R04,197,374.0,73678.0,28,Delayed
SO00362,2024-05-26,C015,P008,R04,1284,337.46,433298.64,21,Completed
SO00363,2023-07-18,C030,P001,R02,1425,52.98,75496.5,12,Completed
SO00364,2023-01-24,C028,P001,R04,1410,161.81,228152.1,10,Completed
SO00365,2024-11-20,C050,P003,R04,1012,78.27,79209.24,6,Completed
SO00366,2025-05-03,C050,P005,R04,1851,403.38,746656.38,14,Completed
SO00367,2024-06-09,C013,P001,R01,1766,461.74,815432.84,18,Completed
SO00368,2025-06-14,C011,P006,R04,571,182.37,104133.27,10,Completed
SO00369,2024-10-25,C040,P001,R01,1900,284.04,539676.0,28,Delayed
SO00370,2024-11-08,C030,P008,R02,1798,344.47,619357.06,21,Completed
SO00371,2025-09-08,C035,P005,R02,171,411.65,70392.15,25,Completed
SO00372,2025-08-30,C047,P002,R04,1603,325.31,521471.93,23,Completed
SO00373,2025-12-10,C046,P006,R01,696,106.69,74256.24,13,Completed
SO00374,2023-12-19,C025,P007,R01,583,278.99,162651.17,15,Completed
SO00375,2023-07-07,C015,P002,R04,485,412.54,200081.9,17,Completed
SO00376,2024-07-15,C013,P007,R01,327,280.27,91648.29,3,Completed
SO00377,2024-07-18,C019,P003,R04,72,350.66,25247.52,9,Completed
SO00378,2024-10-04,C037,P007,R04,1184,97.21,115096.64,28,Delayed
SO00379,2023-01-11,C005,P002,R04,564,496.07,279783.48,10,Completed
SO00380,2023-08-09,C034,P008,R02,1564,169.25,264707.0,23,Completed
SO00381,2025-03-17,C027,P005,R03,1139,190.58,217070.62,15,Completed
SO00382,2024-08-21,C042,P005,R04,651,423.18,275490.18,14,Completed
SO00383,2025-03-31,C034,P002,R02,1510,196.61,296881.1,13,Completed
SO00384,2025-04-12,C006,P007,R04,1897,260.98,495079.06,28,Delayed
SO00385,2024-02-10,C020,P004,R01,1979,445.37,881387.23,5,Completed
SO00386,2023-06-06,C040,P006,R01,920,21.54,19816.8,8,Completed
SO00387,2023-07-09,C045,P002,R03,1093,213.12,232940.16,9,Completed
SO00388,2024-06-17,C024,P006,R02,1814,298.39,541279.46,25,Completed
SO00389,2025-02-10,C024,P001,R02,211,307.7,64924.7,21,Completed
SO00390,2023-10-30,C049,P007,R03,1392,56.99,79330.08,24,Completed
SO00391,2025-02-02,C038,P006,R02,1190,398.54,474262.6,21,Completed
SO00392,2024-05-01,C049,P002,R03,1256,133.21,167311.76,22,Completed
SO00393,2023-03-13,C047,P007,R04,1020,372.14,379582.8,24,Completed
SO00394,2024-12-07,C004,P004,R03,709,397.11,281550.99,29,Delayed
SO00395,2025-01-22,C011,P008,R04,1944,294.5,572508.0,18,Completed
SO00396,2023-08-19,C010,P005,R04,99,99.34,9834.66,13,Completed
SO00397,2023-01-28,C045,P007,R03,759,268.68,203928.12,15,Completed
SO00398,2025-05-12,C035,P001,R02,1375,128.26,176357.5,7,Completed
SO00399,2025-07-19,C049,P002,R03,966,239.93,231772.38,7,Completed
SO00400,2025-02-14,C039,P005,R01,1368,258.3,353354.4,3,Completed
SO00401,2025-05-09,C041,P001,R02,1255,128.11,160778.05,14,Completed
SO00402,2023-06-03,C024,P007,R02,1034,479.18,495472.12,26,Completed
SO00403,2023-03-06,C028,P003,R04,952,138.55,131899.6,16,Completed
SO00404,2023-10-10,C031,P003,R02,1691,425.5,719520.5,8,Completed
SO00405,2023-03-16,C043,P004,R04,645,317.46,204761.7,13,Completed
SO00406,2023-06-08,C033,P005,R02,1592,61.48,97876.16,17,Completed
SO00407,2023-01-25,C020,P006,R01,1545,288.88,446319.6,9,Completed
SO00408,2024-03-09,C014,P007,R03,1386,257.35,356687.1,23,Completed
SO00409,2023-10-17,C026,P006,R04,1033,182.37,188388.21,21,Completed
SO00410,2025-12-04,C041,P005,R02,210,92.6,19446.0,6,Completed
SO00411,2024-04-06,C022,P001,R02,1064,281.65,299675.6,26,Completed
SO00412,2023-05-11,C043,P007,R04,1754,400.02,701635.08,19,Completed
SO00413,2024-08-27,C006,P001,R04,659,252.65,166496.35,23,Completed
SO00414,2023-06-10,C002,P006,R04,891,241.9,215532.9,18,Completed
SO00415,2024-05-24,C012,P006,R01,393,397.75,156315.75,8,Completed
SO00416,2025-06-08,C049,P004,R03,1009,183.09,184737.81,23,Completed
SO00417,2023-07-07,C046,P003,R01,933,269.31,251266.23,26,Completed
SO00418,2023-05-24,C028,P006,R04,831,134.62,111869.22,11,Completed
SO00419,2024-09-15,C049,P006,R03,496,285.21,141464.16,26,Completed
SO00420,2024-05-28,C033,P008,R02,1627,258.95,421311.65,8,Completed
SO00421,2024-02-14,C050,P004,R04,1500,392.29,588435.0,21,Completed
SO00422,2023-08-11,C008,P002,R04,1993,191.2,381061.6,11,Completed
SO00423,2024-10-04,C009,P005,R02,608,114.0,69312.0,16,Completed
SO00424,2024-08-15,C020,P002,R01,1527,400.77,611975.79,9,Completed
SO00425,2024-11-09,C027,P003,R03,1699,101.05,171683.95,8,Completed
SO00426,2023-06-10,C008,P002,R04,662,371.66,246038.92,18,Completed
SO00427,2023-06-23,C006,P004,R04,415,60.06,24924.9,11,Completed
SO00428,2025-06-05,C016,P004,R03,1202,220.53,265077.06,25,Completed
SO00429,2023-05-20,C034,P006,R02,1333,498.6,664633.8,28,Delayed
SO00430,2024-04-17,C027,P002,R03,1910,288.68,551378.8,3,Completed
SO00431,2023-02-03,C026,P007,R04,1455,201.93,293808.15,5,Completed
SO00432,2023-08-02,C038,P007,R02,1507,73.16,110252.12,14,Completed
SO00433,2025-12-20,C044,P008,R01,1949,170.75,332791.75,26,Completed
SO00434,2024-07-02,C028,P007,R04,1871,103.41,193480.11,23,Completed
SO00435,2023-05-09,C033,P001,R02,1030,221.66,228309.8,4,Completed
SO00436,2024-01-17,C011,P004,R04,1002,229.04,229498.08,24,Completed
SO00437,2025-03-22,C030,P007,R02,1856,141.91,263384.96,3,Completed
SO00438,2023-05-24,C002,P006,R04,532,349.44,185902.08,17,Completed
SO00439,2023-07-18,C001,P007,R01,1017,54.88,55812.96,5,Completed
SO00440,2025-01-31,C038,P004,R02,192,122.07,23437.44,5,Completed
SO00441,2025-04-20,C014,P003,R03,509,131.73,67050.57,11,Completed
SO00442,2025-05-19,C018,P006,R04,1188,455.45,541074.6,29,Delayed
SO00443,2023-01-01,C034,P002,R02,937,202.16,189423.92,16,Completed
SO00444,2025-08-13,C035,P005,R02,1732,488.86,846705.52,16,Completed
SO00445,2024-06-15,C040,P001,R01,905,33.04,29901.2,8,Completed
SO00446,2023-11-09,C019,P007,R04,1695,457.17,774903.15,12,Completed
SO00447,2025-02-06,C045,P007,R03,1400,318.25,445550.0,11,Completed
SO00448,2023-12-04,C019,P007,R04,992,235.92,234032.64,26,Completed
SO00449,2025-02-11,C040,P005,R01,514,136.11,69960.54,3,Completed
SO00450,2024-06-03,C011,P003,R04,870,162.67,141522.9,29,Delayed
SO00451,2025-03-13,C004,P005,R03,1037,429.09,444966.33,11,Completed
SO00452,2023-12-29,C016,P003,R03,526,422.31,222135.06,18,Completed
SO00453,2023-02-09,C046,P005,R01,1635,295.21,482668.35,23,Completed
SO00454,2023-03-14,C003,P007,R03,1757,75.17,132073.69,11,Completed
SO00455,2025-10-03,C017,P006,R03,531,441.91,234654.21,3,Completed
SO00456,2023-01-29,C040,P006,R01,381,457.12,174162.72,16,Completed
SO00457,2025-05-02,C026,P005,R04,869,232.82,202320.58,10,Completed
SO00458,2025-11-10,C029,P004,R02,228,133.97,30545.16,9,Completed
SO00459,2023-05-30,C012,P002,R01,628,333.07,209167.96,4,Completed
SO00460,2023-11-01,C041,P004,R02,1842,149.1,274642.2,8,Completed
SO00461,2023-03-22,C017,P003,R03,622,246.8,153509.6,28,Delayed
SO00462,2025-10-01,C042,P002,R04,1522,236.22,359526.84,15,Completed
SO00463,2024-06-18,C035,P002,R02,1505,154.73,232868.65,26,Completed
SO00464,2024-10-17,C049,P005,R03,1375,43.76,60170.0,10,Completed
SO00465,2023-02-11,C026,P001,R04,1880,405.24,761851.2,19,Completed
SO00466,2023-09-06,C041,P004,R02,1850,412.01,762218.5,19,Completed
SO00467,2024-11-12,C039,P001,R01,232,439.63,101994.16,15,Completed
SO00468,2025-01-10,C011,P001,R04,1406,466.12,655364.72,15,Completed
SO00469,2024-03-10,C012,P004,R01,633,455.65,288426.45,23,Completed
SO00470,2023-10-18,C033,P006,R02,1374,364.85,501303.9,28,Delayed
SO00471,2025-03-03,C046,P007,R01,1416,364.43,516032.88,17,Completed
SO00472,2023-03-09,C018,P005,R04,1731,74.95,129738.45,3,Completed
SO00473,2024-05-20,C019,P003,R04,1824,221.09,403268.16,22,Completed
SO00474,2025-09-23,C015,P003,R04,90,472.03,42482.7,11,Completed
SO00475,2024-12-11,C013,P008,R01,1339,261.03,349519.17,21,Completed
SO00476,2025-10-07,C028,P005,R04,820,367.51,301358.2,29,Delayed
SO00477,2025-03-26,C003,P004,R03,1985,495.81,984182.85,4,Completed
SO00478,2023-01-14,C035,P004,R02,284,253.28,71931.52,15,Completed
SO00479,2024-03-16,C049,P008,R03,1200,184.72,221664.0,25,Completed
SO00480,2025-06-20,C021,P001,R01,1511,428.88,648037.68,6,Completed
SO00481,2025-01-07,C038,P003,R02,1707,303.34,517801.38,14,Completed
SO00482,2025-05-30,C028,P007,R04,1245,459.98,572675.1,25,Completed
SO00483,2023-12-17,C036,P005,R04,1453,350.43,509174.79,9,Completed
SO00484,2024-07-22,C007,P002,R02,1269,41.49,52650.81,3,Completed
SO00485,2024-01-15,C029,P002,R02,1275,329.99,420737.25,5,Completed
SO00486,2024-01-09,C011,P001,R04,866,68.6,59407.6,7,Completed
SO00487,2024-08-13,C012,P007,R01,1559,237.92,370917.28,6,Completed
SO00488,2023-07-10,C030,P008,R02,1449,489.18,708821.82,5,Completed
SO00489,2025-11-26,C027,P003,R03,1503,34.86,52394.58,29,Delayed
SO00490,2023-07-02,C015,P001,R04,294,158.84,46698.96,7,Completed
SO00491,2025-07-11,C037,P003,R04,1108,446.43,494644.44,6,Completed
SO00492,2025-12-26,C029,P005,R02,126,311.3,39223.8,22,Completed
SO00493,2023-02-05,C022,P008,R02,117,490.45,57382.65,11,Completed
SO00494,2024-09-07,C022,P005,R02,870,420.15,365530.5,21,Completed
SO00495,2024-01-27,C045,P007,R03,1636,105.04,171845.44,23,Completed
SO00496,2024-01-11,C044,P003,R01,188,287.7,54087.6,21,Completed
SO00497,2023-07-07,C035,P005,R02,958,320.59,307125.22,13,Completed
SO00498,2023-08-24,C035,P007,R02,1837,164.23,301690.51,24,Completed
SO00499,2024-09-25,C037,P005,R04,1048,209.67,219734.16,7,Completed
SO00500,2024-06-11,C019,P005,R04,113,304.65,34425.45,4,Completed
SO00501,2025-03-04,C012,P004,R01,295,82.71,24399.45,13,Completed
SO00502,2024-09-02,C020,P001,R01,607,36.54,22179.78,8,Completed
SO00503,2023-06-19,C048,P004,R04,669,252.04,168614.76,8,Completed
SO00504,2024-10-15,C038,P003,R02,1660,117.55,195133.0,26,Completed
SO00505,2024-05-03,C050,P005,R04,1538,435.48,669768.24,16,Completed
SO00506,2024-05-19,C047,P004,R04,1824,295.29,538608.96,15,Completed
SO00507,2024-06-12,C008,P008,R04,165,21.52,3550.8,19,Completed
SO00508,2025-07-24,C019,P008,R04,1648,444.06,731810.88,29,Delayed
SO00509,2023-02-05,C031,P008,R02,769,386.05,296872.45,24,Completed
SO00510,2025-01-24,C010,P006,R04,1883,323.62,609376.46,23,Completed
SO00511,2024-01-30,C024,P007,R02,1620,121.14,196246.8,27,Delayed
SO00512,2025-05-24,C050,P008,R04,313,497.43,155695.59,10,Completed
SO00513,2023-11-24,C001,P001,R01,1365,420.39,573832.35,3,Completed
SO00514,2023-03-20,C008,P001,R04,1974,414.52,818262.48,11,Completed
SO00515,2025-04-23,C002,P007,R04,752,62.53,47022.56,11,Completed
SO00516,2025-03-05,C004,P003,R03,463,31.76,14704.88,13,Completed
SO00517,2024-01-18,C013,P001,R01,1758,354.92,623949.36,15,Completed
SO00518,2025-11-17,C016,P004,R03,1139,56.89,64797.71,25,Completed
SO00519,2025-07-19,C038,P002,R02,1261,89.69,113099.09,28,Delayed
SO00520,2024-03-20,C034,P003,R02,344,212.63,73144.72,25,Completed
SO00521,2025-10-23,C027,P003,R03,1703,174.32,296866.96,23,Completed
SO00522,2025-07-19,C030,P005,R02,486,36.16,17573.76,21,Completed
SO00523,2024-01-29,C022,P006,R02,80,446.56,35724.8,25,Completed
SO00524,2025-08-16,C036,P004,R04,1529,286.24,437660.96,22,Completed
SO00525,2025-01-18,C028,P002,R04,1951,414.82,809313.82,26,Completed
SO00526,2023-11-19,C004,P005,R03,1278,460.06,587956.68,10,Completed
SO00527,2023-11-01,C014,P004,R03,1363,84.24,114819.12,4,Completed
SO00528,2025-03-04,C049,P003,R03,1664,69.32,115348.48,19,Completed
SO00529,2024-07-21,C032,P001,R02,1799,359.35,646470.65,25,Completed
SO00530,2024-10-10,C006,P004,R04,374,471.42,176311.08,13,Completed
SO00531,2025-07-01,C009,P001,R02,1996,435.94,870136.24,6,Completed
SO00532,2025-05-19,C013,P008,R01,1156,456.77,528026.12,18,Completed
SO00533,2025-10-30,C017,P006,R03,1771,40.3,71371.3,3,Completed
SO00534,2025-10-23,C010,P007,R04,224,100.14,22431.36,23,Completed
SO00535,2025-08-26,C024,P002,R02,1949,82.21,160227.29,6,Completed
SO00536,2025-02-10,C021,P003,R01,1925,395.28,760914.0,14,Completed
SO00537,2025-12-31,C048,P001,R04,920,260.19,239374.8,11,Completed
SO00538,2024-06-11,C014,P001,R03,276,197.51,54512.76,9,Completed
SO00539,2025-04-25,C013,P003,R01,1173,428.17,502243.41,18,Completed
SO00540,2024-02-13,C022,P007,R02,1173,345.35,405095.55,15,Completed
SO00541,2023-02-10,C008,P004,R04,1336,80.35,107347.6,5,Completed
SO00542,2023-12-14,C021,P006,R01,589,362.34,213418.26,24,Completed
SO00543,2024-10-06,C043,P001,R04,276,340.1,93867.6,19,Completed
SO00544,2023-05-07,C044,P005,R01,1888,421.03,794904.64,16,Completed
SO00545,2023-10-02,C002,P008,R04,1922,79.7,153183.4,12,Completed
SO00546,2023-02-05,C038,P006,R02,66,454.91,30024.06,22,Completed
SO00547,2023-01-12,C036,P004,R04,1451,269.14,390522.14,8,Completed
SO00548,2025-04-19,C016,P004,R03,1760,125.51,220897.6,28,Delayed
SO00549,2025-08-05,C042,P005,R04,1772,203.64,360850.08,11,Completed
SO00550,2023-05-17,C032,P003,R02,1809,160.79,290869.11,3,Completed
SO00551,2025-03-23,C012,P002,R01,1601,292.68,468580.68,23,Completed
SO00552,2024-12-11,C047,P008,R04,356,31.33,11153.48,13,Completed
SO00553,2025-07-05,C008,P005,R04,1118,211.04,235942.72,6,Completed
SO00554,2025-09-22,C029,P006,R02,659,309.58,204013.22,15,Completed
SO00555,2025-04-02,C026,P004,R04,565,479.74,271053.1,11,Completed
SO00556,2023-09-30,C020,P005,R01,483,329.4,159100.2,24,Completed
SO00557,2024-02-07,C044,P002,R01,1272,87.59,111414.48,28,Delayed
SO00558,2025-07-24,C019,P003,R04,316,491.19,155216.04,10,Completed
SO00559,2024-12-01,C028,P003,R04,540,408.73,220714.2,17,Completed
SO00560,2025-10-11,C047,P003,R04,208,359.71,74819.68,20,Completed
SO00561,2025-01-27,C020,P008,R01,1893,130.52,247074.36,26,Completed
SO00562,2023-06-02,C027,P008,R03,1811,136.11,246495.21,28,Delayed
SO00563,2025-01-15,C038,P001,R02,1647,407.34,670888.98,20,Completed
SO00564,2024-08-31,C031,P002,R02,1807,289.22,522620.54,8,Completed
SO00565,2024-05-07,C043,P002,R04,669,424.95,284291.55,18,Completed
SO00566,2025-12-27,C031,P004,R02,1741,336.37,585620.17,11,Completed
SO00567,2023-08-12,C048,P008,R04,745,361.63,269414.35,28,Delayed
SO00568,2024-08-03,C037,P002,R04,1674,461.31,772232.94,25,Completed
SO00569,2023-03-25,C026,P005,R04,1463,111.25,162758.75,21,Completed
SO00570,2025-03-16,C017,P003,R03,668,209.7,140079.6,18,Completed
SO00571,2025-12-09,C013,P006,R01,411,248.91,102302.01,6,Completed
SO00572,2023-10-08,C039,P006,R01,642,98.1,62980.2,26,Completed
SO00573,2025-04-20,C044,P007,R01,186,421.0,78306.0,6,Completed
SO00574,2024-01-28,C042,P008,R04,1328,324.49,430922.72,26,Completed
SO00575,2025-06-10,C008,P002,R04,993,65.79,65329.47,7,Completed
SO00576,2023-10-06,C044,P004,R01,1726,20.21,34882.46,6,Completed
SO00577,2023-11-18,C027,P004,R03,595,496.76,295572.2,27,Delayed
SO00578,2025-04-17,C020,P003,R01,453,382.05,173068.65,5,Completed
SO00579,2023-03-07,C026,P004,R04,767,318.58,244350.86,15,Completed
SO00580,2023-10-11,C027,P005,R03,1155,335.18,387132.9,20,Completed
SO00581,2025-09-25,C020,P007,R01,1701,33.21,56490.21,29,Delayed
SO00582,2023-09-09,C001,P001,R01,1474,91.13,134325.62,26,Completed
SO00583,2023-11-11,C005,P008,R04,1329,229.57,305098.53,21,Completed
SO00584,2024-04-17,C019,P003,R04,1182,189.46,223941.72,17,Completed
SO00585,2025-09-27,C005,P007,R04,454,386.29,175375.66,25,Completed
SO00586,2024-06-11,C045,P004,R03,270,142.55,38488.5,18,Completed
SO00587,2023-12-30,C028,P007,R04,1567,54.16,84868.72,6,Completed
SO00588,2023-11-24,C001,P008,R01,756,65.63,49616.28,29,Delayed
SO00589,2025-07-12,C034,P003,R02,1609,189.25,304503.25,6,Completed
SO00590,2023-06-22,C023,P008,R04,1254,155.59,195109.86,25,Completed
SO00591,2025-10-24,C041,P003,R02,874,303.41,265180.34,24,Completed
SO00592,2024-02-03,C040,P006,R01,440,117.72,51796.8,23,Completed
SO00593,2023-12-03,C022,P002,R02,1888,111.74,210965.12,14,Completed
SO00594,2023-09-13,C047,P006,R04,1242,427.24,530632.08,25,Completed
SO00595,2024-11-05,C037,P008,R04,586,141.35,82831.1,21,Completed
SO00596,2023-07-26,C047,P003,R04,1959,214.76,420714.84,18,Completed
SO00597,2025-04-10,C021,P003,R01,802,202.73,162589.46,25,Completed
SO00598,2024-08-28,C034,P006,R02,816,268.45,219055.2,19,Completed
SO00599,2025-11-14,C017,P001,R03,1909,475.62,907958.58,17,Completed
SO00600,2025-02-23,C038,P006,R02,802,266.65,213853.3,27,Delayed
SO00601,2023-07-15,C024,P008,R02,1267,354.66,449354.22,9,Completed
SO00602,2024-05-26,C023,P008,R04,1451,369.91,536739.41,27,Delayed
SO00603,2023-11-03,C029,P007,R02,122,185.76,22662.72,8,Completed
SO00604,2024-12-30,C017,P002,R03,1648,387.07,637891.36,18,Completed
SO00605,2024-09-17,C001,P008,R01,1922,202.65,389493.3,17,Completed
SO00606,2024-07-16,C004,P003,R03,1987,27.71,55059.77,13,Completed
SO00607,2025-07-15,C033,P001,R02,1343,424.77,570466.11,25,Completed
SO00608,2023-09-25,C019,P006,R04,951,282.29,268457.79,19,Completed
SO00609,2024-08-24,C005,P004,R04,332,251.49,83494.68,10,Completed
SO00610,2023-07-23,C035,P007,R02,708,210.35,148927.8,29,Delayed
SO00611,2025-08-30,C031,P007,R02,501,320.01,160325.01,4,Completed
SO00612,2025-08-21,C037,P006,R04,889,140.22,124655.58,26,Completed
SO00613,2025-10-29,C019,P007,R04,1252,25.84,32351.68,18,Completed
SO00614,2023-07-05,C012,P002,R01,1199,207.53,248828.47,7,Completed
SO00615,2024-01-23,C033,P005,R02,566,371.7,210382.2,16,Completed
SO00616,2024-11-01,C033,P002,R02,1391,60.28,83849.48,11,Completed
SO00617,2025-01-22,C002,P003,R04,608,203.09,123478.72,3,Completed
SO00618,2024-12-07,C015,P006,R04,264,115.52,30497.28,21,Completed
SO00619,2025-05-15,C020,P005,R01,1102,176.12,194084.24,12,Completed
SO00620,2025-10-08,C029,P001,R02,251,106.1,26631.1,8,Completed
SO00621,2024-09-01,C041,P008,R02,1155,358.19,413709.45,11,Completed
SO00622,2023-08-21,C007,P005,R02,1068,310.63,331752.84,4,Completed
SO00623,2024-06-19,C024,P003,R02,635,351.09,222942.15,28,Delayed
SO00624,2024-10-30,C029,P001,R02,1568,476.68,747434.24,29,Delayed
SO00625,2024-04-20,C019,P006,R04,645,64.21,41415.45,4,Completed
SO00626,2023-10-28,C003,P001,R03,1207,140.43,169499.01,12,Completed
SO00627,2024-05-13,C006,P006,R04,794,272.36,216253.84,29,Delayed
SO00628,2024-10-24,C001,P007,R01,644,70.83,45614.52,12,Completed
SO00629,2024-11-07,C048,P002,R04,966,117.26,113273.16,24,Completed
SO00630,2024-11-20,C045,P003,R03,333,321.19,106956.27,15,Completed
SO00631,2024-10-09,C036,P002,R04,132,479.64,63312.48,6,Completed
SO00632,2025-03-08,C032,P005,R02,1873,123.04,230453.92,8,Completed
SO00633,2023-04-26,C050,P001,R04,1492,447.23,667267.16,23,Completed
SO00634,2025-10-08,C015,P004,R04,693,228.51,158357.43,11,Completed
SO00635,2024-04-29,C028,P008,R04,1858,282.5,524885.0,11,Completed
SO00636,2023-10-02,C040,P006,R01,88,115.65,10177.2,25,Completed
SO00637,2023-02-26,C033,P008,R02,1439,149.99,215835.61,18,Completed
SO00638,2025-10-05,C050,P003,R04,1012,123.37,124850.44,3,Completed
SO00639,2025-01-07,C048,P001,R04,1576,422.48,665828.48,8,Completed
SO00640,2024-02-27,C013,P004,R01,553,116.14,64225.42,12,Completed
SO00641,2024-07-24,C027,P002,R03,1823,159.92,291534.16,16,Completed
SO00642,2024-02-13,C006,P008,R04,1692,278.4,471052.8,19,Completed
SO00643,2025-08-14,C037,P008,R04,698,36.8,25686.4,29,Delayed
SO00644,2024-05-17,C043,P005,R04,172,358.62,61682.64,28,Delayed
SO00645,2024-07-08,C043,P005,R04,1622,396.31,642814.82,20,Completed
SO00646,2025-06-29,C011,P003,R04,1771,30.52,54050.92,6,Completed
SO00647,2024-10-17,C043,P004,R04,871,33.59,29256.89,17,Completed
SO00648,2023-11-10,C038,P006,R02,1827,216.21,395015.67,8,Completed
SO00649,2023-07-01,C005,P002,R04,763,472.42,360456.46,20,Completed
SO00650,2025-09-02,C020,P007,R01,1668,73.01,121780.68,7,Completed
SO00651,2023-01-10,C027,P008,R03,361,285.62,103108.82,27,Delayed
SO00652,2024-01-28,C024,P003,R02,202,417.5,84335.0,16,Completed
SO00653,2025-10-07,C036,P008,R04,671,190.12,127570.52,12,Completed
SO00654,2023-11-01,C049,P002,R03,1286,453.71,583471.06,8,Completed
SO00655,2024-09-07,C022,P004,R02,474,432.23,204877.02,12,Completed
SO00656,2025-09-05,C016,P003,R03,463,230.82,106869.66,24,Completed
SO00657,2023-11-25,C023,P004,R04,702,366.53,257304.06,22,Completed
SO00658,2023-09-19,C017,P001,R03,1320,20.96,27667.2,4,Completed
SO00659,2024-08-14,C030,P007,R02,711,279.86,198980.46,19,Completed
SO00660,2024-04-02,C014,P006,R03,683,190.05,129804.15,21,Completed
SO00661,2023-09-10,C028,P005,R04,1084,137.77,149342.68,25,Completed
SO00662,2023-10-04,C015,P003,R04,1455,480.73,699462.15,10,Completed
SO00663,2025-12-18,C033,P003,R02,1007,438.3,441368.1,5,Completed
SO00664,2025-02-03,C001,P006,R01,1998,260.05,519579.9,21,Completed
SO00665,2024-08-30,C029,P005,R02,288,75.39,21712.32,19,Completed
SO00666,2024-07-04,C039,P008,R01,689,490.61,338030.29,19,Completed
SO00667,2023-08-23,C049,P004,R03,1524,118.07,179938.68,19,Completed
SO00668,2025-11-13,C017,P007,R03,220,53.14,11690.8,5,Completed
SO00669,2024-09-15,C032,P005,R02,843,141.57,119343.51,27,Delayed
SO00670,2025-03-15,C001,P006,R01,1166,414.27,483038.82,18,Completed
SO00671,2023-08-20,C041,P002,R02,1272,236.62,300980.64,21,Completed
SO00672,2025-06-24,C015,P003,R04,948,26.42,25046.16,16,Completed
SO00673,2024-03-03,C048,P007,R04,243,52.15,12672.45,24,Completed
SO00674,2024-06-15,C040,P002,R01,341,427.01,145610.41,22,Completed
SO00675,2024-12-13,C002,P001,R04,382,405.83,155027.06,17,Completed
SO00676,2023-09-21,C042,P008,R04,1806,234.27,423091.62,5,Completed
SO00677,2024-01-20,C004,P003,R03,1580,197.35,311813.0,13,Completed
SO00678,2024-12-21,C027,P006,R03,1487,124.48,185101.76,19,Completed
SO00679,2024-02-15,C034,P005,R02,366,69.77,25535.82,18,Completed
SO00680,2023-03-17,C037,P007,R04,1441,380.84,548790.44,9,Completed
SO00681,2025-01-12,C035,P006,R02,534,119.48,63802.32,14,Completed
SO00682,2025-03-27,C009,P002,R02,944,447.4,422345.6,28,Delayed
SO00683,2025-10-02,C003,P006,R03,1862,333.98,621870.76,6,Completed
SO00684,2025-07-31,C042,P005,R04,893,247.48,220999.64,15,Completed
SO00685,2025-02-22,C040,P003,R01,1132,108.98,123365.36,15,Completed
SO00686,2023-09-02,C012,P004,R01,699,263.39,184109.61,17,Completed
SO00687,2024-09-12,C050,P005,R04,445,233.05,103707.25,25,Completed
SO00688,2024-12-24,C038,P007,R02,554,146.75,81299.5,8,Completed
SO00689,2025-04-03,C030,P002,R02,734,416.44,305666.96,23,Completed
SO00690,2025-02-01,C036,P002,R04,952,147.02,139963.04,9,Completed
SO00691,2025-05-05,C032,P007,R02,1864,491.99,917069.36,26,Completed
SO00692,2023-04-11,C012,P006,R01,210,227.53,47781.3,3,Completed
SO00693,2024-05-28,C021,P003,R01,657,136.83,89897.31,7,Completed
SO00694,2024-11-25,C048,P007,R04,951,225.91,214840.41,16,Completed
SO00695,2025-09-09,C029,P003,R02,504,498.16,251072.64,8,Completed
SO00696,2023-04-18,C033,P006,R02,1255,359.28,450896.4,8,Completed
SO00697,2023-04-18,C043,P008,R04,1006,379.13,381404.78,12,Completed
SO00698,2023-01-07,C031,P004,R02,1728,165.93,286727.04,15,Completed
SO00699,2023-05-28,C021,P001,R01,548,214.89,117759.72,18,Completed
SO00700,2023-12-11,C031,P001,R02,511,459.97,235044.67,19,Completed
SO00701,2025-04-19,C015,P001,R04,1841,317.37,584278.17,5,Completed
SO00702,2025-11-01,C010,P003,R04,388,298.86,115957.68,21,Completed
SO00703,2024-05-04,C043,P006,R04,1738,129.86,225696.68,21,Completed
SO00704,2025-08-18,C034,P003,R02,744,316.89,235766.16,29,Delayed
SO00705,2024-06-03,C050,P004,R04,1973,433.3,854900.9,12,Completed
SO00706,2025-02-24,C011,P005,R04,337,238.29,80303.73,20,Completed
SO00707,2024-02-03,C023,P007,R04,1148,100.33,115178.84,7,Completed
SO00708,2023-03-03,C025,P006,R01,1050,53.5,56175.0,24,Completed
SO00709,2023-06-27,C004,P006,R03,242,106.09,25673.78,14,Completed
SO00710,2023-02-18,C017,P005,R03,142,475.4,67506.8,20,Completed
SO00711,2023-01-22,C043,P007,R04,256,422.31,108111.36,24,Completed
SO00712,2025-01-22,C028,P008,R04,1257,477.7,600468.9,15,Completed
SO00713,2023-06-24,C038,P005,R02,1907,462.23,881472.61,28,Delayed
SO00714,2025-03-25,C043,P001,R04,1223,357.27,436941.21,10,Completed
SO00715,2023-09-20,C020,P008,R01,677,138.22,93574.94,16,Completed
SO00716,2024-12-24,C045,P002,R03,1004,445.32,447101.28,18,Completed
SO00717,2024-02-18,C009,P007,R02,980,116.27,113944.6,7,Completed
SO00718,2025-09-20,C008,P005,R04,1280,426.75,546240.0,16,Completed
SO00719,2024-01-03,C012,P001,R01,994,341.27,339222.38,12,Completed
SO00720,2025-10-31,C011,P001,R04,1171,54.1,63351.1,14,Completed
SO00721,2023-07-11,C050,P004,R04,1431,472.34,675918.54,22,Completed
SO00722,2024-04-29,C037,P005,R04,1711,99.69,170569.59,10,Completed
SO00723,2024-05-01,C040,P003,R01,1980,176.6,349668.0,10,Completed
SO00724,2023-09-07,C010,P001,R04,88,195.49,17203.12,6,Completed
SO00725,2025-01-09,C037,P001,R04,1867,408.33,762352.11,20,Completed
SO00726,2024-01-11,C023,P007,R04,839,252.58,211914.62,25,Completed
SO00727,2025-02-15,C005,P005,R04,241,298.74,71996.34,10,Completed
SO00728,2023-12-02,C044,P003,R01,1185,103.64,122813.4,25,Completed
SO00729,2023-04-04,C031,P004,R02,1563,414.74,648238.62,12,Completed
SO00730,2023-11-11,C022,P003,R02,1982,186.59,369821.38,20,Completed
SO00731,2025-01-01,C015,P007,R04,155,170.66,26452.3,25,Completed
SO00732,2025-07-16,C009,P008,R02,89,198.3,17648.7,29,Delayed
SO00733,2024-08-03,C009,P004,R02,496,288.6,143145.6,8,Completed
SO00734,2025-07-14,C035,P003,R02,97,215.27,20881.19,25,Completed
SO00735,2025-02-05,C032,P003,R02,879,453.58,398696.82,15,Completed
SO00736,2025-11-13,C019,P002,R04,1662,298.07,495392.34,28,Delayed
SO00737,2025-08-19,C039,P003,R01,1145,198.64,227442.8,29,Delayed
SO00738,2023-06-10,C028,P005,R04,102,153.75,15682.5,5,Completed
SO00739,2023-07-27,C022,P007,R02,657,465.02,305518.14,10,Completed
SO00740,2024-09-13,C006,P003,R04,1279,141.34,180773.86,12,Completed
SO00741,2024-02-09,C049,P001,R03,876,425.66,372878.16,7,Completed
SO00742,2023-07-19,C041,P006,R02,336,124.74,41912.64,28,Delayed
SO00743,2024-08-02,C004,P005,R03,574,319.27,183260.98,12,Completed
SO00744,2025-05-23,C013,P005,R01,386,92.98,35890.28,3,Completed
SO00745,2024-09-08,C024,P002,R02,1131,133.8,151327.8,29,Delayed
SO00746,2023-02-15,C008,P003,R04,364,134.31,48888.84,29,Delayed
SO00747,2024-10-16,C028,P001,R04,1546,357.19,552215.74,25,Completed
SO00748,2024-06-24,C017,P004,R03,1359,499.79,679214.61,20,Completed
SO00749,2024-03-14,C013,P007,R01,1244,34.62,43067.28,23,Completed
SO00750,2023-02-21,C019,P006,R04,677,341.62,231276.74,22,Completed
SO00751,2024-07-20,C023,P004,R04,433,36.76,15917.08,3,Completed
SO00752,2025-07-31,C047,P008,R04,1074,402.08,431833.92,13,Completed
SO00753,2024-05-11,C015,P002,R04,189,367.81,69516.09,16,Completed
SO00754,2025-10-08,C027,P002,R03,1263,353.9,446975.7,13,Completed
SO00755,2025-06-02,C011,P003,R04,664,80.23,53272.72,19,Completed
SO00756,2023-08-28,C021,P005,R01,1926,420.83,810518.58,26,Completed
SO00757,2024-03-02,C037,P001,R04,542,416.89,225954.38,24,Completed
SO00758,2023-04-10,C011,P003,R04,905,34.45,31177.25,21,Completed
SO00759,2023-11-23,C039,P001,R01,717,306.7,219903.9,8,Completed
SO00760,2025-01-14,C002,P003,R04,1623,474.64,770340.72,21,Completed
SO00761,2024-07-16,C049,P003,R03,1372,183.09,251199.48,15,Completed
SO00762,2023-01-12,C041,P006,R02,1301,318.89,414875.89,16,Completed
SO00763,2025-05-26,C046,P003,R01,1945,170.32,331272.4,3,Completed
SO00764,2023-04-12,C033,P008,R02,496,492.73,244394.08,26,Completed
SO00765,2024-02-14,C044,P008,R01,972,64.33,62528.76,18,Completed
SO00766,2025-02-19,C014,P003,R03,798,234.42,187067.16,4,Completed
SO00767,2023-08-04,C042,P001,R04,1146,380.57,436133.22,10,Completed
SO00768,2024-10-04,C005,P008,R04,1268,383.38,486125.84,18,Completed
SO00769,2025-05-14,C041,P004,R02,1766,139.74,246780.84,17,Completed
SO00770,2024-03-19,C020,P008,R01,189,456.4,86259.6,25,Completed
SO00771,2023-11-28,C025,P001,R01,1651,108.62,179331.62,28,Delayed
SO00772,2024-10-30,C022,P007,R02,1542,372.76,574795.92,3,Completed
SO00773,2023-05-13,C046,P006,R01,997,372.26,371143.22,27,Delayed
SO00774,2023-07-06,C005,P001,R04,119,453.16,53926.04,18,Completed
SO00775,2023-09-05,C027,P001,R03,579,70.81,40998.99,5,Completed
SO00776,2024-09-22,C003,P006,R03,1625,211.77,344126.25,27,Delayed
SO00777,2025-11-05,C011,P001,R04,622,394.39,245310.58,28,Delayed
SO00778,2024-10-03,C045,P004,R03,919,123.05,113082.95,11,Completed
SO00779,2025-09-18,C040,P007,R01,1773,316.13,560498.49,13,Completed
SO00780,2024-08-14,C026,P001,R04,766,292.63,224154.58,24,Completed
SO00781,2024-04-12,C039,P007,R01,1808,395.38,714847.04,26,Completed
SO00782,2024-01-17,C025,P001,R01,1661,271.32,450662.52,24,Completed
SO00783,2023-09-15,C001,P005,R01,810,297.26,240780.6,24,Completed
SO00784,2025-09-20,C022,P006,R02,727,450.02,327164.54,18,Completed
SO00785,2024-02-03,C017,P007,R03,651,94.9,61779.9,8,Completed
SO00786,2024-06-01,C006,P004,R04,212,126.19,26752.28,17,Completed
SO00787,2023-06-08,C027,P005,R03,318,240.38,76440.84,23,Completed
SO00788,2023-08-21,C005,P001,R04,1031,56.75,58509.25,25,Completed
SO00789,2024-08-13,C005,P001,R04,1035,215.72,223270.2,8,Completed
SO00790,2024-12-19,C004,P005,R03,834,465.49,388218.66,16,Completed
SO00791,2023-03-19,C015,P004,R04,68,391.31,26609.08,17,Completed
SO00792,2024-12-26,C019,P001,R04,1989,284.32,565512.48,28,Delayed
SO00793,2025-07-09,C017,P007,R03,1400,142.56,199584.0,3,Completed
SO00794,2024-05-06,C006,P006,R04,875,278.14,243372.5,7,Completed
SO00795,2023-03-21,C004,P004,R03,857,95.27,81646.39,18,Completed
SO00796,2023-02-17,C028,P004,R04,1937,442.08,856308.96,5,Completed
SO00797,2023-09-21,C043,P005,R04,208,479.9,99819.2,15,Completed
SO00798,2025-07-12,C044,P001,R01,420,202.22,84932.4,27,Delayed
SO00799,2023-11-15,C038,P001,R02,707,40.67,28753.69,23,Completed
SO00800,2024-04-18,C043,P006,R04,1455,90.29,131371.95,7,Completed
SO00801,2023-01-10,C046,P008,R01,669,201.94,135097.86,25,Completed
SO00802,2024-07-09,C015,P004,R04,1497,282.79,423336.63,11,Completed
SO00803,2023-12-07,C048,P005,R04,425,38.85,16511.25,5,Completed
SO00804,2025-07-03,C032,P006,R02,1461,175.69,256683.09,19,Completed
SO00805,2025-03-11,C022,P003,R02,1577,406.61,641223.97,24,Completed
SO00806,2023-05-31,C011,P004,R04,1022,495.36,506257.92,5,Completed
SO00807,2025-12-29,C014,P002,R03,274,226.87,62162.38,29,Delayed
SO00808,2025-11-01,C019,P002,R04,174,126.88,22077.12,17,Completed
SO00809,2024-07-05,C025,P008,R01,973,82.64,80408.72,26,Completed
SO00810,2024-04-06,C014,P006,R03,1563,60.38,94373.94,28,Delayed
SO00811,2024-01-09,C025,P007,R01,1407,96.62,135944.34,18,Completed
SO00812,2023-07-05,C011,P002,R04,1670,420.77,702685.9,15,Completed
SO00813,2023-12-03,C002,P003,R04,893,37.25,33264.25,20,Completed
SO00814,2023-02-27,C049,P001,R03,1828,208.59,381302.52,23,Completed
SO00815,2025-03-15,C044,P008,R01,540,167.09,90228.6,18,Completed
SO00816,2025-02-04,C004,P003,R03,1048,23.0,24104.0,28,Delayed
SO00817,2023-11-04,C008,P006,R04,1336,83.34,111342.24,25,Completed
SO00818,2024-09-03,C012,P001,R01,190,419.53,79710.7,19,Completed
SO00819,2023-09-10,C036,P003,R04,1030,62.04,63901.2,28,Delayed
SO00820,2023-04-19,C029,P004,R02,1248,437.93,546536.64,25,Completed
SO00821,2023-08-29,C045,P007,R03,1253,256.42,321294.26,7,Completed
SO00822,2025-03-10,C047,P004,R04,1509,97.46,147067.14,12,Completed
SO00823,2023-08-26,C029,P003,R02,1733,372.27,645143.91,6,Completed
SO00824,2024-03-25,C018,P001,R04,1014,417.13,422969.82,15,Completed
SO00825,2024-01-06,C043,P007,R04,879,488.5,429391.5,6,Completed
SO00826,2025-09-07,C036,P008,R04,890,130.4,116056.0,21,Completed
SO00827,2024-12-13,C015,P007,R04,490,87.73,42987.7,6,Completed
SO00828,2023-05-01,C023,P001,R04,687,276.87,190209.69,24,Completed
SO00829,2025-01-05,C034,P003,R02,638,496.44,316728.72,12,Completed
SO00830,2024-07-14,C042,P001,R04,527,188.87,99534.49,5,Completed
SO00831,2024-10-04,C019,P007,R04,1680,244.49,410743.2,4,Completed
SO00832,2024-04-25,C002,P004,R04,365,339.38,123873.7,18,Completed
SO00833,2024-12-10,C031,P001,R02,1180,153.89,181590.2,13,Completed
SO00834,2024-09-10,C026,P007,R04,1952,412.82,805824.64,19,Completed
SO00835,2025-09-11,C001,P008,R01,608,120.95,73537.6,12,Completed
SO00836,2025-05-22,C004,P005,R03,1181,49.28,58199.68,13,Completed
SO00837,2025-12-11,C045,P006,R03,1268,175.68,222762.24,12,Completed
SO00838,2025-09-11,C049,P008,R03,705,22.59,15925.95,24,Completed
SO00839,2024-04-19,C025,P003,R01,1169,128.61,150345.09,12,Completed
SO00840,2023-09-23,C041,P006,R02,1447,124.98,180846.06,7,Completed
SO00841,2024-12-15,C020,P002,R01,803,41.6,33404.8,11,Completed
SO00842,2025-12-28,C025,P002,R01,1395,217.46,303356.7,11,Completed
SO00843,2024-05-30,C032,P001,R02,554,144.12,79842.48,22,Completed
SO00844,2024-06-19,C036,P007,R04,1481,256.45,379802.45,4,Completed
SO00845,2024-12-28,C029,P008,R02,576,447.38,257690.88,22,Completed
SO00846,2024-09-19,C010,P004,R04,671,63.14,42366.94,20,Completed
SO00847,2023-05-26,C012,P007,R01,1223,88.78,108577.94,6,Completed
SO00848,2025-12-23,C016,P006,R03,1429,310.63,443890.27,3,Completed
SO00849,2025-07-14,C038,P005,R02,244,141.75,34587.0,15,Completed
SO00850,2023-11-01,C004,P002,R03,710,324.18,230167.8,16,Completed
SO00851,2024-05-04,C012,P001,R01,961,453.3,435621.3,25,Completed
SO00852,2024-09-11,C032,P003,R02,1600,65.32,104512.0,11,Completed
SO00853,2024-05-25,C005,P004,R04,158,449.25,70981.5,25,Completed
SO00854,2025-03-12,C015,P007,R04,92,20.01,1840.92,5,Completed
SO00855,2024-01-27,C023,P002,R04,849,428.55,363838.95,29,Delayed
SO00856,2025-06-28,C029,P008,R02,375,409.88,153705.0,24,Completed
SO00857,2024-12-31,C027,P008,R03,1674,207.15,346769.1,3,Completed
SO00858,2023-12-14,C011,P001,R04,615,233.17,143399.55,24,Completed
SO00859,2025-08-24,C046,P008,R01,242,173.61,42013.62,23,Completed
SO00860,2023-12-05,C029,P004,R02,901,347.45,313052.45,18,Completed
SO00861,2023-06-01,C035,P006,R02,758,297.68,225641.44,14,Completed
SO00862,2024-09-29,C039,P002,R01,1845,224.45,414110.25,21,Completed
SO00863,2025-03-13,C013,P005,R01,1982,32.33,64078.06,24,Completed
SO00864,2023-12-06,C045,P004,R03,1927,131.62,253631.74,10,Completed
SO00865,2023-05-23,C048,P008,R04,676,249.68,168783.68,13,Completed
SO00866,2023-11-07,C019,P007,R04,801,70.63,56574.63,14,Completed
SO00867,2024-06-09,C011,P001,R04,715,161.92,115772.8,13,Completed
SO00868,2023-02-17,C006,P004,R04,991,307.33,304564.03,19,Completed
SO00869,2024-11-09,C040,P008,R01,377,299.9,113062.3,24,Completed
SO00870,2025-09-15,C039,P001,R01,1390,498.35,692706.5,14,Completed
SO00871,2025-02-09,C043,P005,R04,1636,457.44,748371.84,16,Completed
SO00872,2025-03-16,C013,P008,R01,650,419.94,272961.0,24,Completed
SO00873,2023-12-30,C011,P006,R04,1553,383.0,594799.0,16,Completed
SO00874,2023-12-06,C041,P003,R02,1288,399.21,514182.48,20,Completed
SO00875,2024-10-11,C026,P008,R04,970,49.78,48286.6,21,Completed
SO00876,2023-03-29,C035,P002,R02,847,259.67,219940.49,5,Completed
SO00877,2024-05-15,C029,P003,R02,734,75.27,55248.18,26,Completed
SO00878,2025-12-17,C047,P001,R04,1254,232.18,291153.72,22,Completed
SO00879,2024-03-13,C025,P004,R01,1563,370.64,579310.32,19,Completed
SO00880,2025-11-17,C010,P002,R04,1514,308.87,467629.18,20,Completed
SO00881,2024-03-18,C001,P003,R01,1821,208.04,378840.84,4,Completed
SO00882,2023-02-13,C026,P005,R04,1333,285.14,380091.62,20,Completed
SO00883,2025-08-22,C024,P005,R02,341,279.33,95251.53,29,Delayed
SO00884,2025-01-14,C018,P005,R04,1229,162.24,199392.96,18,Completed
SO00885,2024-09-13,C031,P007,R02,309,314.91,97307.19,9,Completed
SO00886,2025-11-02,C039,P006,R01,1562,417.65,652369.3,24,Completed
SO00887,2024-06-12,C030,P005,R02,1877,396.07,743423.39,23,Completed
SO00888,2023-08-11,C026,P006,R04,648,176.33,114261.84,8,Completed
SO00889,2025-03-04,C022,P001,R02,68,267.82,18211.76,7,Completed
SO00890,2023-01-12,C010,P008,R04,1302,397.24,517206.48,29,Delayed
SO00891,2024-01-11,C012,P007,R01,1832,128.81,235979.92,13,Completed
SO00892,2023-05-31,C039,P004,R01,1958,75.9,148612.2,20,Completed
SO00893,2024-10-26,C044,P008,R01,471,123.84,58328.64,3,Completed
SO00894,2025-07-11,C011,P002,R04,629,115.72,72787.88,6,Completed
SO00895,2024-01-23,C022,P007,R02,1523,416.45,634253.35,8,Completed
SO00896,2024-05-31,C021,P004,R01,1640,138.75,227550.0,16,Completed
SO00897,2023-07-07,C049,P004,R03,314,30.09,9448.26,24,Completed
SO00898,2023-03-09,C042,P005,R04,1126,271.23,305404.98,12,Completed
SO00899,2024-08-26,C007,P003,R02,974,25.92,25246.08,5,Completed
SO00900,2023-07-29,C015,P002,R04,84,44.55,3742.2,17,Completed
SO00901,2025-08-02,C003,P008,R03,953,149.9,142854.7,28,Delayed
SO00902,2023-06-15,C021,P005,R01,500,54.15,27075.0,25,Completed
SO00903,2024-08-01,C009,P008,R02,1901,143.89,273534.89,23,Completed
SO00904,2023-02-25,C038,P001,R02,275,108.93,29955.75,26,Completed
SO00905,2024-08-06,C010,P004,R04,1564,302.82,473610.48,10,Completed
SO00906,2023-11-25,C012,P001,R01,1418,80.93,114758.74,28,Delayed
SO00907,2025-04-13,C036,P006,R04,938,48.37,45371.06,8,Completed
SO00908,2025-01-20,C018,P008,R04,1263,203.43,256932.09,16,Completed
SO00909,2023-11-15,C028,P006,R04,228,178.95,40800.6,17,Completed
SO00910,2024-04-01,C028,P006,R04,530,30.66,16249.8,27,Delayed
SO00911,2023-04-22,C008,P008,R04,1591,369.76,588288.16,18,Completed
SO00912,2023-05-11,C005,P004,R04,1610,44.47,71596.7,20,Completed
SO00913,2025-05-29,C045,P006,R03,1443,179.35,258802.05,14,Completed
SO00914,2023-03-24,C011,P003,R04,1220,496.41,605620.2,23,Completed
SO00915,2025-01-24,C045,P008,R03,1501,255.14,382965.14,3,Completed
SO00916,2024-03-28,C023,P008,R04,1513,403.6,610646.8,20,Completed
SO00917,2025-06-13,C033,P003,R02,964,270.5,260762.0,22,Completed
SO00918,2025-08-15,C026,P001,R04,1684,87.19,146827.96,5,Completed
SO00919,2024-05-23,C023,P006,R04,1069,498.33,532714.77,18,Completed
SO00920,2024-11-28,C045,P007,R03,1631,25.32,41296.92,25,Completed
SO00921,2025-11-11,C040,P007,R01,134,495.94,66455.96,3,Completed
SO00922,2024-01-25,C023,P003,R04,988,356.35,352073.8,15,Completed
SO00923,2024-10-20,C033,P005,R02,1990,246.44,490415.6,25,Completed
SO00924,2023-12-14,C024,P002,R02,1956,417.2,816043.2,21,Completed
SO00925,2024-01-25,C020,P007,R01,396,145.36,57562.56,11,Completed
SO00926,2025-03-30,C021,P003,R01,1163,266.32,309730.16,15,Completed
SO00927,2024-06-25,C037,P001,R04,1831,221.17,404962.27,19,Completed
SO00928,2025-01-31,C050,P002,R04,346,258.19,89333.74,27,Delayed
SO00929,2023-10-03,C011,P001,R04,1727,70.24,121304.48,5,Completed
SO00930,2023-07-18,C024,P004,R02,1604,320.33,513809.32,19,Completed
SO00931,2024-02-02,C035,P001,R02,751,328.2,246478.2,27,Delayed
SO00932,2023-01-26,C043,P007,R04,1555,447.52,695893.6,4,Completed
SO00933,2024-11-22,C025,P007,R01,577,161.96,93450.92,11,Completed
SO00934,2024-09-28,C034,P002,R02,1921,115.35,221587.35,25,Completed
SO00935,2024-02-28,C045,P004,R03,1719,303.03,520908.57,8,Completed
SO00936,2024-11-11,C039,P001,R01,336,102.48,34433.28,27,Delayed
SO00937,2023-09-01,C009,P003,R02,528,26.65,14071.2,10,Completed
SO00938,2025-01-03,C004,P007,R03,1282,29.67,38036.94,5,Completed
SO00939,2024-09-12,C005,P006,R04,837,407.7,341244.9,17,Completed
SO00940,2025-01-14,C042,P008,R04,1694,365.68,619461.92,11,Completed
SO00941,2025-08-31,C046,P001,R01,817,450.75,368262.75,23,Completed
SO00942,2023-01-02,C042,P008,R04,1982,120.54,238910.28,15,Completed
SO00943,2025-01-10,C009,P002,R02,357,265.86,94912.02,24,Completed
SO00944,2024-03-29,C040,P002,R01,1905,329.89,628440.45,25,Completed
SO00945,2024-03-01,C005,P003,R04,784,351.99,275960.16,20,Completed
SO00946,2023-12-27,C045,P001,R03,1203,483.3,581409.9,28,Delayed
SO00947,2024-10-02,C006,P002,R04,1780,169.85,302333.0,20,Completed
SO00948,2023-08-23,C005,P003,R04,1028,211.17,217082.76,21,Completed
SO00949,2024-08-04,C024,P008,R02,1434,197.71,283516.14,27,Delayed
SO00950,2023-12-22,C014,P007,R03,994,335.7,333685.8,6,Completed
SO00951,2024-02-19,C025,P003,R01,1217,253.36,308339.12,10,Completed
SO00952,2025-06-15,C016,P001,R03,1573,253.11,398142.03,19,Completed
SO00953,2023-12-01,C027,P007,R03,1595,387.03,617312.85,27,Delayed
SO00954,2025-10-05,C006,P001,R04,334,177.52,59291.68,25,Completed
SO00955,2024-07-09,C026,P006,R04,1456,77.58,112956.48,4,Completed
SO00956,2023-03-14,C014,P002,R03,996,477.15,475241.4,23,Completed
SO00957,2025-01-18,C008,P002,R04,228,473.96,108062.88,24,Completed
SO00958,2025-08-06,C001,P001,R01,718,376.15,270075.7,26,Completed
SO00959,2024-12-12,C003,P005,R03,1831,167.43,306564.33,9,Completed
SO00960,2025-02-27,C038,P004,R02,1016,204.03,207294.48,11,Completed
SO00961,2025-06-24,C033,P006,R02,739,212.86,157303.54,7,Completed
SO00962,2024-07-21,C035,P005,R02,1505,417.78,628758.9,5,Completed
SO00963,2025-02-18,C014,P001,R03,496,358.7,177915.2,19,Completed
SO00964,2023-12-03,C018,P002,R04,1123,167.02,187563.46,20,Completed
SO00965,2023-02-23,C015,P008,R04,611,323.06,197389.66,10,Completed
SO00966,2025-02-02,C013,P005,R01,1434,83.5,119739.0,10,Completed
SO00967,2024-03-09,C030,P002,R02,1957,281.24,550386.68,3,Completed
SO00968,2023-03-05,C014,P003,R03,938,102.37,96023.06,20,Completed
SO00969,2024-05-02,C031,P008,R02,1777,263.72,468630.44,8,Completed
SO00970,2023-03-13,C002,P004,R04,1282,236.61,303334.02,27,Delayed
SO00971,2024-10-22,C021,P004,R01,1518,396.83,602387.94,5,Completed
SO00972,2025-09-17,C049,P007,R03,988,239.85,236971.8,28,Delayed
SO00973,2023-02-22,C039,P008,R01,1555,378.25,588178.75,19,Completed
SO00974,2025-12-27,C020,P004,R01,497,185.61,92248.17,11,Completed
SO00975,2024-09-27,C042,P004,R04,1770,70.59,124944.3,13,Completed
SO00976,2025-10-08,C022,P007,R02,723,100.55,72697.65,8,Completed
SO00977,2025-03-16,C007,P007,R02,1010,131.28,132592.8,3,Completed
SO00978,2023-05-16,C018,P005,R04,1356,199.92,271091.52,3,Completed
SO00979,2025-02-28,C036,P001,R04,1773,497.28,881677.44,18,Completed
SO00980,2023-09-22,C024,P007,R02,1129,319.84,361099.36,26,Completed
SO00981,2025-06-04,C037,P003,R04,220,344.28,75741.6,12,Completed
SO00982,2025-08-28,C030,P007,R02,811,276.78,224468.58,6,Completed
SO00983,2025-12-20,C042,P004,R04,1848,382.19,706287.12,24,Completed
SO00984,2025-05-12,C049,P008,R03,101,434.2,43854.2,23,Completed
SO00985,2024-08-17,C047,P007,R04,1917,477.94,916210.98,26,Completed
SO00986,2025-06-22,C024,P003,R02,1484,20.29,30110.36,3,Completed
SO00987,2025-11-13,C047,P001,R04,132,225.51,29767.32,27,Delayed
SO00988,2023-11-20,C030,P004,R02,1038,440.43,457166.34,22,Completed
SO00989,2025-06-10,C042,P006,R04,659,423.2,278888.8,18,Completed
SO00990,2025-02-17,C038,P008,R02,447,343.53,153557.91,17,Completed
SO00991,2025-05-13,C019,P001,R04,618,53.86,33285.48,5,Completed
SO00992,2025-04-17,C021,P001,R01,1550,76.96,119288.0,3,Completed
SO00993,2025-11-17,C016,P002,R03,541,231.23,125095.43,24,Completed
SO00994,2023-01-16,C001,P005,R01,1685,468.7,789759.5,13,Completed
SO00995,2023-01-17,C007,P007,R02,742,156.41,116056.22,17,Completed
SO00996,2025-08-29,C014,P008,R03,639,233.82,149410.98,21,Completed
SO00997,2025-02-08,C017,P002,R03,534,418.31,223377.54,24,Completed
SO00998,2025-03-24,C047,P005,R04,550,212.72,116996.0,21,Completed
SO00999,2024-02-20,C023,P004,R04,584,151.51,88481.84,9,Completed
SO01000,2023-10-21,C033,P008,R02,1024,355.81,364349.44,25,Completed
SO01001,2024-03-08,C002,P008,R04,1640,417.99,685503.6,18,Completed
SO01002,2025-12-13,C014,P003,R03,1998,184.44,368511.12,17,Completed
SO01003,2024-11-24,C033,P005,R02,218,274.93,59934.74,9,Completed
SO01004,2025-09-08,C018,P005,R04,1116,53.14,59304.24,3,Completed
SO01005,2024-09-17,C006,P006,R04,1176,317.2,373027.2,28,Delayed
SO01006,2024-10-23,C017,P007,R03,1170,114.41,133859.7,17,Completed
SO01007,2023-11-29,C016,P006,R03,602,272.52,164057.04,29,Delayed
SO01008,2025-02-21,C050,P002,R04,1515,106.48,161317.2,6,Completed
SO01009,2024-07-28,C025,P004,R01,1288,217.94,280706.72,28,Delayed
SO01010,2023-12-15,C037,P001,R04,225,135.59,30507.75,8,Completed
SO01011,2023-08-18,C046,P005,R01,1193,281.11,335364.23,26,Completed
SO01012,2025-10-04,C024,P001,R02,1722,184.56,317812.32,19,Completed
SO01013,2023-07-03,C040,P008,R01,1003,375.95,377077.85,23,Completed
SO01014,2024-05-05,C010,P003,R04,1950,440.77,859501.5,12,Completed
SO01015,2023-07-09,C018,P008,R04,1602,198.6,318157.2,19,Completed
SO01016,2023-05-11,C020,P001,R01,1449,306.77,444509.73,13,Completed
SO01017,2023-03-04,C027,P003,R03,1856,123.96,230069.76,25,Completed
SO01018,2025-03-29,C025,P008,R01,1227,184.22,226037.94,19,Completed
SO01019,2024-05-07,C002,P004,R04,859,285.71,245424.89,14,Completed
SO01020,2025-04-19,C003,P007,R03,1948,402.22,783524.56,28,Delayed
SO01021,2024-02-04,C007,P007,R02,1119,375.98,420721.62,18,Completed
SO01022,2023-02-16,C001,P006,R01,610,29.61,18062.1,24,Completed
SO01023,2025-01-08,C029,P004,R02,536,191.35,102563.6,18,Completed
SO01024,2024-06-16,C014,P006,R03,860,74.16,63777.6,16,Completed
SO01025,2023-11-21,C045,P006,R03,773,123.7,95620.1,22,Completed
SO01026,2024-08-13,C002,P003,R04,447,406.69,181790.43,19,Completed
SO01027,2025-09-20,C013,P004,R01,1663,141.04,234549.52,4,Completed
SO01028,2024-12-31,C048,P004,R04,1045,45.82,47881.9,12,Completed
SO01029,2025-12-09,C023,P002,R04,1410,422.77,596105.7,4,Completed
SO01030,2023-06-24,C003,P006,R03,1256,371.0,465976.0,4,Completed
SO01031,2025-08-03,C019,P003,R04,723,469.63,339542.49,16,Completed
SO01032,2023-03-19,C022,P008,R02,1091,177.36,193499.76,29,Delayed
SO01033,2024-11-09,C040,P003,R01,1144,286.64,327916.16,21,Completed
SO01034,2024-01-08,C043,P007,R04,406,392.86,159501.16,29,Delayed
SO01035,2025-01-16,C003,P003,R03,427,375.14,160184.78,23,Completed
SO01036,2024-08-18,C029,P005,R02,578,268.68,155297.04,10,Completed
SO01037,2023-12-21,C008,P005,R04,1691,340.13,575159.83,5,Completed
SO01038,2023-12-05,C010,P003,R04,1725,112.58,194200.5,25,Completed
SO01039,2023-10-19,C017,P001,R03,1730,400.11,692190.3,21,Completed
SO01040,2024-06-18,C042,P001,R04,1470,359.56,528553.2,23,Completed
SO01041,2024-11-12,C005,P008,R04,68,462.85,31473.8,19,Completed
SO01042,2025-03-03,C011,P002,R04,1520,31.89,48472.8,14,Completed
SO01043,2024-06-27,C011,P005,R04,685,269.27,184449.95,12,Completed
SO01044,2025-06-16,C036,P002,R04,526,205.07,107866.82,16,Completed
SO01045,2025-08-04,C022,P006,R02,1734,85.69,148586.46,9,Completed
SO01046,2025-09-15,C009,P003,R02,1202,367.85,442155.7,8,Completed
SO01047,2023-02-11,C044,P004,R01,1915,461.86,884461.9,28,Delayed
SO01048,2023-02-26,C038,P005,R02,969,175.81,170359.89,26,Completed
SO01049,2025-12-04,C021,P004,R01,106,133.57,14158.42,26,Completed
SO01050,2024-06-10,C028,P007,R04,874,239.27,209121.98,14,Completed
SO01051,2023-09-30,C046,P002,R01,1066,389.0,414674.0,12,Completed
SO01052,2024-10-03,C034,P001,R02,106,45.32,4803.92,25,Completed
SO01053,2023-05-15,C040,P001,R01,338,425.12,143690.56,20,Completed
SO01054,2023-04-25,C020,P004,R01,1876,433.18,812645.68,24,Completed
SO01055,2024-12-18,C008,P003,R04,1966,444.71,874299.86,23,Completed
SO01056,2023-04-24,C011,P007,R04,243,485.64,118010.52,6,Completed
SO01057,2024-07-27,C025,P003,R01,1909,427.13,815391.17,20,Completed
SO01058,2024-05-19,C023,P004,R04,1324,155.32,205643.68,3,Completed
SO01059,2023-04-19,C008,P004,R04,1603,458.14,734398.42,7,Completed
SO01060,2023-07-07,C019,P001,R04,1870,125.75,235152.5,10,Completed
SO01061,2024-09-14,C012,P004,R01,947,27.69,26222.43,20,Completed
SO01062,2024-02-19,C002,P005,R04,688,347.89,239348.32,28,Delayed
SO01063,2025-07-29,C023,P003,R04,985,378.17,372497.45,11,Completed
SO01064,2024-03-24,C005,P008,R04,1532,451.64,691912.48,15,Completed
SO01065,2023-11-01,C015,P003,R04,1435,248.63,356784.05,9,Completed
SO01066,2025-04-17,C015,P006,R04,1825,94.33,172152.25,8,Completed
SO01067,2024-06-09,C026,P002,R04,1006,39.36,39596.16,23,Completed
SO01068,2024-06-03,C027,P002,R03,1560,120.37,187777.2,25,Completed
SO01069,2025-11-14,C004,P003,R03,665,291.4,193781.0,23,Completed
SO01070,2023-12-17,C026,P001,R04,406,164.87,66937.22,3,Completed
SO01071,2023-04-09,C028,P005,R04,1385,77.96,107974.6,4,Completed
SO01072,2025-10-29,C042,P006,R04,1438,344.78,495793.64,16,Completed
SO01073,2023-04-23,C033,P004,R02,120,356.39,42766.8,10,Completed
SO01074,2025-10-17,C043,P008,R04,426,133.08,56692.08,17,Completed
SO01075,2023-03-14,C010,P004,R04,1469,478.19,702461.11,20,Completed
SO01076,2023-02-23,C023,P003,R04,1021,134.73,137559.33,7,Completed
SO01077,2024-04-25,C018,P007,R04,988,474.89,469191.32,27,Delayed
SO01078,2023-12-25,C004,P007,R03,1934,311.94,603291.96,15,Completed
SO01079,2023-10-03,C016,P003,R03,637,130.59,83185.83,4,Completed
SO01080,2024-06-09,C026,P002,R04,1858,211.99,393877.42,29,Delayed
SO01081,2025-08-14,C039,P005,R01,1163,306.95,356982.85,8,Completed
SO01082,2025-05-27,C009,P001,R02,885,262.23,232073.55,4,Completed
SO01083,2025-10-27,C031,P001,R02,1312,196.76,258149.12,10,Completed
SO01084,2023-12-09,C024,P005,R02,738,364.29,268846.02,18,Completed
SO01085,2024-08-19,C027,P006,R03,1525,470.66,717756.5,14,Completed
SO01086,2024-06-10,C049,P006,R03,903,434.55,392398.65,20,Completed
SO01087,2024-06-16,C021,P001,R01,1897,368.9,699803.3,14,Completed
SO01088,2023-08-21,C020,P007,R01,256,414.9,106214.4,18,Completed
SO01089,2024-07-23,C050,P003,R04,86,431.77,37132.22,15,Completed
SO01090,2023-08-08,C036,P002,R04,1541,394.42,607801.22,15,Completed
SO01091,2023-08-18,C004,P001,R03,1580,471.16,744432.8,7,Completed
SO01092,2023-01-09,C041,P004,R02,280,447.75,125370.0,12,Completed
SO01093,2023-10-15,C021,P003,R01,441,79.83,35205.03,19,Completed
SO01094,2023-11-11,C021,P002,R01,98,30.49,2988.02,7,Completed
SO01095,2023-01-23,C040,P002,R01,1751,239.39,419171.89,21,Completed
SO01096,2025-05-13,C014,P001,R03,1065,448.79,477961.35,13,Completed
SO01097,2024-08-18,C010,P004,R04,144,445.96,64218.24,3,Completed
SO01098,2025-05-15,C028,P004,R04,176,47.47,8354.72,16,Completed
SO01099,2024-07-19,C025,P004,R01,205,146.11,29952.55,23,Completed
SO01100,2024-10-06,C029,P003,R02,68,214.38,14577.84,3,Completed
SO01101,2024-10-14,C035,P007,R02,794,234.82,186447.08,27,Delayed
SO01102,2024-05-01,C020,P004,R01,1509,75.37,113733.33,4,Completed
SO01103,2023-12-02,C023,P008,R04,1271,180.74,229720.54,15,Completed
SO01104,2024-01-17,C002,P007,R04,324,475.22,153971.28,9,Completed
SO01105,2024-09-26,C020,P005,R01,378,26.81,10134.18,17,Completed
SO01106,2024-08-16,C019,P006,R04,1602,122.31,195940.62,20,Completed
SO01107,2023-11-16,C017,P005,R03,1624,214.71,348689.04,15,Completed
SO01108,2023-03-05,C030,P002,R02,253,425.61,107679.33,11,Completed
SO01109,2023-11-01,C005,P001,R04,1219,63.47,77369.93,21,Completed
SO01110,2024-11-06,C024,P003,R02,1788,101.82,182054.16,19,Completed
SO01111,2025-09-18,C009,P001,R02,320,35.55,11376.0,5,Completed
SO01112,2024-10-03,C012,P003,R01,1733,134.38,232880.54,19,Completed
SO01113,2025-04-06,C032,P002,R02,1007,107.39,108141.73,24,Completed
SO01114,2024-05-07,C027,P008,R03,1805,434.45,784182.25,9,Completed
SO01115,2025-08-22,C008,P002,R04,871,464.4,404492.4,4,Completed
SO01116,2024-02-14,C038,P001,R02,560,298.98,167428.8,11,Completed
SO01117,2023-10-04,C035,P008,R02,643,138.86,89286.98,6,Completed
SO01118,2025-07-13,C028,P003,R04,1277,97.1,123996.7,16,Completed
SO01119,2025-01-24,C020,P003,R01,942,44.8,42201.6,6,Completed
SO01120,2025-06-26,C007,P001,R02,1770,43.0,76110.0,12,Completed
SO01121,2023-12-19,C038,P002,R02,429,487.95,209330.55,20,Completed
SO01122,2025-05-08,C044,P004,R01,171,397.44,67962.24,9,Completed
SO01123,2025-01-17,C039,P006,R01,168,23.73,3986.64,20,Completed
SO01124,2024-10-22,C034,P006,R02,605,349.85,211659.25,8,Completed
SO01125,2025-07-21,C003,P004,R03,564,84.21,47494.44,12,Completed
SO01126,2023-05-16,C029,P001,R02,737,125.64,92596.68,15,Completed
SO01127,2024-08-28,C039,P001,R01,649,134.6,87355.4,8,Completed
SO01128,2025-04-17,C009,P006,R02,1804,264.38,476941.52,23,Completed
SO01129,2024-03-06,C035,P008,R02,308,233.31,71859.48,7,Completed
SO01130,2023-03-19,C031,P003,R02,1129,262.84,296746.36,10,Completed
SO01131,2023-04-15,C013,P006,R01,716,329.35,235814.6,6,Completed
SO01132,2023-12-12,C041,P001,R02,819,24.72,20245.68,22,Completed
SO01133,2023-09-14,C026,P002,R04,583,165.97,96760.51,25,Completed
SO01134,2025-08-11,C012,P007,R01,777,456.68,354840.36,9,Completed
SO01135,2025-12-19,C045,P002,R03,1341,275.11,368922.51,12,Completed
SO01136,2023-06-27,C016,P007,R03,689,151.84,104617.76,5,Completed
SO01137,2023-10-21,C007,P005,R02,166,293.27,48682.82,12,Completed
SO01138,2025-02-24,C031,P004,R02,1660,235.65,391179.0,15,Completed
SO01139,2023-12-09,C032,P002,R02,581,174.95,101645.95,20,Completed
SO01140,2024-05-08,C039,P005,R01,1730,238.44,412501.2,8,Completed
SO01141,2025-02-16,C006,P001,R04,1239,407.82,505288.98,24,Completed
SO01142,2024-11-23,C049,P004,R03,1934,259.78,502414.52,19,Completed
SO01143,2024-12-11,C047,P004,R04,182,36.5,6643.0,8,Completed
SO01144,2023-04-07,C031,P007,R02,881,281.81,248274.61,12,Completed
SO01145,2024-04-22,C023,P008,R04,274,69.54,19053.96,8,Completed
SO01146,2023-06-15,C030,P008,R02,1982,244.29,484182.78,29,Delayed
SO01147,2025-10-04,C039,P004,R01,1374,376.3,517036.2,29,Delayed
SO01148,2023-12-14,C026,P005,R04,177,233.52,41333.04,17,Completed
SO01149,2023-10-20,C023,P004,R04,1037,312.98,324560.26,17,Completed
SO01150,2024-05-17,C019,P004,R04,1978,467.53,924774.34,24,Completed
SO01151,2024-12-04,C004,P003,R03,943,146.5,138149.5,22,Completed
SO01152,2024-12-19,C011,P008,R04,1484,127.04,188527.36,9,Completed
SO01153,2025-12-06,C027,P008,R03,1237,414.48,512711.76,20,Completed
SO01154,2025-08-30,C035,P004,R02,720,142.44,102556.8,3,Completed
SO01155,2025-10-05,C003,P004,R03,752,193.9,145812.8,20,Completed
SO01156,2023-03-15,C010,P005,R04,630,432.0,272160.0,4,Completed
SO01157,2024-06-03,C010,P008,R04,1187,169.59,201303.33,24,Completed
SO01158,2025-10-25,C048,P003,R04,738,490.9,362284.2,7,Completed
SO01159,2024-01-26,C045,P006,R03,1419,363.35,515593.65,14,Completed
SO01160,2023-03-06,C015,P003,R04,172,69.21,11904.12,18,Completed
SO01161,2024-10-24,C031,P007,R02,574,235.54,135199.96,25,Completed
SO01162,2024-07-02,C027,P007,R03,1751,260.5,456135.5,29,Delayed
SO01163,2023-06-06,C008,P008,R04,825,234.15,193173.75,9,Completed
SO01164,2023-08-07,C021,P001,R01,1521,365.95,556609.95,10,Completed
SO01165,2025-07-21,C029,P004,R02,1850,63.85,118122.5,28,Delayed
SO01166,2025-04-08,C036,P006,R04,1157,110.93,128346.01,7,Completed
SO01167,2023-03-06,C040,P005,R01,1166,28.4,33114.4,18,Completed
SO01168,2024-09-29,C033,P007,R02,1578,187.81,296364.18,29,Delayed
SO01169,2023-11-03,C049,P001,R03,1037,298.76,309814.12,25,Completed
SO01170,2025-01-23,C042,P008,R04,725,156.22,113259.5,28,Delayed
SO01171,2023-05-28,C027,P006,R03,1202,57.16,68706.32,12,Completed
SO01172,2023-07-29,C003,P001,R03,55,297.8,16379.0,8,Completed
SO01173,2025-05-06,C018,P001,R04,1672,408.41,682861.52,24,Completed
SO01174,2025-04-02,C048,P007,R04,1285,327.41,420721.85,19,Completed
SO01175,2024-04-22,C045,P001,R03,1551,120.76,187298.76,5,Completed
SO01176,2025-02-21,C022,P002,R02,1009,257.3,259615.7,28,Delayed
SO01177,2024-06-20,C010,P001,R04,1620,488.52,791402.4,6,Completed
SO01178,2025-10-05,C017,P001,R03,292,131.78,38479.76,18,Completed
SO01179,2024-09-30,C001,P003,R01,1920,256.84,493132.8,6,Completed
SO01180,2024-05-10,C010,P004,R04,1148,160.28,184001.44,9,Completed
SO01181,2025-09-30,C007,P001,R02,364,239.75,87269.0,14,Completed
SO01182,2023-10-26,C037,P008,R04,225,335.15,75408.75,11,Completed
SO01183,2024-11-09,C020,P002,R01,547,348.31,190525.57,15,Completed
SO01184,2023-11-30,C048,P002,R04,1871,64.65,120960.15,27,Delayed
SO01185,2024-10-01,C019,P004,R04,1650,71.47,117925.5,21,Completed
SO01186,2023-05-29,C037,P006,R04,230,281.59,64765.7,6,Completed
SO01187,2025-10-17,C050,P007,R04,1537,334.79,514572.23,24,Completed
SO01188,2023-09-18,C044,P002,R01,1688,28.48,48074.24,24,Completed
SO01189,2023-07-15,C031,P004,R02,1316,419.55,552127.8,16,Completed
SO01190,2024-01-10,C048,P002,R04,287,244.17,70076.79,3,Completed
SO01191,2025-12-17,C047,P006,R04,996,403.31,401696.76,21,Completed
SO01192,2023-09-12,C018,P007,R04,1729,235.21,406678.09,9,Completed
SO01193,2023-09-05,C005,P001,R04,1410,67.21,94766.1,12,Completed
SO01194,2025-11-03,C042,P008,R04,1722,319.57,550299.54,6,Completed
SO01195,2023-03-18,C029,P003,R02,1966,98.03,192726.98,27,Delayed
SO01196,2023-10-17,C029,P006,R02,384,200.15,76857.6,20,Completed
SO01197,2024-05-21,C039,P001,R01,769,469.0,360661.0,5,Completed
SO01198,2024-03-23,C038,P005,R02,1502,298.21,447911.42,28,Delayed
SO01199,2023-10-30,C025,P007,R01,1386,121.49,168385.14,6,Completed
SO01200,2024-04-01,C037,P006,R04,569,261.38,148725.22,14,Completed
SO01201,2024-11-25,C045,P008,R03,698,49.65,34655.7,3,Completed
SO01202,2023-11-28,C012,P001,R01,1102,411.66,453649.32,27,Delayed
SO01203,2023-10-21,C002,P001,R04,111,221.09,24540.99,6,Completed
SO01204,2024-04-04,C044,P002,R01,724,414.01,299743.24,11,Completed
SO01205,2023-01-22,C044,P002,R01,625,369.19,230743.75,17,Completed
SO01206,2025-10-22,C046,P004,R01,1654,234.03,387085.62,14,Completed
SO01207,2024-11-06,C025,P008,R01,1235,325.91,402498.85,9,Completed
SO01208,2023-05-26,C003,P005,R03,446,36.51,16283.46,27,Delayed
SO01209,2025-06-19,C043,P004,R04,237,305.8,72474.6,12,Completed
SO01210,2025-06-16,C011,P006,R04,1944,456.9,888213.6,20,Completed
SO01211,2023-06-14,C046,P001,R01,605,439.3,265776.5,29,Delayed
SO01212,2024-05-12,C030,P003,R02,1337,443.35,592758.95,17,Completed
SO01213,2025-11-22,C025,P007,R01,1348,215.25,290157.0,17,Completed
SO01214,2023-01-22,C027,P006,R03,601,323.42,194375.42,29,Delayed
SO01215,2024-05-19,C042,P004,R04,462,222.89,102975.18,11,Completed
SO01216,2023-06-15,C033,P008,R02,416,491.48,204455.68,9,Completed
SO01217,2024-10-15,C005,P002,R04,155,321.45,49824.75,7,Completed
SO01218,2024-10-05,C015,P005,R04,318,34.0,10812.0,13,Completed
SO01219,2024-05-10,C050,P004,R04,166,320.87,53264.42,18,Completed
SO01220,2025-02-09,C048,P004,R04,802,291.61,233871.22,19,Completed
SO01221,2025-08-18,C042,P008,R04,1289,305.19,393389.91,11,Completed
SO01222,2024-06-30,C029,P002,R02,1259,459.12,578032.08,24,Completed
SO01223,2024-05-28,C012,P004,R01,1172,325.8,381837.6,21,Completed
SO01224,2023-05-28,C050,P004,R04,650,319.02,207363.0,11,Completed
SO01225,2023-07-26,C009,P003,R02,128,244.78,31331.84,27,Delayed
SO01226,2025-10-20,C034,P006,R02,852,268.29,228583.08,12,Completed
SO01227,2025-12-16,C048,P006,R04,753,301.19,226796.07,5,Completed
SO01228,2024-04-20,C012,P003,R01,182,482.95,87896.9,27,Delayed
SO01229,2025-02-27,C027,P007,R03,1677,314.96,528187.92,20,Completed
SO01230,2023-04-25,C037,P005,R04,1246,215.31,268276.26,26,Completed
SO01231,2024-03-05,C046,P006,R01,78,134.72,10508.16,24,Completed
SO01232,2023-02-17,C041,P002,R02,348,195.73,68114.04,19,Completed
SO01233,2025-11-27,C002,P003,R04,1737,23.4,40645.8,8,Completed
SO01234,2025-08-06,C029,P003,R02,1268,332.05,421039.4,27,Delayed
SO01235,2023-02-05,C026,P001,R04,1987,196.99,391419.13,25,Completed
SO01236,2023-06-02,C027,P001,R03,1435,86.87,124658.45,25,Completed
SO01237,2025-04-30,C045,P004,R03,1090,455.73,496745.7,10,Completed
SO01238,2024-01-10,C039,P002,R01,1789,124.21,222211.69,16,Completed
SO01239,2025-06-07,C009,P007,R02,1158,477.08,552458.64,5,Completed
SO01240,2024-09-23,C031,P003,R02,722,151.3,109238.6,16,Completed
SO01241,2023-01-20,C031,P008,R02,1596,88.67,141517.32,4,Completed
SO01242,2025-02-09,C002,P001,R04,920,307.69,283074.8,28,Delayed
SO01243,2023-01-16,C029,P005,R02,1093,259.5,283633.5,8,Completed
SO01244,2025-01-01,C032,P001,R02,1099,252.94,277981.06,27,Delayed
SO01245,2025-06-23,C005,P005,R04,62,122.26,7580.12,18,Completed
SO01246,2023-06-28,C012,P008,R01,1679,54.99,92328.21,24,Completed
SO01247,2023-10-26,C003,P001,R03,1965,489.89,962633.85,7,Completed
SO01248,2024-05-18,C008,P006,R04,265,282.52,74867.8,18,Completed
SO01249,2023-04-12,C045,P004,R03,600,482.29,289374.0,26,Completed
SO01250,2023-03-31,C040,P004,R01,1571,27.64,43422.44,20,Completed
SO01251,2024-11-18,C050,P003,R04,1600,132.17,211472.0,7,Completed
SO01252,2023-09-26,C024,P006,R02,1027,80.86,83043.22,9,Completed
SO01253,2024-04-06,C016,P001,R03,1300,97.21,126373.0,20,Completed
SO01254,2024-05-16,C015,P007,R04,482,57.89,27902.98,23,Completed
SO01255,2025-10-29,C017,P004,R03,235,277.13,65125.55,22,Completed
SO01256,2024-10-11,C013,P007,R01,515,255.35,131505.25,16,Completed
SO01257,2023-03-05,C009,P005,R02,978,468.58,458271.24,24,Completed
SO01258,2024-09-29,C035,P002,R02,1705,253.51,432234.55,22,Completed
SO01259,2024-09-12,C024,P008,R02,1926,71.01,136765.26,18,Completed
SO01260,2023-07-12,C049,P004,R03,641,351.0,224991.0,5,Completed
SO01261,2024-08-28,C012,P005,R01,852,234.71,199972.92,20,Completed
SO01262,2023-12-27,C032,P003,R02,858,258.81,222058.98,29,Delayed
SO01263,2025-04-16,C028,P002,R04,486,30.15,14652.9,5,Completed
SO01264,2024-06-26,C001,P003,R01,1174,118.39,138989.86,4,Completed
SO01265,2024-10-10,C014,P004,R03,555,439.71,244039.05,16,Completed
SO01266,2025-06-25,C031,P004,R02,1870,80.79,151077.3,19,Completed
SO01267,2024-07-30,C048,P002,R04,1097,473.01,518891.97,24,Completed
SO01268,2025-03-19,C018,P003,R04,1951,149.48,291635.48,28,Delayed
SO01269,2024-07-01,C008,P004,R04,965,369.75,356808.75,24,Completed
SO01270,2023-03-01,C035,P001,R02,1308,499.74,653659.92,19,Completed
SO01271,2025-05-17,C023,P004,R04,452,92.61,41859.72,13,Completed
SO01272,2024-02-18,C050,P006,R04,1692,57.19,96765.48,4,Completed
SO01273,2024-11-16,C022,P005,R02,867,73.77,63958.59,29,Delayed
SO01274,2025-06-03,C002,P004,R04,172,375.38,64565.36,13,Completed
SO01275,2025-05-13,C050,P002,R04,1983,253.94,503563.02,5,Completed
SO01276,2025-12-25,C044,P002,R01,1533,103.23,158251.59,9,Completed
SO01277,2023-03-13,C039,P002,R01,1866,376.81,703127.46,13,Completed
SO01278,2025-12-27,C021,P006,R01,1773,463.12,821111.76,20,Completed
SO01279,2025-03-13,C028,P008,R04,895,236.03,211246.85,27,Delayed
SO01280,2025-12-18,C018,P001,R04,1938,240.79,466651.02,19,Completed
SO01281,2023-03-03,C034,P007,R02,1591,272.96,434279.36,5,Completed
SO01282,2025-09-03,C002,P005,R04,819,367.07,300630.33,19,Completed
SO01283,2024-07-07,C014,P001,R03,477,135.71,64733.67,16,Completed
SO01284,2024-01-31,C027,P001,R03,899,64.41,57904.59,26,Completed
SO01285,2024-12-08,C047,P007,R04,1024,352.13,360581.12,24,Completed
SO01286,2023-06-10,C012,P008,R01,1386,478.43,663103.98,10,Completed
SO01287,2025-02-11,C034,P003,R02,1980,332.12,657597.6,5,Completed
SO01288,2025-04-25,C018,P008,R04,1279,213.08,272529.32,26,Completed
SO01289,2025-01-17,C008,P008,R04,1973,188.34,371594.82,7,Completed
SO01290,2023-04-30,C008,P003,R04,1176,291.56,342874.56,28,Delayed
SO01291,2023-06-22,C040,P007,R01,1165,408.5,475902.5,9,Completed
SO01292,2023-05-01,C050,P006,R04,535,493.25,263888.75,20,Completed
SO01293,2024-01-25,C038,P004,R02,717,21.9,15702.3,14,Completed
SO01294,2023-07-18,C020,P004,R01,1668,329.22,549138.96,13,Completed
SO01295,2024-04-08,C023,P003,R04,1774,123.45,219000.3,4,Completed
SO01296,2024-08-28,C048,P006,R04,1188,311.22,369729.36,18,Completed
SO01297,2023-08-02,C014,P001,R03,1693,287.28,486365.04,9,Completed
SO01298,2023-07-17,C040,P003,R01,1147,212.16,243347.52,21,Completed
SO01299,2023-02-12,C047,P008,R04,1791,123.42,221045.22,12,Completed
SO01300,2024-06-08,C037,P005,R04,154,241.78,37234.12,18,Completed
SO01301,2024-07-09,C043,P008,R04,812,165.47,134361.64,29,Delayed
SO01302,2024-01-20,C002,P008,R04,1422,283.72,403449.84,4,Completed
SO01303,2025-11-24,C033,P007,R02,672,427.75,287448.0,10,Completed
SO01304,2025-06-05,C001,P004,R01,284,204.29,58018.36,10,Completed
SO01305,2023-06-11,C008,P001,R04,1642,60.87,99948.54,11,Completed
SO01306,2023-06-12,C007,P004,R02,1536,173.47,266449.92,22,Completed
SO01307,2025-02-05,C046,P003,R01,201,198.43,39884.43,24,Completed
SO01308,2025-05-12,C043,P004,R04,724,393.4,284821.6,8,Completed
SO01309,2024-09-21,C028,P004,R04,1881,194.18,365252.58,17,Completed
SO01310,2025-06-11,C047,P003,R04,1951,341.95,667144.45,18,Completed
SO01311,2023-12-15,C049,P003,R03,1278,297.05,379629.9,23,Completed
SO01312,2023-04-06,C013,P006,R01,114,56.83,6478.62,17,Completed
SO01313,2023-04-03,C049,P002,R03,282,216.18,60962.76,14,Completed
SO01314,2025-08-21,C025,P002,R01,1084,205.46,222718.64,6,Completed
SO01315,2024-07-18,C039,P002,R01,873,100.75,87954.75,26,Completed
SO01316,2025-04-19,C012,P008,R01,1065,70.51,75093.15,22,Completed
SO01317,2024-12-16,C004,P007,R03,1893,55.08,104266.44,24,Completed
SO01318,2024-04-02,C029,P006,R02,241,23.53,5670.73,14,Completed
SO01319,2023-01-12,C039,P002,R01,923,234.46,216406.58,28,Delayed
SO01320,2024-08-24,C045,P004,R03,1406,343.33,482721.98,6,Completed
SO01321,2025-07-26,C002,P008,R04,190,322.12,61202.8,20,Completed
SO01322,2024-10-09,C031,P003,R02,793,261.79,207599.47,22,Completed
SO01323,2025-10-09,C023,P005,R04,1809,457.86,828268.74,29,Delayed
SO01324,2024-08-07,C045,P006,R03,1104,474.93,524322.72,28,Delayed
SO01325,2025-09-11,C028,P005,R04,1372,33.36,45769.92,5,Completed
SO01326,2025-09-14,C032,P006,R02,1652,496.08,819524.16,9,Completed
SO01327,2023-11-09,C008,P005,R04,1026,369.09,378686.34,3,Completed
SO01328,2025-01-31,C048,P008,R04,1311,259.13,339719.43,18,Completed
SO01329,2024-05-05,C049,P008,R03,1649,443.57,731446.93,20,Completed
SO01330,2025-08-23,C019,P001,R04,425,177.96,75633.0,8,Completed
SO01331,2024-04-01,C036,P003,R04,1675,119.97,200949.75,14,Completed
SO01332,2023-08-04,C039,P002,R01,737,205.07,151136.59,27,Delayed
SO01333,2025-03-19,C006,P007,R04,683,445.97,304597.51,22,Completed
SO01334,2023-03-08,C005,P003,R04,259,205.88,53322.92,27,Delayed
SO01335,2023-10-28,C022,P005,R02,464,471.81,218919.84,26,Completed
SO01336,2024-06-28,C006,P001,R04,1989,285.3,567461.7,11,Completed
SO01337,2025-11-16,C046,P007,R01,1863,30.1,56076.3,29,Delayed
SO01338,2024-12-21,C037,P002,R04,739,499.74,369307.86,24,Completed
SO01339,2024-06-20,C044,P001,R01,1107,43.8,48486.6,28,Delayed
SO01340,2024-04-20,C046,P003,R01,873,111.8,97601.4,27,Delayed
SO01341,2025-03-03,C020,P002,R01,1491,491.31,732543.21,14,Completed
SO01342,2025-09-03,C035,P008,R02,901,357.12,321765.12,15,Completed
SO01343,2024-08-21,C049,P001,R03,277,368.63,102110.51,12,Completed
SO01344,2024-05-11,C041,P007,R02,751,331.98,249316.98,6,Completed
SO01345,2024-07-28,C012,P001,R01,1286,369.23,474829.78,5,Completed
SO01346,2024-06-18,C019,P005,R04,352,113.52,39959.04,10,Completed
SO01347,2023-10-29,C043,P004,R04,1368,98.56,134830.08,19,Completed
SO01348,2024-10-30,C046,P003,R01,872,124.5,108564.0,6,Completed
SO01349,2024-05-05,C025,P008,R01,1976,126.45,249865.2,19,Completed
SO01350,2025-11-25,C007,P005,R02,939,423.73,397882.47,11,Completed
SO01351,2023-04-07,C036,P007,R04,1293,459.27,593836.11,25,Completed
SO01352,2024-01-19,C024,P008,R02,1153,439.57,506824.21,4,Completed
SO01353,2025-05-31,C013,P004,R01,1616,369.04,596368.64,17,Completed
SO01354,2024-08-20,C004,P006,R03,1916,246.42,472140.72,18,Completed
SO01355,2025-01-11,C021,P008,R01,989,373.02,368916.78,9,Completed
SO01356,2024-02-06,C002,P007,R04,1370,452.78,620308.6,26,Completed
SO01357,2023-12-25,C039,P002,R01,375,259.85,97443.75,13,Completed
SO01358,2024-05-24,C006,P005,R04,1698,288.3,489533.4,9,Completed
SO01359,2025-12-11,C001,P006,R01,676,135.53,91618.28,12,Completed
SO01360,2024-05-04,C013,P003,R01,918,301.11,276418.98,22,Completed
SO01361,2023-10-19,C031,P001,R02,524,285.91,149816.84,16,Completed
SO01362,2025-04-11,C017,P008,R03,647,311.77,201715.19,4,Completed
SO01363,2024-10-03,C036,P002,R04,1079,354.57,382581.03,15,Completed
SO01364,2024-12-21,C026,P003,R04,1752,22.82,39980.64,16,Completed
SO01365,2023-07-12,C046,P006,R01,1217,416.29,506624.93,26,Completed
SO01366,2023-10-31,C024,P003,R02,436,443.22,193243.92,3,Completed
SO01367,2025-10-06,C010,P007,R04,1735,216.95,376408.25,29,Delayed
SO01368,2025-03-01,C013,P003,R01,460,191.0,87860.0,16,Completed
SO01369,2023-11-30,C049,P004,R03,1679,207.36,348157.44,16,Completed
SO01370,2023-02-03,C043,P007,R04,450,234.25,105412.5,23,Completed
SO01371,2024-10-23,C011,P003,R04,1770,271.18,479988.6,12,Completed
SO01372,2023-10-19,C036,P007,R04,265,395.33,104762.45,25,Completed
SO01373,2025-08-19,C045,P006,R03,854,37.44,31973.76,8,Completed
SO01374,2024-08-12,C025,P006,R01,1198,222.9,267034.2,10,Completed
SO01375,2025-03-08,C006,P001,R04,1319,394.15,519883.85,3,Completed
SO01376,2025-06-22,C012,P002,R01,828,185.92,153941.76,20,Completed
SO01377,2025-02-07,C031,P003,R02,1874,466.3,873846.2,11,Completed
SO01378,2024-12-04,C031,P003,R02,1896,142.82,270786.72,12,Completed
SO01379,2024-05-12,C003,P006,R03,860,257.41,221372.6,5,Completed
SO01380,2023-04-13,C045,P004,R03,677,367.71,248939.67,8,Completed
SO01381,2025-01-22,C007,P007,R02,960,435.2,417792.0,22,Completed
SO01382,2024-03-27,C020,P004,R01,1043,270.16,281776.88,9,Completed
SO01383,2023-12-19,C011,P002,R04,1138,294.7,335368.6,3,Completed
SO01384,2025-06-10,C023,P003,R04,198,383.26,75885.48,14,Completed
SO01385,2025-03-30,C030,P002,R02,1455,185.9,270484.5,16,Completed
SO01386,2025-08-23,C031,P001,R02,360,432.2,155592.0,26,Completed
SO01387,2024-08-04,C002,P007,R04,1409,145.29,204713.61,3,Completed
SO01388,2023-09-23,C043,P007,R04,1614,353.18,570032.52,28,Delayed
SO01389,2024-03-18,C029,P003,R02,988,119.74,118303.12,12,Completed
SO01390,2025-05-21,C047,P002,R04,603,405.54,244540.62,12,Completed
SO01391,2025-03-26,C042,P006,R04,1203,166.17,199902.51,26,Completed
SO01392,2025-03-31,C009,P003,R02,1607,240.49,386467.43,19,Completed
SO01393,2025-05-30,C019,P002,R04,405,129.11,52289.55,15,Completed
SO01394,2023-04-23,C022,P002,R02,195,415.4,81003.0,13,Completed
SO01395,2023-01-15,C048,P002,R04,687,136.95,94084.65,18,Completed
SO01396,2023-11-20,C037,P007,R04,536,417.24,223640.64,7,Completed
SO01397,2023-02-09,C022,P005,R02,623,28.3,17630.9,3,Completed
SO01398,2025-08-06,C018,P004,R04,1436,468.06,672134.16,26,Completed
SO01399,2023-06-26,C013,P006,R01,1674,105.38,176406.12,29,Delayed
SO01400,2024-05-03,C019,P002,R04,1274,293.69,374161.06,27,Delayed
SO01401,2025-08-01,C042,P006,R04,646,228.27,147462.42,17,Completed
SO01402,2025-12-24,C041,P003,R02,1579,287.78,454404.62,11,Completed
SO01403,2024-10-14,C044,P002,R01,1354,104.28,141195.12,8,Completed
SO01404,2024-09-29,C049,P008,R03,274,96.68,26490.32,8,Completed
SO01405,2023-03-15,C029,P008,R02,1515,488.04,739380.6,6,Completed
SO01406,2024-11-06,C036,P003,R04,1633,265.44,433463.52,6,Completed
SO01407,2024-12-01,C016,P002,R03,868,157.88,137039.84,12,Completed
SO01408,2023-01-18,C010,P003,R04,1179,86.38,101842.02,3,Completed
SO01409,2024-06-18,C004,P004,R03,237,370.04,87699.48,12,Completed
SO01410,2025-05-07,C046,P008,R01,594,284.26,168850.44,12,Completed
SO01411,2023-12-02,C001,P004,R01,1206,244.35,294686.1,19,Completed
SO01412,2023-10-15,C045,P008,R03,668,91.07,60834.76,4,Completed
SO01413,2023-03-06,C042,P001,R04,1041,242.89,252848.49,29,Delayed
SO01414,2025-05-19,C009,P007,R02,571,415.65,237336.15,15,Completed
SO01415,2023-12-15,C030,P007,R02,1552,26.15,40584.8,22,Completed
SO01416,2025-06-09,C001,P004,R01,1205,277.03,333821.15,28,Delayed
SO01417,2025-08-07,C023,P006,R04,1533,269.76,413542.08,13,Completed
SO01418,2025-04-28,C050,P006,R04,1203,48.76,58658.28,12,Completed
SO01419,2023-05-22,C008,P008,R04,481,429.41,206546.21,17,Completed
SO01420,2024-07-22,C046,P008,R01,1398,95.13,132991.74,17,Completed
SO01421,2023-05-01,C043,P006,R04,1349,301.09,406170.41,20,Completed
SO01422,2023-07-09,C026,P001,R04,1999,456.53,912603.47,21,Completed
SO01423,2025-07-13,C006,P003,R04,1919,430.44,826014.36,17,Completed
SO01424,2025-10-25,C049,P008,R03,1911,176.96,338170.56,13,Completed
SO01425,2025-03-19,C011,P008,R04,1201,197.74,237485.74,26,Completed
SO01426,2025-10-03,C026,P008,R04,1499,275.53,413019.47,25,Completed
SO01427,2025-02-24,C002,P003,R04,193,93.1,17968.3,15,Completed
SO01428,2024-07-12,C021,P001,R01,465,183.31,85239.15,10,Completed
SO01429,2023-11-14,C038,P004,R02,1169,253.1,295873.9,28,Delayed
SO01430,2023-10-26,C041,P007,R02,379,174.41,66101.39,5,Completed
SO01431,2025-08-02,C014,P001,R03,1623,71.01,115249.23,19,Completed
SO01432,2023-06-19,C041,P005,R02,1358,466.4,633371.2,17,Completed
SO01433,2025-04-12,C031,P004,R02,1899,75.39,143165.61,28,Delayed
SO01434,2023-12-19,C019,P004,R04,761,38.14,29024.54,5,Completed
SO01435,2023-10-23,C017,P001,R03,277,404.92,112162.84,21,Completed
SO01436,2024-02-20,C012,P008,R01,1750,47.94,83895.0,22,Completed
SO01437,2023-09-02,C011,P003,R04,997,202.1,201493.7,29,Delayed
SO01438,2024-08-13,C030,P001,R02,989,435.69,430897.41,29,Delayed
SO01439,2023-08-28,C004,P005,R03,700,38.99,27293.0,11,Completed
SO01440,2024-02-25,C048,P003,R04,817,433.7,354332.9,12,Completed
SO01441,2023-04-17,C019,P004,R04,137,474.86,65055.82,15,Completed
SO01442,2023-02-26,C002,P005,R04,1851,383.45,709765.95,15,Completed
SO01443,2025-06-14,C048,P007,R04,1157,54.75,63345.75,3,Completed
SO01444,2025-04-20,C013,P001,R01,1007,443.6,446705.2,18,Completed
SO01445,2025-05-21,C043,P002,R04,313,64.69,20247.97,14,Completed
SO01446,2025-09-08,C049,P005,R03,112,200.05,22405.6,19,Completed
SO01447,2024-08-13,C012,P004,R01,1600,437.92,700672.0,25,Completed
SO01448,2025-07-19,C015,P003,R04,1272,73.95,94064.4,12,Completed
SO01449,2024-10-28,C044,P001,R01,1660,100.39,166647.4,27,Delayed
SO01450,2024-01-24,C019,P001,R04,1139,264.17,300889.63,3,Completed
SO01451,2025-10-28,C034,P007,R02,874,165.54,144681.96,25,Completed
SO01452,2023-02-15,C048,P007,R04,677,405.06,274225.62,3,Completed
SO01453,2023-09-30,C014,P001,R03,1365,298.27,407138.55,11,Completed
SO01454,2024-05-19,C039,P006,R01,672,133.44,89671.68,27,Delayed
SO01455,2023-08-01,C007,P007,R02,132,188.31,24856.92,17,Completed
SO01456,2024-08-16,C012,P001,R01,1231,119.95,147658.45,5,Completed
SO01457,2023-01-18,C026,P002,R04,691,360.38,249022.58,29,Delayed
SO01458,2025-08-14,C028,P002,R04,972,191.07,185720.04,22,Completed
SO01459,2023-09-17,C018,P006,R04,1264,432.2,546300.8,15,Completed
SO01460,2024-10-30,C043,P004,R04,1373,492.47,676161.31,3,Completed
SO01461,2023-01-04,C041,P001,R02,1595,144.51,230493.45,11,Completed
SO01462,2024-05-17,C018,P007,R04,655,235.34,154147.7,7,Completed
SO01463,2025-08-11,C021,P002,R01,1866,262.77,490328.82,11,Completed
SO01464,2023-06-21,C025,P008,R01,1428,370.17,528602.76,19,Completed
SO01465,2025-05-26,C008,P001,R04,886,273.08,241948.88,5,Completed
SO01466,2024-06-02,C030,P003,R02,483,446.16,215495.28,4,Completed
SO01467,2023-10-07,C025,P008,R01,1473,27.28,40183.44,17,Completed
SO01468,2025-01-12,C024,P007,R02,672,308.46,207285.12,21,Completed
SO01469,2024-03-03,C010,P002,R04,404,270.44,109257.76,10,Completed
SO01470,2024-04-23,C042,P005,R04,142,107.66,15287.72,3,Completed
SO01471,2024-09-11,C023,P006,R04,1265,387.25,489871.25,17,Completed
SO01472,2024-05-24,C019,P003,R04,713,303.26,216224.38,13,Completed
SO01473,2024-11-14,C041,P003,R02,460,63.65,29279.0,22,Completed
SO01474,2025-04-12,C031,P004,R02,1501,168.61,253083.61,7,Completed
SO01475,2025-07-11,C038,P001,R02,792,447.08,354087.36,10,Completed
SO01476,2023-12-20,C010,P008,R04,1127,145.6,164091.2,9,Completed
SO01477,2023-02-02,C048,P002,R04,302,219.64,66331.28,7,Completed
SO01478,2025-10-12,C015,P003,R04,1798,268.22,482259.56,26,Completed
SO01479,2023-12-10,C039,P003,R01,923,356.49,329040.27,25,Completed
SO01480,2025-10-01,C044,P001,R01,1993,300.28,598458.04,28,Delayed
SO01481,2024-06-18,C049,P001,R03,618,175.76,108619.68,13,Completed
SO01482,2025-04-08,C008,P008,R04,887,273.03,242177.61,25,Completed
SO01483,2024-06-23,C045,P006,R03,1850,492.38,910903.0,11,Completed
SO01484,2023-05-24,C033,P008,R02,838,391.84,328361.92,22,Completed
SO01485,2023-02-22,C015,P005,R04,1961,447.78,878096.58,15,Completed
SO01486,2023-03-29,C019,P003,R04,1298,134.84,175022.32,23,Completed
SO01487,2025-09-11,C014,P003,R03,708,268.8,190310.4,17,Completed
SO01488,2025-03-14,C020,P003,R01,915,53.65,49089.75,20,Completed
SO01489,2024-11-24,C009,P006,R02,1708,319.61,545893.88,29,Delayed
SO01490,2024-05-22,C024,P003,R02,1326,251.85,333953.1,14,Completed
SO01491,2024-01-16,C019,P007,R04,1353,248.51,336234.03,16,Completed
SO01492,2025-04-28,C042,P002,R04,974,132.14,128704.36,14,Completed
SO01493,2023-06-03,C004,P003,R03,379,249.44,94537.76,5,Completed
SO01494,2024-10-19,C049,P003,R03,759,310.43,235616.37,5,Completed
SO01495,2023-05-09,C001,P007,R01,1262,408.69,515766.78,5,Completed
SO01496,2024-08-25,C015,P001,R04,1593,147.24,234553.32,21,Completed
SO01497,2024-02-10,C010,P001,R04,1687,74.05,124922.35,11,Completed
SO01498,2023-11-22,C031,P004,R02,1272,384.95,489656.4,22,Completed
SO01499,2025-05-26,C023,P004,R04,1633,54.2,88508.6,8,Completed
SO01500,2023-06-17,C011,P005,R04,374,363.06,135784.44,22,Completed
SO01501,2023-01-13,C015,P005,R04,1695,230.57,390816.15,15,Completed
SO01502,2025-11-30,C029,P002,R02,122,282.27,34436.94,19,Completed
SO01503,2025-11-10,C016,P004,R03,1934,387.03,748516.02,12,Completed
SO01504,2024-08-27,C003,P003,R03,935,437.02,408613.7,28,Delayed
SO01505,2025-04-09,C014,P008,R03,881,30.78,27117.18,6,Completed
SO01506,2024-08-14,C038,P003,R02,783,340.9,266924.7,17,Completed
SO01507,2023-07-05,C029,P007,R02,1834,458.88,841585.92,20,Completed
SO01508,2025-10-23,C017,P005,R03,1749,491.42,859493.58,28,Delayed
SO01509,2025-03-02,C011,P004,R04,508,111.4,56591.2,24,Completed
SO01510,2024-03-27,C031,P003,R02,1031,58.23,60035.13,29,Delayed
SO01511,2024-03-01,C047,P004,R04,1963,173.94,341444.22,6,Completed
SO01512,2023-05-21,C042,P002,R04,609,54.43,33147.87,19,Completed
SO01513,2023-11-30,C001,P001,R01,626,310.89,194617.14,8,Completed
SO01514,2023-02-27,C028,P001,R04,1490,273.2,407068.0,11,Completed
SO01515,2024-07-13,C008,P005,R04,482,475.24,229065.68,3,Completed
SO01516,2024-01-10,C006,P008,R04,1674,50.84,85106.16,3,Completed
SO01517,2023-07-02,C049,P008,R03,1732,253.98,439893.36,20,Completed
SO01518,2024-12-04,C046,P001,R01,469,199.3,93471.7,19,Completed
SO01519,2023-02-16,C003,P008,R03,1628,162.83,265087.24,6,Completed
SO01520,2024-03-19,C042,P002,R04,1344,389.93,524065.92,13,Completed
SO01521,2024-02-03,C016,P001,R03,1679,77.56,130223.24,26,Completed
SO01522,2025-11-11,C017,P002,R03,1455,251.53,365976.15,17,Completed
SO01523,2023-03-19,C010,P002,R04,110,374.31,41174.1,29,Delayed
SO01524,2023-04-22,C032,P005,R02,1050,110.42,115941.0,5,Completed
SO01525,2024-07-29,C010,P003,R04,1153,43.89,50605.17,29,Delayed
SO01526,2023-08-10,C011,P008,R04,161,264.36,42561.96,24,Completed
SO01527,2025-01-31,C045,P004,R03,1404,148.53,208536.12,11,Completed
SO01528,2024-11-15,C048,P006,R04,164,287.21,47102.44,16,Completed
SO01529,2023-02-17,C016,P004,R03,971,56.48,54842.08,21,Completed
SO01530,2025-12-17,C022,P008,R02,424,440.17,186632.08,26,Completed
SO01531,2023-10-30,C043,P006,R04,1494,113.38,169389.72,10,Completed
SO01532,2024-02-15,C013,P004,R01,508,110.76,56266.08,18,Completed
SO01533,2025-01-31,C008,P004,R04,1500,222.82,334230.0,15,Completed
SO01534,2023-05-18,C003,P001,R03,1743,213.34,371851.62,21,Completed
SO01535,2025-01-19,C040,P006,R01,1927,493.81,951571.87,25,Completed
SO01536,2024-10-06,C031,P005,R02,1874,449.54,842437.96,13,Completed
SO01537,2023-11-15,C031,P004,R02,737,408.92,301374.04,17,Completed
SO01538,2024-09-15,C016,P006,R03,1860,81.72,151999.2,28,Delayed
SO01539,2025-01-22,C050,P002,R04,898,351.5,315647.0,25,Completed
SO01540,2024-06-03,C043,P004,R04,1045,266.32,278304.4,5,Completed
SO01541,2025-12-02,C017,P002,R03,984,223.61,220032.24,25,Completed
SO01542,2024-01-26,C019,P004,R04,1606,350.2,562421.2,13,Completed
SO01543,2023-12-04,C044,P002,R01,721,362.78,261564.38,10,Completed
SO01544,2024-05-06,C028,P002,R04,1701,245.21,417102.21,6,Completed
SO01545,2024-08-08,C010,P006,R04,1760,446.18,785276.8,25,Completed
SO01546,2023-11-15,C031,P004,R02,1644,31.06,51062.64,5,Completed
SO01547,2024-08-01,C025,P007,R01,1490,36.88,54951.2,28,Delayed
SO01548,2025-05-04,C050,P004,R04,1804,478.71,863592.84,18,Completed
SO01549,2025-02-16,C023,P005,R04,501,332.4,166532.4,13,Completed
SO01550,2023-08-10,C035,P008,R02,343,309.92,106302.56,11,Completed
SO01551,2023-04-17,C003,P003,R03,1522,481.14,732295.08,24,Completed
SO01552,2023-10-17,C014,P004,R03,1954,458.63,896163.02,16,Completed
SO01553,2025-09-24,C038,P005,R02,1570,420.53,660232.1,21,Completed
SO01554,2024-11-09,C029,P003,R02,374,38.41,14365.34,18,Completed
SO01555,2023-01-23,C033,P005,R02,766,429.86,329272.76,26,Completed
SO01556,2023-01-15,C003,P007,R03,1772,184.62,327146.64,4,Completed
SO01557,2025-03-08,C045,P001,R03,1041,139.82,145552.62,4,Completed
SO01558,2024-04-09,C003,P008,R03,622,407.59,253520.98,26,Completed
SO01559,2025-08-07,C023,P006,R04,335,150.42,50390.7,26,Completed
SO01560,2024-10-30,C049,P004,R03,1710,341.0,583110.0,22,Completed
SO01561,2024-07-16,C005,P008,R04,1879,287.27,539780.33,28,Delayed
SO01562,2025-01-17,C026,P002,R04,1234,466.62,575809.08,22,Completed
SO01563,2023-09-13,C026,P004,R04,1160,254.39,295092.4,22,Completed
SO01564,2024-09-02,C009,P006,R02,692,175.81,121660.52,28,Delayed
SO01565,2024-07-15,C024,P005,R02,1827,190.33,347732.91,5,Completed
SO01566,2025-03-06,C009,P003,R02,1726,225.2,388695.2,18,Completed
SO01567,2023-04-07,C047,P001,R04,967,260.1,251516.7,23,Completed
SO01568,2025-05-19,C042,P003,R04,1046,208.97,218582.62,27,Delayed
SO01569,2025-08-25,C020,P007,R01,1563,379.24,592752.12,8,Completed
SO01570,2024-05-23,C004,P002,R03,399,309.8,123610.2,25,Completed
SO01571,2025-11-08,C036,P003,R04,313,274.73,85990.49,7,Completed
SO01572,2024-05-12,C045,P002,R03,53,273.72,14507.16,28,Delayed
SO01573,2025-06-25,C037,P001,R04,632,365.9,231248.8,25,Completed
SO01574,2024-03-08,C008,P003,R04,1617,151.9,245622.3,24,Completed
SO01575,2023-04-17,C014,P008,R03,594,378.23,224668.62,6,Completed
SO01576,2024-10-07,C016,P006,R03,1132,358.64,405980.48,18,Completed
SO01577,2024-02-13,C009,P006,R02,506,358.72,181512.32,14,Completed
SO01578,2025-01-10,C018,P003,R04,1710,270.49,462537.9,3,Completed
SO01579,2024-05-06,C005,P008,R04,492,428.08,210615.36,19,Completed
SO01580,2023-05-14,C008,P008,R04,436,131.03,57129.08,28,Delayed
SO01581,2023-11-10,C018,P006,R04,739,298.51,220598.89,3,Completed
SO01582,2025-10-08,C039,P007,R01,833,390.35,325161.55,17,Completed
SO01583,2024-01-04,C043,P002,R04,486,105.84,51438.24,27,Delayed
SO01584,2025-07-17,C016,P004,R03,869,326.5,283728.5,14,Completed
SO01585,2025-03-30,C025,P008,R01,1342,433.3,581488.6,7,Completed
SO01586,2023-04-15,C033,P006,R02,426,346.9,147779.4,26,Completed
SO01587,2025-09-11,C050,P004,R04,1102,380.32,419112.64,6,Completed
SO01588,2023-02-16,C046,P005,R01,116,422.18,48972.88,5,Completed
SO01589,2023-02-19,C045,P003,R03,1006,47.04,47322.24,24,Completed
SO01590,2025-09-16,C041,P008,R02,1683,190.77,321065.91,7,Completed
SO01591,2023-07-07,C023,P006,R04,935,116.07,108525.45,11,Completed
SO01592,2025-01-22,C050,P007,R04,806,447.43,360628.58,13,Completed
SO01593,2025-06-15,C017,P006,R03,1853,363.84,674195.52,15,Completed
SO01594,2025-03-03,C007,P002,R02,1544,318.3,491455.2,7,Completed
SO01595,2023-11-28,C006,P003,R04,138,35.09,4842.42,23,Completed
SO01596,2025-01-30,C015,P007,R04,382,389.49,148785.18,15,Completed
SO01597,2023-12-21,C018,P008,R04,937,266.05,249288.85,12,Completed
SO01598,2025-04-04,C013,P008,R01,818,45.65,37341.7,5,Completed
SO01599,2023-07-16,C015,P005,R04,1305,375.02,489401.1,9,Completed
SO01600,2023-11-01,C038,P002,R02,1881,422.16,794082.96,12,Completed
SO01601,2025-03-23,C003,P001,R03,341,299.55,102146.55,3,Completed
SO01602,2025-01-13,C026,P003,R04,769,185.11,142349.59,22,Completed
SO01603,2025-02-20,C014,P001,R03,1676,288.99,484347.24,10,Completed
SO01604,2023-02-25,C047,P001,R04,1639,385.78,632293.42,21,Completed
SO01605,2023-01-19,C013,P001,R01,1791,229.84,411643.44,16,Completed
SO01606,2024-05-09,C037,P001,R04,1352,127.16,171920.32,28,Delayed
SO01607,2023-06-11,C050,P006,R04,1197,466.8,558759.6,10,Completed
SO01608,2023-05-05,C002,P005,R04,601,46.3,27826.3,25,Completed
SO01609,2024-04-14,C043,P008,R04,1261,273.18,344479.98,6,Completed
SO01610,2025-11-22,C002,P003,R04,385,439.81,169326.85,23,Completed
SO01611,2025-10-08,C028,P002,R04,1145,57.78,66158.1,18,Completed
SO01612,2025-01-09,C031,P001,R02,1705,495.07,844094.35,20,Completed
SO01613,2024-10-26,C044,P002,R01,1262,165.27,208570.74,3,Completed
SO01614,2023-05-27,C036,P004,R04,1818,446.87,812409.66,8,Completed
SO01615,2023-10-08,C022,P006,R02,394,443.22,174628.68,8,Completed
SO01616,2024-09-14,C048,P001,R04,505,297.04,150005.2,13,Completed
SO01617,2025-02-22,C017,P006,R03,483,155.62,75164.46,25,Completed
SO01618,2025-07-17,C023,P005,R04,879,245.59,215873.61,24,Completed
SO01619,2023-10-09,C035,P003,R02,1576,379.77,598517.52,7,Completed
SO01620,2025-06-05,C013,P008,R01,187,238.64,44625.68,10,Completed
SO01621,2023-11-17,C047,P006,R04,1113,160.94,179126.22,25,Completed
SO01622,2024-01-11,C021,P008,R01,818,208.14,170258.52,3,Completed
SO01623,2024-04-19,C041,P006,R02,788,90.51,71321.88,8,Completed
SO01624,2023-07-07,C033,P002,R02,1217,404.32,492057.44,7,Completed
SO01625,2025-12-18,C012,P003,R01,374,71.36,26688.64,20,Completed
SO01626,2023-10-17,C039,P001,R01,1956,69.63,136196.28,3,Completed
SO01627,2024-05-23,C002,P003,R04,1426,333.58,475685.08,13,Completed
SO01628,2024-09-22,C017,P003,R03,787,217.69,171322.03,12,Completed
SO01629,2024-09-11,C012,P007,R01,596,108.43,64624.28,14,Completed
SO01630,2024-09-15,C032,P001,R02,645,218.46,140906.7,6,Completed
SO01631,2023-02-10,C047,P005,R04,50,119.59,5979.5,24,Completed
SO01632,2025-01-29,C014,P003,R03,1690,292.79,494815.1,28,Delayed
SO01633,2025-03-13,C047,P001,R04,766,314.98,241274.68,21,Completed
SO01634,2025-08-15,C045,P001,R03,1749,76.81,134340.69,12,Completed
SO01635,2025-02-05,C040,P007,R01,1540,257.91,397181.4,4,Completed
SO01636,2024-09-27,C040,P004,R01,1946,443.31,862681.26,25,Completed
SO01637,2023-03-04,C044,P002,R01,746,171.86,128207.56,14,Completed
SO01638,2023-08-09,C009,P003,R02,184,307.86,56646.24,13,Completed
SO01639,2025-04-04,C017,P003,R03,1779,438.21,779575.59,20,Completed
SO01640,2024-04-26,C006,P002,R04,215,378.4,81356.0,28,Delayed
SO01641,2024-09-03,C031,P008,R02,1278,414.87,530203.86,18,Completed
SO01642,2024-02-27,C037,P008,R04,929,294.18,273293.22,19,Completed
SO01643,2024-07-12,C045,P007,R03,551,251.85,138769.35,9,Completed
SO01644,2025-02-14,C015,P004,R04,1606,444.76,714284.56,12,Completed
SO01645,2023-12-23,C023,P007,R04,382,249.75,95404.5,3,Completed
SO01646,2025-12-24,C025,P001,R01,552,209.49,115638.48,17,Completed
SO01647,2025-06-07,C011,P006,R04,244,227.46,55500.24,9,Completed
SO01648,2023-01-03,C029,P002,R02,587,78.21,45909.27,13,Completed
SO01649,2024-12-08,C007,P001,R02,445,486.54,216510.3,24,Completed
SO01650,2023-04-01,C036,P008,R04,1140,429.61,489755.4,29,Delayed
SO01651,2024-11-24,C020,P001,R01,1215,369.53,448978.95,25,Completed
SO01652,2024-10-23,C006,P003,R04,722,78.51,56684.22,15,Completed
SO01653,2024-10-12,C016,P003,R03,1353,194.49,263144.97,12,Completed
SO01654,2024-12-13,C017,P002,R03,546,454.1,247938.6,15,Completed
SO01655,2024-11-20,C019,P006,R04,1742,185.95,323924.9,21,Completed
SO01656,2023-03-13,C038,P005,R02,692,416.7,288356.4,18,Completed
SO01657,2025-01-03,C030,P007,R02,732,38.52,28196.64,9,Completed
SO01658,2024-10-13,C039,P003,R01,885,450.99,399126.15,14,Completed
SO01659,2023-02-05,C030,P003,R02,1614,221.76,357920.64,28,Delayed
SO01660,2023-09-24,C030,P001,R02,308,454.81,140081.48,13,Completed
SO01661,2025-10-08,C009,P003,R02,1574,28.82,45362.68,15,Completed
SO01662,2025-02-18,C029,P002,R02,1044,350.38,365796.72,10,Completed
SO01663,2023-12-08,C013,P004,R01,1264,422.71,534305.44,24,Completed
SO01664,2024-12-24,C030,P001,R02,1543,458.38,707280.34,13,Completed
SO01665,2023-12-14,C034,P001,R02,1972,120.57,237764.04,6,Completed
SO01666,2023-11-21,C025,P006,R01,719,165.68,119123.92,13,Completed
SO01667,2023-04-19,C023,P008,R04,1513,49.97,75604.61,22,Completed
SO01668,2023-10-18,C027,P006,R03,691,422.92,292237.72,6,Completed
SO01669,2025-07-20,C044,P003,R01,1063,212.74,226142.62,10,Completed
SO01670,2024-06-08,C010,P005,R04,541,449.16,242995.56,12,Completed
SO01671,2023-10-10,C010,P003,R04,78,238.12,18573.36,21,Completed
SO01672,2024-03-24,C008,P007,R04,1144,406.93,465527.92,14,Completed
SO01673,2024-12-07,C029,P002,R02,522,401.3,209478.6,16,Completed
SO01674,2025-05-06,C038,P003,R02,1595,276.07,440331.65,9,Completed
SO01675,2025-12-11,C050,P003,R04,75,358.43,26882.25,3,Completed
SO01676,2023-04-25,C035,P006,R02,1778,437.69,778212.82,29,Delayed
SO01677,2024-04-30,C032,P001,R02,1904,352.72,671578.88,15,Completed
SO01678,2025-05-02,C008,P003,R04,1269,328.53,416904.57,24,Completed
SO01679,2024-09-05,C004,P005,R03,1711,210.43,360045.73,23,Completed
SO01680,2025-11-28,C007,P001,R02,98,413.73,40545.54,22,Completed
SO01681,2024-09-27,C034,P004,R02,978,371.71,363532.38,25,Completed
SO01682,2023-11-12,C015,P005,R04,1851,197.47,365516.97,27,Delayed
SO01683,2023-12-12,C009,P002,R02,1699,70.65,120034.35,18,Completed
SO01684,2024-05-10,C031,P005,R02,1399,44.98,62927.02,6,Completed
SO01685,2023-09-30,C029,P003,R02,1335,84.56,112887.6,26,Completed
SO01686,2025-09-29,C001,P001,R01,869,411.79,357845.51,28,Delayed
SO01687,2025-04-20,C043,P003,R04,885,457.11,404542.35,12,Completed
SO01688,2023-08-14,C002,P004,R04,907,389.8,353548.6,16,Completed
SO01689,2023-05-23,C042,P007,R04,514,251.71,129378.94,6,Completed
SO01690,2023-11-09,C019,P006,R04,1985,305.58,606576.3,18,Completed
SO01691,2023-11-19,C011,P006,R04,1112,334.37,371819.44,27,Delayed
SO01692,2024-01-06,C026,P001,R04,938,436.33,409277.54,21,Completed
SO01693,2024-07-31,C038,P005,R02,1590,248.14,394542.6,22,Completed
SO01694,2025-01-17,C004,P001,R03,302,482.63,145754.26,24,Completed
SO01695,2024-03-21,C042,P007,R04,1646,329.53,542406.38,8,Completed
SO01696,2024-09-05,C006,P006,R04,240,166.61,39986.4,29,Delayed
SO01697,2023-12-20,C050,P003,R04,1070,114.44,122450.8,29,Delayed
SO01698,2025-11-05,C035,P007,R02,1915,437.57,837946.55,8,Completed
SO01699,2024-03-19,C019,P007,R04,1299,255.88,332388.12,19,Completed
SO01700,2024-06-17,C039,P003,R01,103,45.09,4644.27,21,Completed
SO01701,2023-05-04,C001,P008,R01,629,332.42,209092.18,28,Delayed
SO01702,2024-06-23,C006,P003,R04,690,133.28,91963.2,21,Completed
SO01703,2023-06-02,C047,P001,R04,1768,161.46,285461.28,13,Completed
SO01704,2023-03-20,C012,P008,R01,1490,271.3,404237.0,19,Completed
SO01705,2025-10-29,C010,P004,R04,1872,439.23,822238.56,19,Completed
SO01706,2025-02-02,C026,P001,R04,802,188.35,151056.7,10,Completed
SO01707,2025-01-12,C024,P003,R02,129,51.63,6660.27,8,Completed
SO01708,2023-01-04,C037,P008,R04,1598,215.0,343570.0,28,Delayed
SO01709,2023-10-15,C025,P002,R01,1107,439.97,487046.79,22,Completed
SO01710,2025-12-13,C029,P008,R02,1325,371.17,491800.25,18,Completed
SO01711,2024-07-16,C047,P005,R04,317,368.77,116900.09,28,Delayed
SO01712,2025-06-06,C045,P002,R03,596,184.1,109723.6,28,Delayed
SO01713,2024-09-05,C015,P003,R04,135,223.23,30136.05,22,Completed
SO01714,2023-08-19,C029,P004,R02,305,66.52,20288.6,23,Completed
SO01715,2025-02-10,C004,P007,R03,1159,93.28,108111.52,19,Completed
SO01716,2023-12-27,C002,P006,R04,958,237.57,227592.06,17,Completed
SO01717,2025-01-03,C037,P002,R04,1972,458.34,903846.48,22,Completed
SO01718,2025-05-21,C030,P007,R02,1859,118.03,219417.77,6,Completed
SO01719,2024-03-31,C040,P007,R01,322,490.89,158066.58,27,Delayed
SO01720,2023-12-26,C031,P002,R02,1644,384.03,631345.32,18,Completed
SO01721,2023-02-09,C010,P003,R04,216,310.3,67024.8,7,Completed
SO01722,2024-11-07,C014,P006,R03,1788,53.43,95532.84,12,Completed
SO01723,2025-09-06,C010,P005,R04,1796,36.15,64925.4,19,Completed
SO01724,2024-03-14,C045,P001,R03,1033,488.49,504610.17,18,Completed
SO01725,2025-03-05,C011,P007,R04,1710,231.81,396395.1,28,Delayed
SO01726,2025-01-07,C021,P008,R01,1531,229.74,351731.94,6,Completed
SO01727,2023-03-22,C012,P002,R01,916,478.94,438709.04,24,Completed
SO01728,2023-02-02,C039,P007,R01,1691,144.34,244078.94,24,Completed
SO01729,2023-09-02,C044,P001,R01,711,105.74,75181.14,21,Completed
SO01730,2025-04-14,C023,P007,R04,731,493.24,360558.44,28,Delayed
SO01731,2023-02-03,C023,P005,R04,1972,436.13,860048.36,29,Delayed
SO01732,2023-07-15,C039,P001,R01,1546,354.19,547577.74,10,Completed
SO01733,2024-08-27,C019,P006,R04,1510,80.45,121479.5,14,Completed
SO01734,2024-09-13,C047,P008,R04,623,105.02,65427.46,7,Completed
SO01735,2025-06-04,C050,P004,R04,750,241.98,181485.0,10,Completed
SO01736,2023-07-13,C021,P003,R01,106,296.38,31416.28,18,Completed
SO01737,2024-09-08,C026,P002,R04,422,442.31,186654.82,18,Completed
SO01738,2025-06-14,C007,P001,R02,467,330.38,154287.46,16,Completed
SO01739,2025-11-24,C010,P007,R04,305,386.03,117739.15,8,Completed
SO01740,2024-01-18,C029,P008,R02,1527,273.35,417405.45,27,Delayed
SO01741,2025-06-15,C016,P001,R03,183,320.56,58662.48,6,Completed
SO01742,2025-04-20,C028,P004,R04,898,316.81,284495.38,24,Completed
SO01743,2023-03-13,C031,P004,R02,847,311.7,264009.9,20,Completed
SO01744,2024-10-07,C042,P003,R04,700,128.88,90216.0,5,Completed
SO01745,2023-07-02,C013,P003,R01,1118,301.82,337434.76,25,Completed
SO01746,2025-07-31,C028,P002,R04,1095,488.25,534633.75,15,Completed
SO01747,2024-10-21,C007,P001,R02,926,63.02,58356.52,21,Completed
SO01748,2025-04-01,C048,P002,R04,1836,297.28,545806.08,10,Completed
SO01749,2024-05-12,C005,P007,R04,1510,172.16,259961.6,25,Completed
SO01750,2024-10-10,C039,P005,R01,718,120.46,86490.28,9,Completed
SO01751,2024-04-13,C044,P001,R01,1623,271.18,440125.14,6,Completed
SO01752,2025-12-12,C023,P003,R04,780,84.09,65590.2,22,Completed
SO01753,2025-09-09,C043,P003,R04,1281,378.03,484256.43,7,Completed
SO01754,2024-06-08,C026,P005,R04,1696,221.16,375087.36,28,Delayed
SO01755,2023-12-08,C005,P001,R04,638,168.14,107273.32,3,Completed
SO01756,2023-02-04,C008,P006,R04,1482,433.97,643143.54,26,Completed
SO01757,2024-04-08,C036,P002,R04,689,369.3,254447.7,22,Completed
SO01758,2024-04-01,C045,P003,R03,1690,280.6,474214.0,12,Completed
SO01759,2023-07-24,C046,P006,R01,1215,432.16,525074.4,16,Completed
SO01760,2023-10-02,C015,P003,R04,905,325.39,294477.95,21,Completed
SO01761,2024-05-03,C015,P008,R04,746,114.96,85760.16,26,Completed
SO01762,2025-11-19,C023,P003,R04,1758,452.71,795864.18,19,Completed
SO01763,2024-08-15,C030,P006,R02,358,229.65,82214.7,29,Delayed
SO01764,2024-11-07,C033,P008,R02,349,155.33,54210.17,14,Completed
SO01765,2023-03-01,C029,P008,R02,779,270.83,210976.57,28,Delayed
SO01766,2024-12-18,C022,P008,R02,862,139.01,119826.62,11,Completed
SO01767,2024-04-08,C027,P003,R03,221,85.63,18924.23,10,Completed
SO01768,2024-07-24,C012,P002,R01,1237,408.95,505871.15,10,Completed
SO01769,2025-09-21,C027,P008,R03,306,489.44,149768.64,6,Completed
SO01770,2024-04-16,C001,P002,R01,308,223.76,68918.08,17,Completed
SO01771,2024-11-04,C029,P008,R02,1708,372.0,635376.0,19,Completed
SO01772,2024-10-22,C017,P008,R03,390,444.36,173300.4,13,Completed
SO01773,2025-02-21,C005,P006,R04,1309,141.06,184647.54,27,Delayed
SO01774,2024-06-20,C015,P003,R04,374,98.13,36700.62,14,Completed
SO01775,2024-04-13,C006,P002,R04,1528,277.96,424722.88,18,Completed
SO01776,2025-02-04,C021,P004,R01,198,324.88,64326.24,9,Completed
SO01777,2023-04-18,C043,P004,R04,474,296.94,140749.56,12,Completed
SO01778,2023-12-22,C004,P002,R03,1638,245.97,402898.86,14,Completed
SO01779,2024-12-26,C038,P007,R02,1871,432.48,809170.08,10,Completed
SO01780,2024-03-14,C015,P004,R04,991,425.94,422106.54,14,Completed
SO01781,2025-12-01,C043,P008,R04,431,51.63,22252.53,17,Completed
SO01782,2024-03-23,C015,P006,R04,283,304.98,86309.34,29,Delayed
SO01783,2023-10-17,C009,P006,R02,230,348.24,80095.2,22,Completed
SO01784,2024-06-22,C042,P005,R04,1333,451.96,602462.68,13,Completed
SO01785,2023-08-18,C041,P008,R02,1575,103.86,163579.5,4,Completed
SO01786,2023-11-10,C006,P008,R04,1372,177.82,243969.04,14,Completed
SO01787,2024-01-14,C026,P001,R04,643,388.84,250024.12,11,Completed
SO01788,2023-05-01,C017,P001,R03,112,86.19,9653.28,4,Completed
SO01789,2025-04-20,C047,P004,R04,308,426.73,131432.84,5,Completed
SO01790,2025-03-21,C045,P005,R03,862,280.56,241842.72,7,Completed
SO01791,2023-03-17,C001,P003,R01,436,20.65,9003.4,23,Completed
SO01792,2025-02-23,C010,P007,R04,377,236.74,89250.98,24,Completed
SO01793,2025-01-24,C010,P002,R04,709,197.43,139977.87,25,Completed
SO01794,2025-10-04,C019,P008,R04,511,476.18,243327.98,14,Completed
SO01795,2025-04-15,C046,P004,R01,550,69.07,37988.5,13,Completed
SO01796,2024-10-09,C018,P008,R04,613,420.37,257686.81,27,Delayed
SO01797,2025-08-11,C019,P003,R04,295,343.63,101370.85,24,Completed
SO01798,2025-09-16,C045,P005,R03,852,408.31,347880.12,5,Completed
SO01799,2025-11-09,C011,P004,R04,160,191.91,30705.6,26,Completed
SO01800,2024-04-14,C013,P003,R01,506,277.37,140349.22,4,Completed
SO01801,2023-12-05,C001,P008,R01,621,215.71,133955.91,23,Completed
SO01802,2023-08-13,C044,P004,R01,1117,300.25,335379.25,4,Completed
SO01803,2024-05-02,C026,P004,R04,1729,477.6,825770.4,4,Completed
SO01804,2024-04-24,C008,P004,R04,571,26.28,15005.88,17,Completed
SO01805,2024-12-18,C019,P001,R04,1613,126.12,203431.56,17,Completed
SO01806,2024-07-06,C007,P002,R02,104,176.24,18328.96,12,Completed
SO01807,2024-10-20,C019,P002,R04,1558,454.11,707503.38,15,Completed
SO01808,2025-06-10,C015,P002,R04,450,181.72,81774.0,21,Completed
SO01809,2023-12-14,C037,P001,R04,600,110.27,66162.0,14,Completed
SO01810,2023-01-28,C002,P007,R04,1068,160.71,171638.28,24,Completed
SO01811,2024-11-01,C044,P008,R01,761,246.16,187327.76,5,Completed
SO01812,2024-05-23,C022,P003,R02,1073,396.52,425465.96,3,Completed
SO01813,2023-10-23,C027,P005,R03,753,261.55,196947.15,13,Completed
SO01814,2025-03-06,C034,P007,R02,1323,419.81,555408.63,5,Completed
SO01815,2025-09-10,C033,P007,R02,93,351.92,32728.56,7,Completed
SO01816,2025-09-23,C024,P007,R02,966,356.36,344243.76,14,Completed
SO01817,2024-03-04,C012,P007,R01,868,213.83,185604.44,22,Completed
SO01818,2023-09-01,C011,P006,R04,62,93.42,5792.04,12,Completed
SO01819,2023-10-12,C008,P004,R04,890,491.4,437346.0,4,Completed
SO01820,2023-04-01,C021,P001,R01,672,307.69,206767.68,25,Completed
SO01821,2023-11-11,C012,P002,R01,881,316.38,278730.78,6,Completed
SO01822,2023-04-29,C047,P001,R04,900,312.66,281394.0,7,Completed
SO01823,2023-08-12,C028,P007,R04,524,193.41,101346.84,5,Completed
SO01824,2023-09-20,C025,P003,R01,1031,256.1,264039.1,17,Completed
SO01825,2023-05-10,C031,P007,R02,938,139.49,130841.62,13,Completed
SO01826,2025-06-05,C013,P007,R01,1670,211.31,352887.7,19,Completed
SO01827,2025-10-01,C022,P007,R02,573,276.92,158675.16,8,Completed
SO01828,2023-05-24,C009,P008,R02,735,390.98,287370.3,14,Completed
SO01829,2024-01-21,C026,P007,R04,1638,336.25,550777.5,21,Completed
SO01830,2024-05-15,C042,P001,R04,468,108.76,50899.68,5,Completed
SO01831,2025-01-02,C017,P008,R03,209,87.51,18289.59,22,Completed
SO01832,2023-12-22,C020,P001,R01,1696,252.13,427612.48,28,Delayed
SO01833,2024-06-12,C040,P007,R01,1847,250.78,463190.66,20,Completed
SO01834,2024-09-06,C020,P006,R01,1063,125.02,132896.26,11,Completed
SO01835,2023-02-16,C045,P001,R03,1272,212.94,270859.68,29,Delayed
SO01836,2023-02-11,C033,P005,R02,1885,61.49,115908.65,17,Completed
SO01837,2024-01-28,C003,P005,R03,1496,60.26,90148.96,24,Completed
SO01838,2023-11-30,C023,P008,R04,1127,85.63,96505.01,18,Completed
SO01839,2024-12-15,C006,P003,R04,1289,145.81,187949.09,21,Completed
SO01840,2024-03-29,C018,P006,R04,1456,339.99,495025.44,25,Completed
SO01841,2023-11-21,C049,P007,R03,1242,295.28,366737.76,4,Completed
SO01842,2024-09-14,C002,P001,R04,1969,80.56,158622.64,7,Completed
SO01843,2025-10-26,C032,P006,R02,710,49.42,35088.2,19,Completed
SO01844,2024-06-05,C009,P001,R02,137,251.28,34425.36,16,Completed
SO01845,2025-12-26,C028,P004,R04,794,238.03,188995.82,29,Delayed
SO01846,2025-06-20,C046,P007,R01,575,419.69,241321.75,10,Completed
SO01847,2024-09-21,C023,P006,R04,1987,460.21,914437.27,15,Completed
SO01848,2023-09-13,C039,P001,R01,1916,288.88,553494.08,13,Completed
SO01849,2023-04-18,C031,P003,R02,1040,122.86,127774.4,19,Completed
SO01850,2025-10-26,C033,P008,R02,1920,409.01,785299.2,28,Delayed
SO01851,2023-01-09,C025,P001,R01,1472,211.68,311592.96,6,Completed
SO01852,2024-03-12,C032,P002,R02,280,307.31,86046.8,11,Completed
SO01853,2023-03-01,C021,P008,R01,1384,176.03,243625.52,4,Completed
SO01854,2025-10-06,C020,P007,R01,1507,311.23,469023.61,29,Delayed
SO01855,2025-08-22,C012,P006,R01,602,90.92,54733.84,20,Completed
SO01856,2025-03-16,C014,P007,R03,1207,123.51,149076.57,10,Completed
SO01857,2025-07-06,C032,P001,R02,829,233.02,193173.58,21,Completed
SO01858,2023-05-06,C037,P007,R04,74,417.46,30892.04,8,Completed
SO01859,2025-03-04,C014,P001,R03,1719,426.75,733583.25,13,Completed
SO01860,2024-03-10,C034,P002,R02,1975,340.45,672388.75,20,Completed
SO01861,2024-12-08,C008,P001,R04,1689,195.9,330875.1,14,Completed
SO01862,2024-05-27,C035,P003,R02,479,466.05,223237.95,10,Completed
SO01863,2023-10-26,C005,P002,R04,400,493.8,197520.0,28,Delayed
SO01864,2024-10-03,C029,P003,R02,392,22.56,8843.52,9,Completed
SO01865,2025-05-02,C034,P007,R02,1243,289.75,360159.25,20,Completed
SO01866,2024-01-09,C015,P007,R04,784,326.4,255897.6,13,Completed
SO01867,2023-01-14,C049,P005,R03,1030,275.17,283425.1,18,Completed
SO01868,2024-09-28,C049,P001,R03,629,306.31,192668.99,3,Completed
SO01869,2024-03-10,C033,P003,R02,1562,353.05,551464.1,24,Completed
SO01870,2025-01-24,C045,P003,R03,924,384.67,355435.08,26,Completed
SO01871,2024-12-02,C012,P005,R01,941,356.93,335871.13,21,Completed
SO01872,2025-11-05,C017,P007,R03,980,141.05,138229.0,21,Completed
SO01873,2025-01-15,C028,P005,R04,833,66.36,55277.88,23,Completed
SO01874,2023-07-08,C013,P008,R01,1253,467.33,585564.49,7,Completed
SO01875,2023-02-16,C049,P003,R03,1194,429.03,512261.82,8,Completed
SO01876,2024-01-09,C020,P003,R01,1018,259.1,263763.8,25,Completed
SO01877,2025-04-17,C017,P008,R03,1642,336.53,552582.26,3,Completed
SO01878,2023-10-14,C006,P001,R04,914,307.35,280917.9,5,Completed
SO01879,2024-12-24,C028,P003,R04,1160,276.09,320264.4,21,Completed
SO01880,2024-07-28,C004,P003,R03,1833,74.98,137438.34,9,Completed
SO01881,2023-05-23,C026,P001,R04,459,194.67,89353.53,11,Completed
SO01882,2023-01-25,C050,P005,R04,1537,297.02,456519.74,24,Completed
SO01883,2025-03-20,C032,P002,R02,975,171.82,167524.5,24,Completed
SO01884,2024-04-14,C009,P004,R02,1895,210.67,399219.65,6,Completed
SO01885,2025-12-23,C048,P008,R04,1768,73.57,130071.76,24,Completed
SO01886,2023-12-14,C017,P005,R03,806,432.38,348498.28,8,Completed
SO01887,2025-02-20,C035,P003,R02,856,473.23,405084.88,26,Completed
SO01888,2025-05-03,C016,P003,R03,1433,242.88,348047.04,4,Completed
SO01889,2023-11-05,C009,P008,R02,496,445.56,220997.76,29,Delayed
SO01890,2024-07-25,C024,P001,R02,339,396.41,134382.99,25,Completed
SO01891,2023-02-21,C013,P008,R01,904,378.01,341721.04,15,Completed
SO01892,2023-12-29,C045,P007,R03,1462,320.01,467854.62,24,Completed
SO01893,2025-12-12,C021,P002,R01,1737,227.83,395740.71,20,Completed
SO01894,2023-04-27,C040,P005,R01,672,77.52,52093.44,22,Completed
SO01895,2023-11-18,C023,P001,R04,1223,201.53,246471.19,26,Completed
SO01896,2024-08-03,C039,P002,R01,1883,110.42,207920.86,18,Completed
SO01897,2023-11-20,C001,P002,R01,1399,126.87,177491.13,15,Completed
SO01898,2023-10-26,C012,P006,R01,664,134.67,89420.88,18,Completed
SO01899,2023-12-24,C044,P004,R01,452,329.07,148739.64,25,Completed
SO01900,2025-08-11,C030,P008,R02,527,335.57,176845.39,15,Completed
SO01901,2025-11-23,C011,P008,R04,1211,300.8,364268.8,28,Delayed
SO01902,2025-02-18,C017,P008,R03,117,378.14,44242.38,25,Completed
SO01903,2025-01-14,C028,P002,R04,146,402.04,58697.84,25,Completed
SO01904,2023-12-21,C018,P004,R04,1433,214.36,307177.88,28,Delayed
SO01905,2024-10-22,C021,P001,R01,1225,323.81,396667.25,10,Completed
SO01906,2024-01-26,C002,P004,R04,883,396.56,350162.48,12,Completed
SO01907,2024-07-05,C033,P001,R02,1141,101.17,115434.97,13,Completed
SO01908,2024-12-21,C025,P002,R01,1890,135.23,255584.7,4,Completed
SO01909,2025-10-02,C019,P005,R04,255,196.91,50212.05,5,Completed
SO01910,2025-06-24,C043,P007,R04,1401,150.06,210234.06,23,Completed
SO01911,2023-10-26,C024,P004,R02,589,389.91,229656.99,19,Completed
SO01912,2023-11-03,C026,P002,R04,960,403.01,386889.6,10,Completed
SO01913,2023-01-10,C009,P001,R02,1488,100.3,149246.4,28,Delayed
SO01914,2025-01-11,C013,P006,R01,1654,169.2,279856.8,3,Completed
SO01915,2025-06-17,C036,P008,R04,1765,424.73,749648.45,27,Delayed
SO01916,2025-07-13,C012,P001,R01,1391,480.76,668737.16,5,Completed
SO01917,2024-07-15,C015,P004,R04,1016,80.51,81798.16,26,Completed
SO01918,2024-06-11,C046,P008,R01,419,356.39,149327.41,24,Completed
SO01919,2025-05-23,C005,P005,R04,571,472.16,269603.36,15,Completed
SO01920,2023-01-05,C011,P006,R04,1697,172.71,293088.87,5,Completed
SO01921,2025-10-04,C045,P007,R03,477,64.65,30838.05,5,Completed
SO01922,2024-03-08,C036,P003,R04,1767,236.68,418213.56,13,Completed
SO01923,2024-03-20,C012,P008,R01,780,373.67,291462.6,12,Completed
SO01924,2023-04-23,C023,P007,R04,1249,46.72,58353.28,26,Completed
SO01925,2024-02-08,C011,P001,R04,913,258.19,235727.47,23,Completed
SO01926,2024-04-02,C022,P001,R02,84,266.48,22384.32,23,Completed
SO01927,2023-09-27,C046,P004,R01,598,115.7,69188.6,27,Delayed
SO01928,2025-07-08,C023,P003,R04,528,440.81,232747.68,17,Completed
SO01929,2025-06-09,C038,P006,R02,1668,494.97,825609.96,10,Completed
SO01930,2023-05-28,C015,P004,R04,1004,349.95,351349.8,17,Completed
SO01931,2023-07-23,C019,P007,R04,572,291.95,166995.4,7,Completed
SO01932,2023-06-16,C026,P003,R04,1657,270.5,448218.5,18,Completed
SO01933,2024-02-24,C041,P006,R02,181,159.34,28840.54,26,Completed
SO01934,2023-11-07,C016,P008,R03,1422,266.42,378849.24,7,Completed
SO01935,2025-03-04,C010,P001,R04,282,371.5,104763.0,16,Completed
SO01936,2024-11-04,C036,P004,R04,163,265.77,43320.51,16,Completed
SO01937,2024-06-01,C016,P005,R03,896,340.87,305419.52,7,Completed
SO01938,2025-08-26,C048,P007,R04,1021,67.28,68692.88,6,Completed
SO01939,2025-05-22,C027,P002,R03,633,50.76,32131.08,28,Delayed
SO01940,2024-07-01,C007,P008,R02,1692,148.98,252074.16,7,Completed
SO01941,2024-01-20,C025,P006,R01,859,286.53,246129.27,23,Completed
SO01942,2024-06-30,C008,P007,R04,1516,190.81,289267.96,22,Completed
SO01943,2023-08-27,C002,P008,R04,1078,225.79,243401.62,29,Delayed
SO01944,2023-03-26,C007,P008,R02,1379,182.1,251115.9,10,Completed
SO01945,2024-01-09,C033,P003,R02,1628,274.46,446820.88,27,Delayed
SO01946,2024-02-10,C006,P006,R04,947,353.73,334982.31,13,Completed
SO01947,2025-01-09,C025,P005,R01,1210,385.64,466624.4,28,Delayed
SO01948,2023-10-12,C032,P005,R02,1202,175.84,211359.68,24,Completed
SO01949,2025-08-04,C026,P001,R04,665,440.68,293052.2,3,Completed
SO01950,2023-11-24,C009,P006,R02,1005,301.23,302736.15,24,Completed
SO01951,2025-08-02,C027,P006,R03,984,418.52,411823.68,8,Completed
SO01952,2025-02-18,C019,P001,R04,483,275.04,132844.32,16,Completed
SO01953,2023-10-06,C028,P005,R04,1761,323.69,570018.09,12,Completed
SO01954,2023-02-26,C008,P007,R04,331,290.78,96248.18,21,Completed
SO01955,2024-03-27,C036,P007,R04,880,25.7,22616.0,29,Delayed
SO01956,2025-12-18,C007,P006,R02,1035,42.58,44070.3,9,Completed
SO01957,2025-10-06,C010,P002,R04,1827,283.59,518118.93,23,Completed
SO01958,2024-10-07,C027,P006,R03,297,201.45,59830.65,27,Delayed
SO01959,2025-04-21,C004,P005,R03,1161,272.73,316639.53,21,Completed
SO01960,2025-01-23,C028,P003,R04,752,164.44,123658.88,12,Completed
SO01961,2023-01-15,C049,P001,R03,1990,46.05,91639.5,25,Completed
SO01962,2024-07-18,C020,P002,R01,1954,48.47,94710.38,9,Completed
SO01963,2024-06-02,C003,P001,R03,819,146.91,120319.29,8,Completed
SO01964,2025-07-10,C007,P001,R02,531,299.84,159215.04,19,Completed
SO01965,2025-12-16,C021,P001,R01,1741,288.18,501721.38,22,Completed
SO01966,2025-07-03,C039,P007,R01,1500,356.55,534825.0,13,Completed
SO01967,2025-12-31,C022,P002,R02,1878,354.29,665356.62,24,Completed
SO01968,2023-06-19,C006,P004,R04,979,362.82,355200.78,18,Completed
SO01969,2024-02-23,C047,P004,R04,1629,485.88,791498.52,28,Delayed
SO01970,2023-06-03,C036,P002,R04,825,320.6,264495.0,24,Completed
SO01971,2024-04-29,C010,P003,R04,1482,416.09,616645.38,29,Delayed
SO01972,2024-12-28,C042,P003,R04,1547,29.45,45559.15,3,Completed
SO01973,2024-05-09,C049,P004,R03,570,363.47,207177.9,15,Completed
SO01974,2025-10-03,C023,P004,R04,65,243.22,15809.3,10,Completed
SO01975,2023-05-18,C038,P002,R02,1180,411.29,485322.2,18,Completed
SO01976,2024-03-13,C018,P001,R04,1374,350.61,481738.14,5,Completed
SO01977,2023-11-20,C013,P005,R01,1889,451.64,853147.96,25,Completed
SO01978,2023-04-04,C016,P001,R03,1894,194.4,368193.6,22,Completed
SO01979,2023-02-19,C006,P003,R04,1293,330.59,427452.87,7,Completed
SO01980,2024-10-10,C043,P002,R04,1368,243.07,332519.76,10,Completed
SO01981,2024-07-27,C048,P006,R04,1951,465.93,909029.43,7,Completed
SO01982,2025-11-12,C014,P002,R03,1507,38.92,58652.44,5,Completed
SO01983,2023-07-02,C013,P005,R01,1121,56.42,63246.82,19,Completed
SO01984,2024-11-19,C010,P002,R04,1102,365.75,403056.5,19,Completed
SO01985,2023-09-05,C013,P003,R01,1501,483.73,726078.73,29,Delayed
SO01986,2023-11-14,C013,P003,R01,1277,489.89,625589.53,4,Completed
SO01987,2025-12-20,C023,P008,R04,1131,468.04,529353.24,15,Completed
SO01988,2023-09-16,C033,P002,R02,420,309.98,130191.6,16,Completed
SO01989,2025-05-03,C003,P001,R03,270,109.63,29600.1,9,Completed
SO01990,2024-01-17,C018,P004,R04,237,71.53,16952.61,25,Completed
SO01991,2024-04-04,C012,P004,R01,1881,67.04,126102.24,3,Completed
SO01992,2025-11-08,C030,P006,R02,1455,329.73,479757.15,3,Completed
SO01993,2023-05-02,C005,P005,R04,1507,301.67,454616.69,17,Completed
SO01994,2025-07-15,C012,P005,R01,710,337.39,239546.9,29,Delayed
SO01995,2024-01-09,C026,P005,R04,1429,258.16,368910.64,29,Delayed
SO01996,2023-12-10,C002,P007,R04,114,44.64,5088.96,18,Completed
SO01997,2024-01-23,C047,P006,R04,1282,141.09,180877.38,5,Completed
SO01998,2023-09-09,C006,P003,R04,884,89.37,79003.08,23,Completed
SO01999,2023-06-24,C024,P004,R02,76,215.15,16351.4,24,Completed
SO02000,2025-04-24,C002,P006,R04,729,127.84,93195.36,20,Completed
SO02001,2024-03-13,C046,P003,R01,1359,258.92,351872.28,12,Completed
SO02002,2023-10-02,C009,P004,R02,245,390.8,95746.0,24,Completed
SO02003,2023-02-19,C005,P006,R04,896,410.64,367933.44,21,Completed
SO02004,2023-10-04,C008,P002,R04,1442,244.42,352453.64,23,Completed
SO02005,2025-09-26,C001,P001,R01,898,359.06,322435.88,8,Completed
SO02006,2023-07-07,C021,P008,R01,655,54.32,35579.6,18,Completed
SO02007,2025-10-11,C032,P003,R02,212,405.42,85949.04,18,Completed
SO02008,2025-08-22,C045,P001,R03,1049,95.96,100662.04,7,Completed
SO02009,2025-01-25,C045,P003,R03,1672,152.27,254595.44,7,Completed
SO02010,2025-10-30,C019,P001,R04,227,400.01,90802.27,26,Completed
SO02011,2024-07-10,C044,P003,R01,1992,200.67,399734.64,23,Completed
SO02012,2024-04-04,C029,P007,R02,824,172.62,142238.88,7,Completed
SO02013,2023-11-16,C046,P002,R01,1761,127.95,225319.95,23,Completed
SO02014,2025-10-15,C039,P003,R01,1067,466.72,497990.24,8,Completed
SO02015,2024-09-15,C003,P002,R03,1306,308.12,402404.72,19,Completed
SO02016,2025-03-30,C027,P001,R03,1901,208.5,396358.5,21,Completed
SO02017,2024-05-19,C013,P006,R01,556,96.76,53798.56,23,Completed
SO02018,2024-04-14,C044,P002,R01,463,301.85,139756.55,22,Completed
SO02019,2023-12-27,C017,P005,R03,1717,170.25,292319.25,22,Completed
SO02020,2023-01-24,C026,P008,R04,1027,218.08,223968.16,17,Completed
SO02021,2024-02-26,C049,P007,R03,596,230.55,137407.8,15,Completed
SO02022,2023-12-18,C026,P007,R04,52,452.11,23509.72,6,Completed
SO02023,2025-03-29,C040,P004,R01,544,394.75,214744.0,23,Completed
SO02024,2024-07-16,C027,P006,R03,1070,261.04,279312.8,18,Completed
SO02025,2023-01-03,C010,P004,R04,713,286.36,204174.68,20,Completed
SO02026,2023-09-05,C040,P006,R01,747,250.74,187302.78,7,Completed
SO02027,2023-01-20,C007,P006,R02,1429,321.97,460095.13,14,Completed
SO02028,2025-04-28,C050,P004,R04,822,145.1,119272.2,7,Completed
SO02029,2025-11-28,C026,P007,R04,823,82.82,68160.86,6,Completed
SO02030,2023-06-07,C044,P006,R01,1521,395.81,602027.01,8,Completed
SO02031,2024-04-18,C043,P006,R04,1558,318.54,496285.32,5,Completed
SO02032,2024-12-03,C004,P001,R03,1277,428.91,547718.07,27,Delayed
SO02033,2025-07-07,C014,P006,R03,560,328.36,183881.6,11,Completed
SO02034,2025-10-26,C004,P003,R03,691,256.09,176958.19,14,Completed
SO02035,2024-10-02,C019,P008,R04,507,58.23,29522.61,19,Completed
SO02036,2023-08-13,C009,P005,R02,1132,90.51,102457.32,14,Completed
SO02037,2024-12-22,C011,P006,R04,1340,413.84,554545.6,8,Completed
SO02038,2025-04-11,C008,P002,R04,1571,414.87,651760.77,4,Completed
SO02039,2023-07-19,C019,P004,R04,376,243.13,91416.88,10,Completed
SO02040,2023-10-17,C036,P001,R04,1282,454.87,583143.34,11,Completed
SO02041,2025-02-02,C028,P008,R04,99,388.83,38494.17,6,Completed
SO02042,2024-12-12,C001,P001,R01,1346,57.83,77839.18,22,Completed
SO02043,2024-07-28,C045,P001,R03,1338,266.73,356884.74,8,Completed
SO02044,2025-08-18,C005,P008,R04,112,85.2,9542.4,3,Completed
SO02045,2025-05-15,C004,P002,R03,675,344.39,232463.25,6,Completed
SO02046,2024-04-19,C007,P003,R02,1307,305.0,398635.0,20,Completed
SO02047,2024-08-16,C014,P001,R03,771,140.89,108626.19,29,Delayed
SO02048,2023-11-22,C007,P008,R02,1789,30.64,54814.96,28,Delayed
SO02049,2024-02-05,C032,P003,R02,398,380.61,151482.78,24,Completed
SO02050,2023-08-14,C018,P004,R04,1515,277.58,420533.7,18,Completed
SO02051,2024-02-05,C015,P001,R04,1176,365.03,429275.28,7,Completed
SO02052,2025-12-27,C046,P001,R01,1342,447.21,600155.82,25,Completed
SO02053,2024-01-29,C016,P001,R03,100,397.88,39788.0,16,Completed
SO02054,2023-11-23,C012,P006,R01,365,215.27,78573.55,19,Completed
SO02055,2023-04-07,C050,P005,R04,781,330.06,257776.86,24,Completed
SO02056,2024-08-09,C046,P006,R01,1120,475.8,532896.0,23,Completed
SO02057,2023-03-31,C045,P005,R03,1704,94.37,160806.48,7,Completed
SO02058,2024-02-08,C006,P005,R04,293,489.6,143452.8,9,Completed
SO02059,2023-01-06,C008,P004,R04,1816,457.18,830238.88,10,Completed
SO02060,2025-04-26,C019,P002,R04,983,120.74,118687.42,4,Completed
SO02061,2023-10-22,C028,P004,R04,1532,365.92,560589.44,4,Completed
SO02062,2024-10-01,C038,P007,R02,688,482.91,332242.08,18,Completed
SO02063,2023-03-04,C026,P006,R04,1104,405.86,448069.44,18,Completed
SO02064,2023-11-25,C014,P006,R03,835,404.84,338041.4,20,Completed
SO02065,2025-03-13,C029,P001,R02,1978,125.72,248674.16,11,Completed
SO02066,2023-02-17,C047,P001,R04,511,91.42,46715.62,23,Completed
SO02067,2025-10-23,C003,P003,R03,811,456.93,370570.23,22,Completed
SO02068,2023-07-11,C023,P001,R04,1346,81.26,109375.96,10,Completed
SO02069,2024-11-02,C034,P004,R02,127,78.81,10008.87,19,Completed
SO02070,2024-02-08,C048,P008,R04,1745,280.75,489908.75,19,Completed
SO02071,2024-10-31,C027,P005,R03,276,297.89,82217.64,4,Completed
SO02072,2025-12-31,C031,P007,R02,1493,415.15,619818.95,3,Completed
SO02073,2025-12-13,C023,P008,R04,512,397.73,203637.76,27,Delayed
SO02074,2025-01-12,C045,P007,R03,639,470.52,300662.28,26,Completed
SO02075,2025-07-13,C020,P001,R01,384,225.16,86461.44,6,Completed
SO02076,2023-10-30,C002,P005,R04,298,265.97,79259.06,28,Delayed
SO02077,2024-08-12,C042,P003,R04,1677,232.57,390019.89,13,Completed
SO02078,2025-03-27,C037,P006,R04,346,132.33,45786.18,15,Completed
SO02079,2025-05-17,C010,P007,R04,1139,20.09,22882.51,23,Completed
SO02080,2025-02-25,C046,P001,R01,1910,181.66,346970.6,12,Completed
SO02081,2025-12-08,C039,P008,R01,1690,232.76,393364.4,22,Completed
SO02082,2024-06-04,C022,P003,R02,848,315.7,267713.6,21,Completed
SO02083,2024-01-24,C028,P005,R04,743,456.72,339342.96,21,Completed
SO02084,2024-11-03,C047,P002,R04,1567,344.19,539345.73,16,Completed
SO02085,2023-04-01,C017,P005,R03,91,252.83,23007.53,8,Completed
SO02086,2023-05-22,C024,P007,R02,867,229.02,198560.34,10,Completed
SO02087,2025-01-23,C050,P006,R04,1110,458.93,509412.3,29,Delayed
SO02088,2024-06-12,C009,P007,R02,663,329.06,218166.78,14,Completed
SO02089,2023-03-03,C022,P007,R02,1205,307.0,369935.0,16,Completed
SO02090,2023-12-31,C011,P005,R04,1193,23.34,27844.62,8,Completed
SO02091,2024-04-19,C010,P008,R04,1483,379.63,562991.29,9,Completed
SO02092,2025-10-03,C034,P001,R02,1836,93.03,170803.08,11,Completed
SO02093,2023-11-08,C022,P005,R02,802,488.27,391592.54,4,Completed
SO02094,2025-09-17,C028,P006,R04,644,448.95,289123.8,3,Completed
SO02095,2025-04-28,C038,P007,R02,238,496.75,118226.5,3,Completed
SO02096,2023-09-13,C008,P005,R04,604,317.29,191643.16,10,Completed
SO02097,2024-02-09,C004,P001,R03,1706,408.76,697344.56,22,Completed
SO02098,2025-02-07,C020,P004,R01,1225,85.72,105007.0,28,Delayed
SO02099,2024-05-10,C034,P007,R02,1986,277.72,551551.92,20,Completed
SO02100,2023-02-12,C008,P005,R04,1292,91.1,117701.2,15,Completed
SO02101,2023-10-04,C020,P008,R01,627,451.93,283360.11,25,Completed
SO02102,2025-10-30,C006,P007,R04,63,181.76,11450.88,21,Completed
SO02103,2023-11-03,C027,P002,R03,312,47.28,14751.36,3,Completed
SO02104,2025-10-02,C015,P001,R04,1097,258.57,283651.29,16,Completed
SO02105,2024-04-04,C017,P001,R03,323,50.29,16243.67,19,Completed
SO02106,2024-12-15,C032,P003,R02,1197,253.67,303642.99,29,Delayed
SO02107,2025-07-03,C010,P003,R04,496,365.99,181531.04,19,Completed
SO02108,2023-10-29,C023,P005,R04,1171,254.61,298148.31,25,Completed
SO02109,2024-01-06,C022,P006,R02,544,145.38,79086.72,11,Completed
SO02110,2025-01-10,C046,P005,R01,1666,286.91,477992.06,25,Completed
SO02111,2023-01-28,C002,P006,R04,856,341.1,291981.6,8,Completed
SO02112,2025-10-09,C028,P008,R04,1100,495.38,544918.0,18,Completed
SO02113,2025-09-12,C047,P006,R04,574,89.84,51568.16,4,Completed
SO02114,2025-07-24,C028,P005,R04,1905,496.88,946556.4,26,Completed
SO02115,2024-11-19,C036,P004,R04,1053,26.95,28378.35,26,Completed
SO02116,2024-12-14,C024,P005,R02,1592,35.29,56181.68,24,Completed
SO02117,2025-10-08,C013,P007,R01,910,54.15,49276.5,20,Completed
SO02118,2024-07-30,C004,P007,R03,1350,446.57,602869.5,17,Completed
SO02119,2024-06-13,C024,P004,R02,121,278.61,33711.81,18,Completed
SO02120,2023-09-18,C017,P002,R03,250,420.28,105070.0,22,Completed
SO02121,2025-06-13,C019,P007,R04,609,269.03,163839.27,26,Completed
SO02122,2023-05-23,C001,P004,R01,883,259.11,228794.13,24,Completed
SO02123,2024-05-26,C009,P001,R02,1530,248.3,379899.0,17,Completed
SO02124,2025-08-08,C007,P005,R02,1451,245.28,355901.28,8,Completed
SO02125,2025-03-10,C039,P006,R01,507,206.19,104538.33,9,Completed
SO02126,2025-09-12,C035,P003,R02,868,66.34,57583.12,27,Delayed
SO02127,2023-06-04,C048,P006,R04,114,28.91,3295.74,10,Completed
SO02128,2023-04-08,C021,P004,R01,1228,116.7,143307.6,21,Completed
SO02129,2025-02-26,C040,P005,R01,1445,428.53,619225.85,18,Completed
SO02130,2023-07-01,C011,P002,R04,1921,100.25,192580.25,26,Completed
SO02131,2024-06-13,C049,P004,R03,1495,346.85,518540.75,9,Completed
SO02132,2024-09-26,C023,P008,R04,1230,318.81,392136.3,7,Completed
SO02133,2023-07-09,C015,P006,R04,1608,155.81,250542.48,7,Completed
SO02134,2025-11-27,C022,P002,R02,1958,281.89,551940.62,11,Completed
SO02135,2025-01-06,C001,P005,R01,1181,202.22,238821.82,23,Completed
SO02136,2023-12-29,C035,P007,R02,1975,484.97,957815.75,14,Completed
SO02137,2025-05-01,C001,P003,R01,1354,151.79,205523.66,14,Completed
SO02138,2023-11-03,C043,P005,R04,1621,368.57,597451.97,27,Delayed
SO02139,2025-11-29,C037,P002,R04,204,492.4,100449.6,4,Completed
SO02140,2025-02-06,C044,P002,R01,1435,462.77,664074.95,11,Completed
SO02141,2023-01-14,C022,P005,R02,1823,439.22,800698.06,13,Completed
SO02142,2023-10-31,C016,P003,R03,1042,362.46,377683.32,13,Completed
SO02143,2025-06-27,C037,P001,R04,154,45.92,7071.68,14,Completed
SO02144,2024-05-14,C042,P003,R04,900,490.05,441045.0,7,Completed
SO02145,2024-07-05,C027,P001,R03,677,43.31,29320.87,23,Completed
SO02146,2024-02-01,C015,P004,R04,744,464.25,345402.0,22,Completed
SO02147,2025-01-01,C008,P008,R04,886,98.73,87474.78,22,Completed
SO02148,2024-11-14,C011,P002,R04,1488,23.47,34923.36,15,Completed
SO02149,2024-10-04,C035,P003,R02,1320,439.57,580232.4,24,Completed
SO02150,2023-10-11,C011,P006,R04,841,154.05,129556.05,8,Completed
SO02151,2023-03-30,C041,P006,R02,387,42.34,16385.58,15,Completed
SO02152,2023-12-08,C009,P008,R02,1570,477.65,749910.5,19,Completed
SO02153,2024-03-05,C024,P008,R02,1811,286.25,518398.75,23,Completed
SO02154,2025-02-13,C049,P002,R03,511,478.7,244615.7,19,Completed
SO02155,2025-05-17,C026,P008,R04,395,409.98,161942.1,27,Delayed
SO02156,2024-06-29,C030,P007,R02,877,298.38,261679.26,26,Completed
SO02157,2024-01-01,C044,P001,R01,1952,460.2,898310.4,16,Completed
SO02158,2024-04-05,C030,P003,R02,1359,80.74,109725.66,11,Completed
SO02159,2023-06-11,C049,P006,R03,659,439.27,289478.93,16,Completed
SO02160,2025-10-21,C002,P004,R04,929,297.6,276470.4,25,Completed
SO02161,2023-11-14,C025,P007,R01,557,172.33,95987.81,7,Completed
SO02162,2025-05-16,C038,P003,R02,471,324.21,152702.91,26,Completed
SO02163,2023-03-07,C033,P007,R02,1746,178.58,311800.68,12,Completed
SO02164,2025-06-22,C038,P003,R02,1473,311.03,458147.19,3,Completed
SO02165,2024-09-09,C044,P002,R01,1972,303.92,599330.24,5,Completed
SO02166,2023-07-22,C026,P005,R04,1188,392.89,466753.32,19,Completed
SO02167,2025-08-02,C022,P006,R02,794,186.29,147914.26,17,Completed
SO02168,2023-08-09,C021,P002,R01,1286,436.8,561724.8,25,Completed
SO02169,2025-09-07,C018,P005,R04,1222,281.77,344322.94,22,Completed
SO02170,2025-07-25,C024,P003,R02,1049,261.27,274072.23,26,Completed
SO02171,2023-07-15,C049,P003,R03,979,209.79,205384.41,20,Completed
SO02172,2023-10-29,C018,P005,R04,89,93.91,8357.99,17,Completed
SO02173,2024-09-18,C001,P008,R01,293,161.73,47386.89,6,Completed
SO02174,2025-06-30,C026,P006,R04,1096,220.77,241963.92,29,Delayed
SO02175,2024-08-19,C035,P003,R02,1301,377.95,491712.95,23,Completed
SO02176,2025-05-10,C043,P007,R04,920,69.72,64142.4,7,Completed
SO02177,2023-11-25,C016,P008,R03,1226,341.77,419010.02,4,Completed
SO02178,2024-12-25,C039,P006,R01,1611,238.85,384787.35,9,Completed
SO02179,2025-06-27,C032,P008,R02,1335,486.97,650104.95,10,Completed
SO02180,2023-10-25,C025,P003,R01,1705,473.62,807522.1,17,Completed
SO02181,2025-12-25,C023,P006,R04,158,442.66,69940.28,12,Completed
SO02182,2025-06-17,C013,P004,R01,871,197.75,172240.25,11,Completed
SO02183,2023-07-11,C037,P004,R04,191,29.84,5699.44,10,Completed
SO02184,2025-10-05,C047,P002,R04,793,193.06,153096.58,9,Completed
SO02185,2023-03-01,C047,P004,R04,351,406.85,142804.35,21,Completed
SO02186,2023-08-25,C026,P004,R04,1154,176.84,204073.36,21,Completed
SO02187,2024-06-24,C019,P003,R04,530,353.44,187323.2,25,Completed
SO02188,2023-10-05,C043,P001,R04,1961,24.78,48593.58,12,Completed
SO02189,2025-06-17,C018,P004,R04,1371,32.28,44255.88,19,Completed
SO02190,2023-09-25,C027,P002,R03,896,264.55,237036.8,4,Completed
SO02191,2024-10-16,C049,P003,R03,885,32.65,28895.25,27,Delayed
SO02192,2024-08-14,C009,P001,R02,777,365.22,283775.94,16,Completed
SO02193,2024-07-23,C025,P006,R01,1611,100.22,161454.42,15,Completed
SO02194,2024-05-04,C001,P006,R01,1654,317.73,525525.42,14,Completed
SO02195,2025-08-10,C028,P002,R04,857,307.58,263596.06,29,Delayed
SO02196,2025-08-23,C030,P004,R02,515,435.08,224066.2,14,Completed
SO02197,2025-02-23,C038,P007,R02,1926,295.5,569133.0,10,Completed
SO02198,2025-11-15,C048,P001,R04,1815,225.36,409028.4,19,Completed
SO02199,2023-01-04,C037,P008,R04,1389,70.19,97493.91,13,Completed
SO02200,2023-03-17,C009,P002,R02,434,173.94,75489.96,23,Completed
SO02201,2025-08-14,C045,P003,R03,872,228.99,199679.28,22,Completed
SO02202,2024-06-02,C027,P001,R03,1496,55.06,82369.76,25,Completed
SO02203,2023-04-30,C028,P007,R04,1296,486.22,630141.12,22,Completed
SO02204,2023-01-11,C031,P002,R02,1879,270.15,507611.85,11,Completed
SO02205,2025-02-13,C015,P007,R04,766,465.69,356718.54,18,Completed
SO02206,2023-10-12,C038,P003,R02,659,190.05,125242.95,23,Completed
SO02207,2023-11-01,C028,P004,R04,95,430.95,40940.25,8,Completed
SO02208,2025-06-28,C007,P003,R02,569,246.69,140366.61,19,Completed
SO02209,2025-01-13,C044,P004,R01,1538,174.09,267750.42,5,Completed
SO02210,2025-06-04,C006,P001,R04,629,320.41,201537.89,5,Completed
SO02211,2024-12-04,C013,P004,R01,492,180.67,88889.64,22,Completed
SO02212,2025-01-15,C008,P001,R04,1563,120.02,187591.26,3,Completed
SO02213,2025-10-05,C034,P003,R02,92,331.4,30488.8,16,Completed
SO02214,2023-01-28,C029,P003,R02,992,380.9,377852.8,29,Delayed
SO02215,2025-10-24,C028,P005,R04,1893,210.66,398779.38,6,Completed
SO02216,2025-10-05,C035,P008,R02,1269,23.12,29339.28,28,Delayed
SO02217,2024-11-10,C015,P008,R04,1336,333.73,445863.28,24,Completed
SO02218,2024-08-06,C018,P002,R04,1385,286.44,396719.4,17,Completed
SO02219,2023-09-08,C028,P003,R04,1322,233.09,308144.98,29,Delayed
SO02220,2025-02-27,C043,P006,R04,1394,221.38,308603.72,3,Completed
SO02221,2024-06-10,C028,P008,R04,1927,55.6,107141.2,11,Completed
SO02222,2024-06-05,C005,P004,R04,1068,469.61,501543.48,29,Delayed
SO02223,2023-12-17,C037,P008,R04,1184,468.59,554810.56,22,Completed
SO02224,2024-08-24,C026,P003,R04,1055,245.84,259361.2,12,Completed
SO02225,2025-03-13,C048,P004,R04,766,222.89,170733.74,9,Completed
SO02226,2023-01-04,C009,P002,R02,647,67.61,43743.67,18,Completed
SO02227,2023-10-17,C017,P006,R03,1669,126.92,211829.48,10,Completed
SO02228,2025-04-30,C020,P007,R01,349,110.34,38508.66,9,Completed
SO02229,2024-10-24,C013,P001,R01,920,88.67,81576.4,19,Completed
SO02230,2024-05-01,C008,P003,R04,674,426.43,287413.82,26,Completed
SO02231,2023-10-04,C042,P006,R04,1843,478.45,881783.35,16,Completed
SO02232,2025-06-13,C012,P007,R01,1809,249.39,451146.51,16,Completed
SO02233,2024-02-12,C050,P002,R04,1460,99.56,145357.6,9,Completed
SO02234,2023-03-15,C019,P003,R04,1944,176.63,343368.72,5,Completed
SO02235,2024-12-27,C047,P001,R04,908,379.88,344931.04,20,Completed
SO02236,2025-04-19,C014,P008,R03,1343,156.86,210662.98,6,Completed
SO02237,2024-10-05,C018,P003,R04,895,177.96,159274.2,12,Completed
SO02238,2024-07-19,C024,P008,R02,339,99.46,33716.94,29,Delayed
SO02239,2024-05-19,C004,P002,R03,632,194.79,123107.28,7,Completed
SO02240,2024-10-30,C050,P002,R04,906,431.15,390621.9,15,Completed
SO02241,2025-05-05,C017,P004,R03,1750,209.09,365907.5,29,Delayed
SO02242,2025-05-06,C008,P002,R04,361,236.74,85463.14,21,Completed
SO02243,2023-01-21,C048,P007,R04,218,267.44,58301.92,24,Completed
SO02244,2025-03-05,C029,P003,R02,513,93.96,48201.48,28,Delayed
SO02245,2023-07-27,C021,P007,R01,1346,109.3,147117.8,23,Completed
SO02246,2024-03-26,C045,P006,R03,1762,401.74,707865.88,9,Completed
SO02247,2024-12-11,C006,P001,R04,203,127.91,25965.73,27,Delayed
SO02248,2024-07-04,C031,P007,R02,1277,446.6,570308.2,18,Completed
SO02249,2023-01-07,C016,P003,R03,1605,401.2,643926.0,12,Completed
SO02250,2024-07-01,C029,P003,R02,1716,172.42,295872.72,13,Completed
SO02251,2025-03-05,C046,P001,R01,1146,24.23,27767.58,23,Completed
SO02252,2025-08-11,C009,P004,R02,1646,200.89,330664.94,10,Completed
SO02253,2023-05-29,C001,P002,R01,1195,216.07,258203.65,9,Completed
SO02254,2023-01-22,C022,P006,R02,1035,217.19,224791.65,18,Completed
SO02255,2025-11-09,C034,P005,R02,1616,159.81,258252.96,14,Completed
SO02256,2023-11-30,C005,P005,R04,1980,383.6,759528.0,5,Completed
SO02257,2023-10-16,C011,P003,R04,657,447.07,293724.99,15,Completed
SO02258,2025-03-04,C042,P006,R04,565,46.5,26272.5,6,Completed
SO02259,2023-05-02,C026,P007,R04,919,263.46,242119.74,11,Completed
SO02260,2025-10-18,C019,P007,R04,1855,115.83,214864.65,17,Completed
SO02261,2024-02-04,C046,P002,R01,577,483.88,279198.76,17,Completed
SO02262,2024-09-23,C015,P004,R04,485,38.44,18643.4,10,Completed
SO02263,2024-06-06,C005,P007,R04,1295,66.64,86298.8,18,Completed
SO02264,2024-10-14,C002,P008,R04,1376,45.74,62938.24,20,Completed
SO02265,2024-07-01,C011,P007,R04,793,235.66,186878.38,13,Completed
SO02266,2023-04-30,C036,P007,R04,128,287.25,36768.0,24,Completed
SO02267,2025-11-12,C025,P003,R01,66,227.57,15019.62,27,Delayed
SO02268,2023-08-12,C032,P002,R02,1151,426.08,490418.08,20,Completed
SO02269,2023-03-16,C017,P005,R03,1208,154.82,187022.56,12,Completed
SO02270,2025-03-24,C045,P002,R03,1117,214.45,239540.65,16,Completed
SO02271,2025-10-25,C029,P003,R02,997,214.47,213826.59,22,Completed
SO02272,2024-07-24,C019,P006,R04,1193,156.58,186799.94,4,Completed
SO02273,2025-03-15,C045,P002,R03,207,351.52,72764.64,21,Completed
SO02274,2024-02-01,C033,P005,R02,1434,51.76,74223.84,20,Completed
SO02275,2023-05-26,C024,P003,R02,128,302.6,38732.8,25,Completed
SO02276,2025-05-23,C004,P004,R03,1078,96.98,104544.44,25,Completed
SO02277,2024-04-02,C011,P007,R04,488,22.75,11102.0,16,Completed
SO02278,2025-06-09,C018,P003,R04,1188,56.83,67514.04,20,Completed
SO02279,2023-03-10,C044,P001,R01,1215,243.26,295560.9,4,Completed
SO02280,2024-10-21,C044,P003,R01,1057,380.07,401733.99,19,Completed
SO02281,2023-05-02,C033,P008,R02,279,130.44,36392.76,6,Completed
SO02282,2025-08-12,C008,P003,R04,473,392.07,185449.11,9,Completed
SO02283,2023-03-05,C048,P005,R04,1179,250.76,295646.04,15,Completed
SO02284,2024-11-17,C011,P006,R04,648,173.61,112499.28,19,Completed
SO02285,2025-11-11,C035,P007,R02,1195,126.81,151537.95,13,Completed
SO02286,2024-01-20,C032,P003,R02,202,109.83,22185.66,27,Delayed
SO02287,2025-08-25,C005,P007,R04,1019,215.72,219818.68,4,Completed
SO02288,2025-07-31,C005,P003,R04,1349,450.58,607832.42,13,Completed
SO02289,2025-09-13,C050,P002,R04,1751,335.6,587635.6,12,Completed
SO02290,2023-06-09,C043,P004,R04,516,96.2,49639.2,6,Completed
SO02291,2025-03-25,C046,P004,R01,940,373.6,351184.0,16,Completed
SO02292,2024-09-25,C009,P006,R02,838,441.77,370203.26,28,Delayed
SO02293,2023-11-29,C004,P002,R03,848,40.65,34471.2,27,Delayed
SO02294,2023-10-14,C027,P007,R03,57,427.63,24374.91,6,Completed
SO02295,2024-10-23,C008,P007,R04,1056,381.41,402768.96,7,Completed
SO02296,2023-10-17,C019,P005,R04,1386,86.19,119459.34,12,Completed
SO02297,2024-07-15,C011,P002,R04,384,87.48,33592.32,25,Completed
SO02298,2025-08-27,C025,P006,R01,668,266.09,177748.12,24,Completed
SO02299,2025-11-22,C010,P002,R04,1734,463.56,803813.04,22,Completed
SO02300,2023-08-09,C013,P008,R01,1632,449.79,734057.28,25,Completed
SO02301,2023-02-17,C003,P008,R03,1414,36.31,51342.34,6,Completed
SO02302,2023-06-19,C006,P004,R04,1720,27.43,47179.6,3,Completed
SO02303,2023-01-03,C044,P004,R01,1085,403.41,437699.85,16,Completed
SO02304,2024-11-04,C020,P002,R01,1821,392.15,714105.15,29,Delayed
SO02305,2025-09-08,C041,P002,R02,723,241.35,174496.05,27,Delayed
SO02306,2023-02-15,C015,P004,R04,1233,100.08,123398.64,20,Completed
SO02307,2025-04-04,C005,P005,R04,1283,83.43,107040.69,28,Delayed
SO02308,2024-01-16,C023,P005,R04,54,198.69,10729.26,19,Completed
SO02309,2025-04-11,C038,P001,R02,174,410.29,71390.46,7,Completed
SO02310,2024-12-16,C021,P002,R01,552,264.46,145981.92,29,Delayed
SO02311,2024-09-06,C044,P003,R01,132,482.5,63690.0,4,Completed
SO02312,2023-11-29,C036,P005,R04,388,151.44,58758.72,15,Completed
SO02313,2025-06-23,C013,P008,R01,1280,203.18,260070.4,11,Completed
SO02314,2024-02-24,C040,P004,R01,1332,288.8,384681.6,25,Completed
SO02315,2024-12-11,C041,P008,R02,1789,39.21,70146.69,16,Completed
SO02316,2023-08-29,C024,P005,R02,1573,302.49,475816.77,7,Completed
SO02317,2025-03-15,C014,P008,R03,961,439.99,422830.39,8,Completed
SO02318,2024-01-23,C035,P008,R02,256,216.74,55485.44,13,Completed
SO02319,2024-08-14,C033,P003,R02,1409,244.07,343894.63,3,Completed
SO02320,2023-02-04,C044,P004,R01,1086,411.54,446932.44,27,Delayed
SO02321,2024-08-10,C037,P006,R04,1961,378.12,741493.32,17,Completed
SO02322,2024-02-10,C021,P006,R01,924,366.78,338904.72,8,Completed
SO02323,2024-12-08,C014,P008,R03,439,217.05,95284.95,4,Completed
SO02324,2023-11-17,C006,P003,R04,55,203.52,11193.6,23,Completed
SO02325,2023-12-09,C032,P008,R02,59,397.33,23442.47,8,Completed
SO02326,2025-11-04,C014,P002,R03,470,317.62,149281.4,19,Completed
SO02327,2024-06-03,C022,P003,R02,1360,430.05,584868.0,23,Completed
SO02328,2023-07-04,C047,P006,R04,675,135.01,91131.75,17,Completed
SO02329,2023-07-23,C050,P007,R04,1374,480.38,660042.12,6,Completed
SO02330,2023-10-13,C044,P003,R01,1012,385.67,390298.04,10,Completed
SO02331,2024-01-20,C017,P005,R03,1798,51.15,91967.7,17,Completed
SO02332,2023-04-08,C024,P007,R02,1256,472.94,594012.64,12,Completed
SO02333,2024-09-17,C031,P005,R02,316,488.95,154508.2,11,Completed
SO02334,2023-02-05,C009,P006,R02,533,401.88,214202.04,24,Completed
SO02335,2024-02-26,C019,P003,R04,416,277.02,115240.32,28,Delayed
SO02336,2023-11-12,C044,P006,R01,353,50.18,17713.54,10,Completed
SO02337,2023-05-26,C036,P003,R04,806,177.0,142662.0,20,Completed
SO02338,2023-12-01,C028,P005,R04,1334,311.1,415007.4,24,Completed
SO02339,2025-12-20,C006,P001,R04,652,142.9,93170.8,18,Completed
SO02340,2025-12-29,C018,P002,R04,723,152.03,109917.69,25,Completed
SO02341,2023-11-23,C048,P001,R04,1222,225.16,275145.52,5,Completed
SO02342,2023-03-16,C026,P004,R04,392,459.28,180037.76,10,Completed
SO02343,2023-10-31,C008,P003,R04,452,24.97,11286.44,25,Completed
SO02344,2024-05-01,C049,P007,R03,498,73.08,36393.84,29,Delayed
SO02345,2024-09-13,C037,P001,R04,1969,440.58,867502.02,20,Completed
SO02346,2025-01-05,C005,P001,R04,1722,102.09,175798.98,21,Completed
SO02347,2025-01-02,C038,P002,R02,1116,482.12,538045.92,29,Delayed
SO02348,2024-02-01,C049,P007,R03,1788,364.58,651869.04,23,Completed
SO02349,2024-10-06,C030,P001,R02,1478,31.94,47207.32,29,Delayed
SO02350,2025-09-18,C008,P003,R04,1954,282.01,551047.54,29,Delayed
SO02351,2024-04-29,C044,P006,R01,1228,175.45,215452.6,7,Completed
SO02352,2025-10-26,C047,P002,R04,1086,63.18,68613.48,14,Completed
SO02353,2024-12-29,C027,P002,R03,1118,229.41,256480.38,5,Completed
SO02354,2024-10-30,C050,P007,R04,1695,90.73,153787.35,16,Completed
SO02355,2025-11-28,C040,P001,R01,337,115.87,39048.19,9,Completed
SO02356,2024-11-10,C022,P001,R02,932,302.08,281538.56,23,Completed
SO02357,2024-06-10,C018,P002,R04,1736,141.94,246407.84,11,Completed
SO02358,2025-07-10,C001,P003,R01,1587,227.77,361470.99,6,Completed
SO02359,2024-09-02,C014,P001,R03,1733,161.89,280555.37,19,Completed
SO02360,2023-06-11,C021,P006,R01,648,71.92,46604.16,7,Completed
SO02361,2024-05-29,C040,P008,R01,410,394.21,161626.1,19,Completed
SO02362,2024-12-29,C027,P001,R03,1154,390.63,450787.02,19,Completed
SO02363,2024-10-06,C037,P002,R04,1434,473.69,679271.46,4,Completed
SO02364,2024-12-01,C017,P002,R03,1151,52.81,60784.31,8,Completed
SO02365,2025-07-09,C029,P001,R02,1973,370.29,730582.17,19,Completed
SO02366,2024-07-12,C034,P004,R02,1900,303.35,576365.0,29,Delayed
SO02367,2024-03-21,C040,P004,R01,381,203.87,77674.47,14,Completed
SO02368,2025-06-02,C027,P004,R03,1268,230.21,291906.28,11,Completed
SO02369,2023-07-21,C001,P007,R01,475,22.1,10497.5,17,Completed
SO02370,2024-10-24,C023,P007,R04,128,395.38,50608.64,9,Completed
SO02371,2025-04-06,C042,P005,R04,1667,28.38,47309.46,13,Completed
SO02372,2024-02-14,C047,P002,R04,87,221.44,19265.28,18,Completed
SO02373,2023-10-14,C008,P002,R04,611,297.33,181668.63,12,Completed
SO02374,2025-05-30,C012,P004,R01,517,236.06,122043.02,16,Completed
SO02375,2025-09-03,C018,P006,R04,1117,204.06,227935.02,29,Delayed
SO02376,2025-04-11,C019,P005,R04,107,155.52,16640.64,26,Completed
SO02377,2023-12-12,C031,P005,R02,1360,215.3,292808.0,21,Completed
SO02378,2024-11-09,C045,P003,R03,814,233.65,190191.1,25,Completed
SO02379,2023-10-14,C003,P007,R03,904,174.95,158154.8,15,Completed
SO02380,2025-09-03,C008,P008,R04,1603,420.71,674398.13,29,Delayed
SO02381,2025-07-16,C005,P005,R04,280,298.93,83700.4,9,Completed
SO02382,2025-07-22,C026,P003,R04,885,67.76,59967.6,16,Completed
SO02383,2023-04-23,C024,P004,R02,1996,464.26,926662.96,13,Completed
SO02384,2024-10-21,C003,P003,R03,1408,386.02,543516.16,3,Completed
SO02385,2025-11-04,C002,P004,R04,846,195.22,165156.12,3,Completed
SO02386,2024-10-16,C029,P006,R02,1302,235.51,306634.02,22,Completed
SO02387,2025-06-10,C049,P001,R03,266,324.72,86375.52,17,Completed
SO02388,2024-04-15,C037,P003,R04,1649,162.2,267467.8,21,Completed
SO02389,2023-11-28,C017,P008,R03,879,286.01,251402.79,5,Completed
SO02390,2025-09-18,C003,P003,R03,1152,433.65,499564.8,12,Completed
SO02391,2024-11-17,C037,P001,R04,1317,493.26,649623.42,6,Completed
SO02392,2024-02-05,C044,P002,R01,787,289.26,227647.62,3,Completed
SO02393,2023-09-28,C025,P001,R01,593,181.46,107605.78,28,Delayed
SO02394,2025-10-25,C013,P006,R01,1896,329.62,624959.52,8,Completed
SO02395,2025-08-05,C003,P001,R03,1293,499.31,645607.83,17,Completed
SO02396,2024-08-23,C045,P002,R03,1026,368.53,378111.78,8,Completed
SO02397,2024-10-02,C036,P001,R04,269,146.26,39343.94,23,Completed
SO02398,2024-10-03,C035,P002,R02,1299,184.85,240120.15,12,Completed
SO02399,2024-09-30,C029,P008,R02,200,484.72,96944.0,23,Completed
SO02400,2025-05-17,C012,P005,R01,1615,45.6,73644.0,3,Completed
SO02401,2023-05-07,C021,P004,R01,946,498.82,471883.72,22,Completed
SO02402,2025-01-11,C022,P003,R02,1105,72.45,80057.25,24,Completed
SO02403,2023-07-02,C039,P003,R01,328,40.18,13179.04,4,Completed
SO02404,2025-10-24,C029,P003,R02,1829,103.57,189429.53,5,Completed
SO02405,2024-02-18,C037,P002,R04,162,213.55,34595.1,25,Completed
SO02406,2023-01-21,C034,P002,R02,1891,293.79,555556.89,28,Delayed
SO02407,2024-01-05,C015,P002,R04,1890,116.03,219296.7,12,Completed
SO02408,2023-04-06,C034,P008,R02,785,127.7,100244.5,12,Completed
SO02409,2025-09-30,C020,P004,R01,73,359.91,26273.43,28,Delayed
SO02410,2024-05-15,C047,P001,R04,1085,236.3,256385.5,20,Completed
SO02411,2024-11-08,C004,P001,R03,1335,435.29,581112.15,9,Completed
SO02412,2023-07-25,C045,P006,R03,293,345.98,101372.14,25,Completed
SO02413,2024-08-05,C020,P002,R01,121,172.11,20825.31,23,Completed
SO02414,2024-04-02,C031,P002,R02,1447,42.32,61237.04,13,Completed
SO02415,2023-10-24,C044,P001,R01,1512,68.11,102982.32,23,Completed
SO02416,2025-06-10,C017,P004,R03,1321,195.84,258704.64,5,Completed
SO02417,2025-09-27,C029,P001,R02,995,294.5,293027.5,24,Completed
SO02418,2025-06-13,C030,P001,R02,1163,449.38,522628.94,7,Completed
SO02419,2024-12-04,C014,P006,R03,112,434.27,48638.24,29,Delayed
SO02420,2025-01-14,C045,P004,R03,199,181.36,36090.64,19,Completed
SO02421,2025-06-14,C011,P006,R04,1987,92.52,183837.24,17,Completed
SO02422,2023-10-18,C047,P008,R04,921,172.79,159139.59,29,Delayed
SO02423,2025-06-07,C027,P003,R03,1146,188.69,216238.74,24,Completed
SO02424,2023-05-27,C035,P001,R02,439,430.65,189055.35,12,Completed
SO02425,2023-08-23,C035,P008,R02,135,397.18,53619.3,24,Completed
SO02426,2023-02-12,C031,P008,R02,648,284.85,184582.8,27,Delayed
SO02427,2023-03-16,C039,P001,R01,1631,54.26,88498.06,25,Completed
SO02428,2023-11-06,C028,P004,R04,449,300.2,134789.8,10,Completed
SO02429,2025-10-04,C011,P006,R04,759,173.43,131633.37,14,Completed
SO02430,2025-02-01,C017,P007,R03,946,493.37,466728.02,24,Completed
SO02431,2024-07-14,C046,P008,R01,1801,31.61,56929.61,9,Completed
SO02432,2024-01-23,C050,P004,R04,1452,141.03,204775.56,21,Completed
SO02433,2024-10-07,C002,P001,R04,654,447.05,292370.7,20,Completed
SO02434,2023-03-03,C027,P002,R03,422,410.64,173290.08,14,Completed
SO02435,2024-08-21,C041,P008,R02,1886,40.93,77193.98,8,Completed
SO02436,2024-10-01,C003,P007,R03,1582,33.67,53265.94,15,Completed
SO02437,2023-06-14,C017,P002,R03,1763,219.7,387331.1,24,Completed
SO02438,2023-12-08,C034,P005,R02,89,124.77,11104.53,4,Completed
SO02439,2025-09-08,C030,P002,R02,133,155.47,20677.51,29,Delayed
SO02440,2024-05-28,C025,P001,R01,442,177.85,78609.7,14,Completed
SO02441,2025-03-18,C037,P002,R04,381,435.09,165769.29,22,Completed
SO02442,2023-10-21,C031,P003,R02,1092,465.04,507823.68,13,Completed
SO02443,2025-12-02,C035,P005,R02,162,492.54,79791.48,12,Completed
SO02444,2024-01-15,C034,P002,R02,1982,475.76,942956.32,20,Completed
SO02445,2023-03-21,C034,P003,R02,917,27.63,25336.71,16,Completed
SO02446,2024-09-16,C013,P003,R01,1170,332.99,389598.3,4,Completed
SO02447,2025-02-02,C004,P002,R03,1789,78.12,139756.68,5,Completed
SO02448,2023-03-10,C027,P001,R03,1360,289.69,393978.4,3,Completed
SO02449,2023-04-29,C020,P006,R01,230,355.47,81758.1,20,Completed
SO02450,2024-05-12,C018,P006,R04,1189,329.31,391549.59,26,Completed
SO02451,2025-10-22,C019,P004,R04,1890,167.58,316726.2,21,Completed
SO02452,2025-12-26,C021,P001,R01,1671,448.42,749309.82,9,Completed
SO02453,2023-10-04,C004,P001,R03,1949,431.84,841656.16,6,Completed
SO02454,2025-04-10,C009,P005,R02,754,436.47,329098.38,24,Completed
SO02455,2025-07-15,C009,P008,R02,1438,55.71,80110.98,13,Completed
SO02456,2024-09-21,C039,P002,R01,714,324.34,231578.76,19,Completed
SO02457,2025-02-15,C017,P008,R03,412,24.01,9892.12,17,Completed
SO02458,2025-11-26,C019,P002,R04,953,437.1,416556.3,7,Completed
SO02459,2023-02-18,C022,P002,R02,1437,125.25,179984.25,15,Completed
SO02460,2024-09-16,C028,P006,R04,669,339.94,227419.86,26,Completed
SO02461,2025-03-16,C048,P006,R04,369,129.65,47840.85,11,Completed
SO02462,2025-06-22,C014,P001,R03,1348,107.79,145300.92,5,Completed
SO02463,2024-05-12,C011,P007,R04,155,343.12,53183.6,6,Completed
SO02464,2025-05-09,C040,P003,R01,520,340.26,176935.2,6,Completed
SO02465,2024-10-04,C027,P005,R03,334,363.42,121382.28,5,Completed
SO02466,2023-04-30,C039,P008,R01,351,113.09,39694.59,18,Completed
SO02467,2024-09-13,C013,P007,R01,473,184.58,87306.34,22,Completed
SO02468,2024-09-27,C038,P001,R02,524,229.45,120231.8,25,Completed
SO02469,2023-08-03,C047,P007,R04,139,136.27,18941.53,16,Completed
SO02470,2023-07-07,C030,P001,R02,1987,241.67,480198.29,20,Completed
SO02471,2025-10-13,C026,P004,R04,888,302.57,268682.16,3,Completed
SO02472,2025-07-20,C040,P002,R01,825,315.65,260411.25,19,Completed
SO02473,2025-09-07,C048,P006,R04,624,50.26,31362.24,22,Completed
SO02474,2023-02-04,C008,P008,R04,528,195.2,103065.6,17,Completed
SO02475,2025-09-01,C015,P006,R04,1667,77.6,129359.2,10,Completed
SO02476,2024-09-20,C025,P007,R01,1774,417.41,740485.34,4,Completed
SO02477,2025-06-11,C032,P008,R02,1897,82.49,156483.53,6,Completed
SO02478,2025-05-15,C021,P006,R01,591,363.86,215041.26,18,Completed
SO02479,2024-03-14,C040,P003,R01,1866,135.71,253234.86,29,Delayed
SO02480,2025-06-04,C017,P004,R03,531,431.02,228871.62,28,Delayed
SO02481,2025-02-07,C004,P001,R03,1720,77.06,132543.2,11,Completed
SO02482,2023-05-07,C004,P002,R03,1906,288.98,550795.88,4,Completed
SO02483,2024-10-26,C035,P003,R02,753,50.88,38312.64,11,Completed
SO02484,2024-01-05,C003,P003,R03,1525,449.95,686173.75,9,Completed
SO02485,2023-05-19,C010,P001,R04,790,346.96,274098.4,14,Completed
SO02486,2024-03-19,C019,P008,R04,637,370.64,236097.68,17,Completed
SO02487,2024-04-20,C012,P001,R01,1038,309.59,321354.42,7,Completed
SO02488,2025-10-13,C044,P008,R01,1260,439.55,553833.0,18,Completed
SO02489,2024-09-23,C038,P002,R02,136,172.69,23485.84,6,Completed
SO02490,2023-04-27,C049,P006,R03,895,30.09,26930.55,10,Completed
SO02491,2024-10-20,C025,P004,R01,770,411.48,316839.6,26,Completed
SO02492,2023-07-04,C048,P004,R04,1398,400.27,559577.46,12,Completed
SO02493,2025-02-12,C026,P008,R04,1031,153.3,158052.3,29,Delayed
SO02494,2023-09-30,C020,P007,R01,152,103.23,15690.96,29,Delayed
SO02495,2023-11-02,C022,P005,R02,1539,348.26,535972.14,13,Completed
SO02496,2023-02-26,C034,P006,R02,564,426.25,240405.0,7,Completed
SO02497,2023-04-11,C031,P006,R02,1139,41.82,47632.98,7,Completed
SO02498,2025-07-24,C004,P003,R03,236,283.1,66811.6,26,Completed
SO02499,2024-08-30,C024,P004,R02,226,233.03,52664.78,19,Completed
SO02500,2023-04-19,C025,P003,R01,1717,423.94,727904.98,19,Completed
SO02501,2025-08-09,C005,P004,R04,1157,244.58,282979.06,11,Completed
SO02502,2024-12-28,C031,P002,R02,325,294.97,95865.25,24,Completed
SO02503,2024-03-07,C006,P005,R04,1844,104.11,191978.84,9,Completed
SO02504,2023-01-22,C011,P001,R04,1198,422.11,505687.78,4,Completed
SO02505,2023-02-12,C040,P008,R01,567,439.36,249117.12,9,Completed
SO02506,2024-09-03,C028,P001,R04,1703,448.32,763488.96,5,Completed
SO02507,2023-10-03,C003,P007,R03,217,465.43,100998.31,17,Completed
SO02508,2025-09-28,C031,P004,R02,1060,75.34,79860.4,3,Completed
SO02509,2023-12-28,C018,P008,R04,97,121.13,11749.61,13,Completed
SO02510,2023-08-22,C045,P003,R03,555,459.48,255011.4,8,Completed
SO02511,2024-03-17,C029,P005,R02,1053,230.96,243200.88,5,Completed
SO02512,2025-01-01,C031,P001,R02,508,354.03,179847.24,20,Completed
SO02513,2024-07-11,C001,P003,R01,989,281.07,277978.23,29,Delayed
SO02514,2023-02-25,C012,P003,R01,116,381.17,44215.72,25,Completed
SO02515,2023-08-24,C039,P005,R01,1937,400.3,775381.1,16,Completed
SO02516,2025-03-09,C036,P001,R04,1410,491.96,693663.6,27,Delayed
SO02517,2023-09-21,C040,P001,R01,1859,271.13,504030.67,12,Completed
SO02518,2025-03-09,C046,P004,R01,1916,214.1,410215.6,6,Completed
SO02519,2023-05-21,C026,P005,R04,502,120.0,60240.0,5,Completed
SO02520,2024-12-12,C018,P008,R04,1756,179.07,314446.92,20,Completed
SO02521,2024-09-16,C006,P005,R04,899,52.77,47440.23,24,Completed
SO02522,2023-06-19,C035,P008,R02,712,440.16,313393.92,26,Completed
SO02523,2024-12-27,C013,P004,R01,1113,35.54,39556.02,19,Completed
SO02524,2024-11-21,C050,P001,R04,1609,55.68,89589.12,21,Completed
SO02525,2023-03-21,C046,P004,R01,94,151.05,14198.7,8,Completed
SO02526,2025-05-01,C035,P003,R02,1923,433.91,834408.93,7,Completed
SO02527,2023-07-21,C036,P007,R04,1547,336.51,520580.97,23,Completed
SO02528,2023-05-15,C014,P001,R03,1209,227.0,274443.0,17,Completed
SO02529,2025-07-25,C001,P006,R01,1060,224.75,238235.0,3,Completed
SO02530,2025-11-16,C036,P007,R04,88,359.41,31628.08,24,Completed
SO02531,2025-12-27,C008,P001,R04,268,223.79,59975.72,16,Completed
SO02532,2025-04-16,C006,P003,R04,1094,305.58,334304.52,21,Completed
SO02533,2024-01-02,C043,P004,R04,1046,297.77,311467.42,26,Completed
SO02534,2024-05-28,C004,P005,R03,234,151.6,35474.4,10,Completed
SO02535,2025-08-29,C028,P007,R04,1979,406.18,803830.22,4,Completed
SO02536,2025-07-30,C010,P005,R04,1725,341.69,589415.25,23,Completed
SO02537,2023-08-26,C025,P004,R01,811,479.61,388963.71,10,Completed
SO02538,2023-05-28,C049,P003,R03,1817,253.97,461463.49,9,Completed
SO02539,2023-03-24,C008,P007,R04,1869,26.56,49640.64,9,Completed
SO02540,2025-05-12,C010,P007,R04,1443,321.53,463967.79,5,Completed
SO02541,2023-10-07,C036,P007,R04,1598,200.91,321054.18,24,Completed
SO02542,2025-04-09,C038,P005,R02,1507,195.22,294196.54,26,Completed
SO02543,2024-01-17,C041,P005,R02,523,108.11,56541.53,14,Completed
SO02544,2023-02-13,C001,P005,R01,953,285.75,272319.75,23,Completed
SO02545,2025-09-12,C037,P005,R04,1122,415.09,465730.98,3,Completed
SO02546,2025-02-10,C041,P005,R02,1736,454.93,789758.48,27,Delayed
SO02547,2023-09-23,C049,P008,R03,1662,169.37,281492.94,10,Completed
SO02548,2025-06-07,C045,P002,R03,1291,485.35,626586.85,10,Completed
SO02549,2025-05-23,C028,P001,R04,806,52.81,42564.86,25,Completed
SO02550,2025-08-10,C032,P008,R02,1380,131.65,181677.0,9,Completed
SO02551,2024-07-19,C009,P008,R02,59,232.58,13722.22,20,Completed
SO02552,2023-01-06,C030,P006,R02,490,178.86,87641.4,17,Completed
SO02553,2023-03-25,C003,P002,R03,66,253.04,16700.64,10,Completed
SO02554,2024-05-31,C025,P002,R01,1007,190.66,191994.62,27,Delayed
SO02555,2023-07-19,C025,P003,R01,398,35.8,14248.4,6,Completed
SO02556,2025-04-30,C017,P008,R03,1907,496.18,946215.26,12,Completed
SO02557,2025-10-29,C016,P001,R03,842,84.03,70753.26,26,Completed
SO02558,2023-02-07,C001,P001,R01,1956,485.64,949911.84,27,Delayed
SO02559,2024-12-15,C021,P002,R01,1743,402.79,702062.97,18,Completed
SO02560,2023-12-21,C004,P005,R03,1288,163.74,210897.12,27,Delayed
SO02561,2025-12-13,C010,P003,R04,1300,67.89,88257.0,22,Completed
SO02562,2024-05-09,C010,P001,R04,963,399.82,385026.66,19,Completed
SO02563,2023-05-16,C026,P008,R04,1466,466.4,683742.4,22,Completed
SO02564,2023-02-16,C014,P001,R03,1746,411.47,718426.62,11,Completed
SO02565,2025-01-06,C002,P003,R04,1216,369.75,449616.0,22,Completed
SO02566,2024-04-06,C004,P003,R03,1265,386.73,489213.45,27,Delayed
SO02567,2024-01-07,C049,P003,R03,1564,214.01,334711.64,23,Completed
SO02568,2025-09-10,C026,P002,R04,576,255.71,147288.96,20,Completed
SO02569,2024-04-21,C005,P008,R04,1225,169.61,207772.25,17,Completed
SO02570,2023-11-18,C044,P004,R01,1939,446.62,865996.18,11,Completed
SO02571,2024-04-12,C008,P006,R04,1863,346.24,645045.12,24,Completed
SO02572,2025-08-05,C016,P003,R03,128,25.95,3321.6,25,Completed
SO02573,2023-08-03,C015,P001,R04,131,227.22,29765.82,23,Completed
SO02574,2023-06-09,C032,P005,R02,1657,399.24,661540.68,21,Completed
SO02575,2023-05-09,C029,P008,R02,1416,69.73,98737.68,17,Completed
SO02576,2025-09-03,C007,P008,R02,1188,70.68,83967.84,26,Completed
SO02577,2024-07-09,C031,P007,R02,894,336.67,300982.98,7,Completed
SO02578,2025-07-23,C050,P008,R04,553,332.15,183678.95,29,Delayed
SO02579,2025-05-20,C009,P001,R02,291,334.95,97470.45,3,Completed
SO02580,2023-09-14,C034,P005,R02,1784,258.42,461021.28,4,Completed
SO02581,2025-06-14,C041,P007,R02,1585,242.64,384584.4,13,Completed
SO02582,2024-01-05,C009,P005,R02,1785,258.74,461850.9,4,Completed
SO02583,2025-07-06,C045,P003,R03,368,423.63,155895.84,23,Completed
SO02584,2025-07-27,C004,P008,R03,1442,99.36,143277.12,27,Delayed
SO02585,2025-04-06,C035,P001,R02,1783,273.1,486937.3,18,Completed
SO02586,2023-01-17,C015,P006,R04,1335,284.72,380101.2,26,Completed
SO02587,2023-08-22,C028,P007,R04,405,480.09,194436.45,10,Completed
SO02588,2024-08-24,C049,P008,R03,1994,374.2,746154.8,11,Completed
SO02589,2025-07-02,C047,P003,R04,1945,95.01,184794.45,16,Completed
SO02590,2023-09-20,C035,P006,R02,1192,217.39,259128.88,20,Completed
SO02591,2024-08-23,C019,P002,R04,804,296.75,238587.0,21,Completed
SO02592,2025-12-03,C012,P008,R01,1412,442.45,624739.4,6,Completed
SO02593,2024-03-08,C049,P004,R03,1892,20.63,39031.96,4,Completed
SO02594,2024-09-30,C029,P007,R02,158,469.13,74122.54,26,Completed
SO02595,2024-05-31,C033,P006,R02,1083,240.21,260147.43,3,Completed
SO02596,2024-07-28,C024,P007,R02,137,110.6,15152.2,23,Completed
SO02597,2025-09-07,C047,P005,R04,1825,196.65,358886.25,14,Completed
SO02598,2023-12-30,C006,P002,R04,790,419.77,331618.3,28,Delayed
SO02599,2024-07-21,C031,P002,R02,65,94.48,6141.2,3,Completed
SO02600,2025-07-01,C050,P001,R04,1605,440.89,707628.45,17,Completed
SO02601,2024-06-02,C050,P005,R04,657,288.68,189662.76,6,Completed
SO02602,2023-09-15,C050,P004,R04,287,158.67,45538.29,17,Completed
SO02603,2025-10-20,C031,P007,R02,391,395.1,154484.1,9,Completed
SO02604,2023-10-05,C019,P002,R04,1848,284.64,526014.72,22,Completed
SO02605,2024-05-17,C029,P002,R02,144,178.55,25711.2,21,Completed
SO02606,2024-08-30,C015,P004,R04,743,150.6,111895.8,17,Completed
SO02607,2025-05-27,C018,P003,R04,1665,27.54,45854.1,22,Completed
SO02608,2025-03-23,C002,P002,R04,788,423.2,333481.6,7,Completed
SO02609,2023-12-22,C034,P005,R02,787,84.43,66446.41,25,Completed
SO02610,2025-10-10,C025,P003,R01,1638,414.24,678525.12,17,Completed
SO02611,2025-07-16,C039,P007,R01,253,109.67,27746.51,4,Completed
SO02612,2024-02-18,C047,P008,R04,988,479.14,473390.32,15,Completed
SO02613,2023-04-02,C030,P004,R02,982,95.69,93967.58,23,Completed
SO02614,2024-02-01,C023,P008,R04,934,54.27,50688.18,23,Completed
SO02615,2024-04-14,C047,P005,R04,1407,331.12,465885.84,7,Completed
SO02616,2023-11-02,C044,P008,R01,848,490.67,416088.16,23,Completed
SO02617,2024-11-11,C004,P002,R03,1526,333.57,509027.82,12,Completed
SO02618,2024-09-21,C036,P004,R04,134,112.82,15117.88,10,Completed
SO02619,2025-03-03,C020,P002,R01,734,57.77,42403.18,7,Completed
SO02620,2024-11-12,C006,P005,R04,399,219.27,87488.73,15,Completed
SO02621,2024-11-01,C024,P006,R02,1808,433.34,783478.72,10,Completed
SO02622,2024-04-06,C020,P005,R01,75,274.88,20616.0,13,Completed
SO02623,2024-10-08,C027,P007,R03,911,382.85,348776.35,8,Completed
SO02624,2023-10-09,C003,P006,R03,1012,205.15,207611.8,22,Completed
SO02625,2025-09-22,C049,P003,R03,704,82.81,58298.24,16,Completed
SO02626,2025-11-29,C008,P007,R04,964,261.79,252365.56,11,Completed
SO02627,2024-02-11,C019,P001,R04,1739,68.52,119156.28,7,Completed
SO02628,2023-04-08,C032,P004,R02,1253,455.31,570503.43,21,Completed
SO02629,2023-10-24,C003,P002,R03,457,340.15,155448.55,10,Completed
SO02630,2024-06-27,C026,P003,R04,1987,56.15,111570.05,27,Delayed
SO02631,2023-11-04,C016,P004,R03,1960,404.8,793408.0,3,Completed
SO02632,2023-11-06,C038,P004,R02,1589,206.45,328049.05,12,Completed
SO02633,2024-02-29,C017,P005,R03,1682,469.18,789160.76,24,Completed
SO02634,2025-09-12,C024,P003,R02,1679,145.31,243975.49,27,Delayed
SO02635,2025-02-14,C040,P008,R01,1319,416.68,549600.92,23,Completed
SO02636,2023-06-27,C044,P006,R01,1063,432.63,459885.69,22,Completed
SO02637,2025-03-05,C036,P004,R04,1319,39.19,51691.61,24,Completed
SO02638,2025-10-08,C038,P005,R02,772,255.26,197060.72,13,Completed
SO02639,2024-09-18,C043,P003,R04,1821,99.13,180515.73,12,Completed
SO02640,2025-03-04,C039,P007,R01,454,378.28,171739.12,12,Completed
SO02641,2025-12-09,C032,P003,R02,1902,44.98,85551.96,15,Completed
SO02642,2024-03-29,C018,P002,R04,1521,430.55,654866.55,28,Delayed
SO02643,2024-03-11,C033,P002,R02,357,159.51,56945.07,5,Completed
SO02644,2025-07-22,C031,P008,R02,827,138.73,114729.71,4,Completed
SO02645,2023-10-26,C008,P005,R04,1710,334.41,571841.1,24,Completed
SO02646,2024-01-16,C049,P007,R03,78,174.2,13587.6,19,Completed
SO02647,2023-09-06,C038,P005,R02,490,44.8,21952.0,4,Completed
SO02648,2025-04-09,C046,P003,R01,1401,377.82,529325.82,28,Delayed
SO02649,2023-09-11,C015,P002,R04,632,446.1,281935.2,8,Completed
SO02650,2024-08-02,C032,P008,R02,1196,103.0,123188.0,16,Completed
SO02651,2023-09-01,C022,P006,R02,1805,493.91,891507.55,27,Delayed
SO02652,2025-02-02,C015,P001,R04,1007,87.08,87689.56,10,Completed
SO02653,2025-10-29,C016,P001,R03,124,380.99,47242.76,3,Completed
SO02654,2025-03-04,C043,P001,R04,99,248.64,24615.36,29,Delayed
SO02655,2024-05-20,C006,P003,R04,1376,100.45,138219.2,12,Completed
SO02656,2024-04-27,C017,P001,R03,812,54.71,44424.52,19,Completed
SO02657,2024-08-06,C012,P001,R01,1098,314.25,345046.5,7,Completed
SO02658,2025-09-27,C031,P008,R02,1972,372.5,734570.0,28,Delayed
SO02659,2025-07-03,C002,P005,R04,393,124.54,48944.22,5,Completed
SO02660,2024-09-14,C041,P006,R02,1860,466.8,868248.0,21,Completed
SO02661,2023-09-23,C035,P005,R02,758,379.08,287342.64,26,Completed
SO02662,2023-02-03,C033,P005,R02,1643,196.2,322356.6,16,Completed
SO02663,2023-10-09,C046,P001,R01,1016,104.3,105968.8,3,Completed
SO02664,2023-05-06,C033,P007,R02,741,404.93,300053.13,7,Completed
SO02665,2024-12-21,C014,P007,R03,1707,340.33,580943.31,4,Completed
SO02666,2023-12-24,C037,P002,R04,782,280.59,219421.38,22,Completed
SO02667,2024-08-29,C001,P005,R01,1208,163.55,197568.4,4,Completed
SO02668,2025-06-27,C003,P005,R03,1358,413.87,562035.46,24,Completed
SO02669,2024-06-02,C042,P004,R04,886,314.78,278895.08,25,Completed
SO02670,2024-06-17,C047,P006,R04,454,85.36,38753.44,6,Completed
SO02671,2023-01-21,C017,P004,R03,100,353.62,35362.0,29,Delayed
SO02672,2024-05-18,C006,P003,R04,1438,103.69,149106.22,23,Completed
SO02673,2024-10-27,C013,P004,R01,1959,415.42,813807.78,13,Completed
SO02674,2024-02-25,C025,P003,R01,1170,47.86,55996.2,15,Completed
SO02675,2025-03-29,C023,P006,R04,1324,133.8,177151.2,8,Completed
SO02676,2023-05-04,C040,P004,R01,606,304.39,184460.34,6,Completed
SO02677,2023-03-05,C036,P001,R04,1960,400.28,784548.8,17,Completed
SO02678,2024-02-19,C010,P002,R04,1959,314.72,616536.48,18,Completed
SO02679,2023-06-14,C041,P005,R02,1472,113.94,167719.68,28,Delayed
SO02680,2023-06-19,C004,P007,R03,1008,68.19,68735.52,14,Completed
SO02681,2023-07-17,C031,P003,R02,1841,164.28,302439.48,5,Completed
SO02682,2023-08-31,C027,P006,R03,1764,240.04,423430.56,12,Completed
SO02683,2023-09-30,C004,P008,R03,1984,397.42,788481.28,10,Completed
SO02684,2023-11-08,C031,P008,R02,835,278.05,232171.75,3,Completed
SO02685,2025-06-04,C049,P006,R03,308,186.3,57380.4,8,Completed
SO02686,2023-08-25,C043,P007,R04,1551,244.67,379483.17,25,Completed
SO02687,2025-07-29,C026,P008,R04,676,87.06,58852.56,26,Completed
SO02688,2025-05-08,C043,P003,R04,1606,300.77,483036.62,25,Completed
SO02689,2024-04-15,C033,P001,R02,722,56.17,40554.74,14,Completed
SO02690,2024-08-08,C020,P005,R01,1149,319.8,367450.2,4,Completed
SO02691,2023-08-22,C034,P007,R02,415,285.43,118453.45,11,Completed
SO02692,2023-05-10,C010,P001,R04,1594,169.21,269720.74,26,Completed
SO02693,2023-06-10,C049,P001,R03,1531,217.51,333007.81,8,Completed
SO02694,2024-06-24,C050,P004,R04,626,439.52,275139.52,17,Completed
SO02695,2024-01-01,C015,P003,R04,1416,433.13,613312.08,12,Completed
SO02696,2025-07-25,C005,P007,R04,1610,295.73,476125.3,27,Delayed
SO02697,2024-10-08,C025,P006,R01,1441,484.47,698121.27,12,Completed
SO02698,2024-03-19,C026,P007,R04,532,422.65,224849.8,21,Completed
SO02699,2024-08-14,C029,P008,R02,1888,329.89,622832.32,7,Completed
SO02700,2024-04-16,C023,P008,R04,93,192.02,17857.86,21,Completed
SO02701,2023-01-14,C024,P002,R02,1730,237.01,410027.3,25,Completed
SO02702,2024-08-16,C028,P003,R04,1415,196.02,277368.3,7,Completed
SO02703,2023-03-06,C038,P002,R02,1805,358.61,647291.05,14,Completed
SO02704,2023-01-21,C015,P007,R04,797,168.81,134541.57,23,Completed
SO02705,2025-02-02,C008,P005,R04,684,309.61,211773.24,8,Completed
SO02706,2025-07-27,C044,P005,R01,1314,221.96,291655.44,28,Delayed
SO02707,2023-05-17,C023,P006,R04,1381,276.2,381432.2,17,Completed
SO02708,2023-01-04,C032,P001,R02,1366,115.74,158100.84,16,Completed
SO02709,2023-06-05,C003,P005,R03,991,319.68,316802.88,17,Completed
SO02710,2025-11-08,C029,P001,R02,447,81.96,36636.12,23,Completed
SO02711,2025-12-14,C001,P006,R01,1862,36.88,68670.56,5,Completed
SO02712,2023-11-22,C019,P008,R04,1093,51.33,56103.69,29,Delayed
SO02713,2025-10-14,C038,P003,R02,1480,473.54,700839.2,27,Delayed
SO02714,2023-05-15,C035,P003,R02,1787,280.74,501682.38,24,Completed
SO02715,2023-03-27,C001,P001,R01,83,94.55,7847.65,12,Completed
SO02716,2025-08-17,C032,P003,R02,186,487.67,90706.62,20,Completed
SO02717,2025-05-20,C022,P007,R02,161,413.37,66552.57,27,Delayed
SO02718,2023-07-03,C015,P002,R04,1105,325.91,360130.55,6,Completed
SO02719,2024-04-02,C041,P001,R02,682,386.5,263593.0,9,Completed
SO02720,2024-08-23,C037,P004,R04,1104,436.1,481454.4,13,Completed
SO02721,2024-09-15,C011,P005,R04,1671,227.64,380386.44,20,Completed
SO02722,2023-08-17,C001,P002,R01,616,166.37,102483.92,3,Completed
SO02723,2024-06-11,C009,P003,R02,912,144.99,132230.88,5,Completed
SO02724,2024-08-20,C033,P004,R02,309,225.29,69614.61,22,Completed
SO02725,2025-12-08,C040,P003,R01,950,457.66,434777.0,3,Completed
SO02726,2023-07-21,C042,P005,R04,177,268.79,47575.83,28,Delayed
SO02727,2025-10-16,C003,P005,R03,999,87.35,87262.65,21,Completed
SO02728,2024-10-13,C039,P003,R01,1708,414.01,707129.08,11,Completed
SO02729,2024-04-06,C013,P002,R01,1877,359.58,674931.66,11,Completed
SO02730,2024-02-02,C015,P005,R04,1207,289.03,348859.21,10,Completed
SO02731,2025-01-09,C049,P003,R03,905,473.33,428363.65,20,Completed
SO02732,2025-11-13,C034,P005,R02,1075,333.71,358738.25,10,Completed
SO02733,2025-11-07,C019,P003,R04,1419,252.32,358042.08,17,Completed
SO02734,2023-11-26,C014,P007,R03,180,67.53,12155.4,24,Completed
SO02735,2024-10-23,C014,P003,R03,383,488.3,187018.9,29,Delayed
SO02736,2023-05-01,C002,P008,R04,1946,122.98,239319.08,18,Completed
SO02737,2023-12-28,C004,P004,R03,1443,164.68,237633.24,24,Completed
SO02738,2025-04-23,C042,P003,R04,178,205.86,36643.08,5,Completed
SO02739,2025-06-03,C049,P008,R03,882,41.88,36938.16,28,Delayed
SO02740,2023-04-14,C048,P004,R04,187,270.6,50602.2,11,Completed
SO02741,2023-08-12,C023,P006,R04,1684,467.57,787387.88,9,Completed
SO02742,2023-02-19,C009,P001,R02,608,70.37,42784.96,9,Completed
SO02743,2023-07-14,C024,P007,R02,1864,463.94,864784.16,23,Completed
SO02744,2025-01-02,C030,P002,R02,211,217.74,45943.14,3,Completed
SO02745,2025-12-27,C045,P008,R03,1988,445.01,884679.88,15,Completed
SO02746,2024-05-25,C006,P004,R04,248,478.24,118603.52,29,Delayed
SO02747,2023-05-08,C023,P006,R04,1889,385.75,728681.75,17,Completed
SO02748,2025-06-20,C017,P003,R03,1808,59.8,108118.4,24,Completed
SO02749,2023-03-12,C006,P002,R04,101,328.54,33182.54,27,Delayed
SO02750,2024-08-20,C007,P005,R02,1636,67.55,110511.8,23,Completed
SO02751,2025-06-06,C031,P005,R02,1677,302.39,507108.03,20,Completed
SO02752,2024-08-14,C024,P004,R02,106,125.3,13281.8,26,Completed
SO02753,2024-03-02,C013,P005,R01,1910,245.86,469592.6,8,Completed
SO02754,2024-01-21,C040,P005,R01,1227,466.09,571892.43,7,Completed
SO02755,2025-07-27,C003,P002,R03,1293,478.36,618519.48,17,Completed
SO02756,2024-04-21,C038,P003,R02,497,210.52,104628.44,8,Completed
SO02757,2023-04-03,C015,P003,R04,275,93.49,25709.75,5,Completed
SO02758,2023-07-31,C049,P001,R03,805,286.65,230753.25,3,Completed
SO02759,2024-07-09,C019,P002,R04,1125,125.48,141165.0,13,Completed
SO02760,2023-06-18,C026,P007,R04,1612,101.71,163956.52,11,Completed
SO02761,2024-11-26,C050,P001,R04,211,120.68,25463.48,11,Completed
SO02762,2024-12-30,C017,P007,R03,833,224.91,187350.03,10,Completed
SO02763,2023-05-15,C009,P007,R02,205,206.29,42289.45,3,Completed
SO02764,2024-03-30,C012,P006,R01,1987,149.83,297712.21,8,Completed
SO02765,2024-10-29,C030,P002,R02,1082,119.58,129385.56,4,Completed
SO02766,2025-10-26,C029,P002,R02,789,488.05,385071.45,19,Completed
SO02767,2023-09-25,C046,P001,R01,1967,356.98,702179.66,10,Completed
SO02768,2024-01-07,C048,P004,R04,1857,298.77,554815.89,29,Delayed
SO02769,2024-07-17,C023,P003,R04,1937,227.09,439873.33,20,Completed
SO02770,2023-08-29,C028,P003,R04,1576,186.49,293908.24,26,Completed
SO02771,2023-05-27,C046,P001,R01,1988,113.42,225478.96,4,Completed
SO02772,2025-02-26,C003,P005,R03,148,30.29,4482.92,12,Completed
SO02773,2025-11-21,C018,P007,R04,1801,485.3,874025.3,17,Completed
SO02774,2024-10-28,C023,P006,R04,1532,278.96,427366.72,6,Completed
SO02775,2023-06-13,C038,P008,R02,1068,189.38,202257.84,27,Delayed
SO02776,2024-11-16,C014,P002,R03,1438,479.31,689247.78,18,Completed
SO02777,2023-01-26,C001,P005,R01,1031,233.42,240656.02,21,Completed
SO02778,2023-05-10,C026,P005,R04,255,175.45,44739.75,10,Completed
SO02779,2025-12-03,C016,P006,R03,1115,64.57,71995.55,27,Delayed
SO02780,2024-12-13,C049,P006,R03,1774,132.62,235267.88,24,Completed
SO02781,2024-11-29,C002,P005,R04,1294,467.31,604699.14,6,Completed
SO02782,2023-06-10,C021,P006,R01,673,75.35,50710.55,3,Completed
SO02783,2024-07-09,C002,P001,R04,1210,250.22,302766.2,15,Completed
SO02784,2025-03-16,C042,P006,R04,858,343.41,294645.78,28,Delayed
SO02785,2024-05-10,C035,P006,R02,1495,256.78,383886.1,11,Completed
SO02786,2024-12-16,C008,P007,R04,1664,346.16,576010.24,21,Completed
SO02787,2024-07-20,C045,P007,R03,526,377.06,198333.56,26,Completed
SO02788,2025-05-10,C006,P008,R04,1270,138.9,176403.0,11,Completed
SO02789,2023-02-20,C008,P003,R04,1245,291.41,362805.45,5,Completed
SO02790,2024-09-09,C049,P003,R03,513,194.75,99906.75,16,Completed
SO02791,2025-09-24,C017,P002,R03,1744,83.13,144978.72,22,Completed
SO02792,2023-09-20,C011,P007,R04,145,130.32,18896.4,28,Delayed
SO02793,2024-02-25,C002,P003,R04,1285,172.77,222009.45,15,Completed
SO02794,2024-12-17,C040,P006,R01,1249,248.71,310638.79,28,Delayed
SO02795,2023-10-08,C018,P001,R04,226,239.8,54194.8,17,Completed
SO02796,2025-06-08,C006,P002,R04,1422,471.42,670359.24,19,Completed
SO02797,2023-04-06,C042,P002,R04,379,227.06,86055.74,14,Completed
SO02798,2024-02-01,C048,P007,R04,475,320.92,152437.0,23,Completed
SO02799,2025-03-17,C007,P003,R02,919,285.78,262631.82,14,Completed
SO02800,2023-03-04,C010,P002,R04,450,250.91,112909.5,9,Completed
SO02801,2025-03-14,C031,P003,R02,1088,312.67,340184.96,6,Completed
SO02802,2024-06-05,C034,P003,R02,1888,388.5,733488.0,8,Completed
SO02803,2023-07-29,C021,P007,R01,1355,123.2,166936.0,7,Completed
SO02804,2025-02-07,C037,P002,R04,1843,368.62,679366.66,29,Delayed
SO02805,2025-11-22,C047,P007,R04,1854,125.66,232973.64,4,Completed
SO02806,2023-11-06,C050,P006,R04,1446,390.03,563983.38,14,Completed
SO02807,2025-05-03,C010,P002,R04,1479,117.86,174314.94,17,Completed
SO02808,2023-11-20,C022,P005,R02,1183,480.77,568750.91,29,Delayed
SO02809,2024-06-29,C009,P003,R02,734,201.52,147915.68,12,Completed
SO02810,2023-08-24,C032,P004,R02,697,446.39,311133.83,23,Completed
SO02811,2025-06-21,C026,P004,R04,998,330.84,330178.32,9,Completed
SO02812,2024-10-22,C032,P008,R02,894,221.93,198405.42,9,Completed
SO02813,2025-02-13,C040,P005,R01,1733,160.18,277591.94,10,Completed
SO02814,2025-12-07,C035,P002,R02,288,381.38,109837.44,17,Completed
SO02815,2024-01-16,C012,P002,R01,1729,44.96,77735.84,4,Completed
SO02816,2024-05-04,C013,P002,R01,464,140.26,65080.64,9,Completed
SO02817,2024-03-02,C025,P004,R01,1229,349.25,429228.25,8,Completed
SO02818,2023-08-07,C031,P007,R02,1889,491.63,928689.07,8,Completed
SO02819,2023-04-17,C044,P007,R01,1551,274.98,426493.98,16,Completed
SO02820,2023-10-01,C009,P004,R02,120,233.2,27984.0,20,Completed
SO02821,2023-10-26,C009,P004,R02,821,200.42,164544.82,14,Completed
SO02822,2025-05-14,C015,P007,R04,1201,357.34,429165.34,26,Completed
SO02823,2024-12-21,C004,P002,R03,209,78.09,16320.81,4,Completed
SO02824,2024-09-05,C039,P007,R01,605,115.39,69810.95,6,Completed
SO02825,2025-11-08,C021,P006,R01,1992,42.25,84162.0,29,Delayed
SO02826,2024-06-01,C026,P008,R04,1101,149.52,164621.52,18,Completed
SO02827,2023-10-04,C010,P002,R04,1822,287.97,524681.34,6,Completed
SO02828,2023-05-20,C019,P007,R04,381,495.75,188880.75,27,Delayed
SO02829,2024-03-22,C042,P003,R04,934,241.12,225206.08,7,Completed
SO02830,2025-08-14,C021,P003,R01,1287,146.09,188017.83,28,Delayed
SO02831,2024-06-03,C002,P007,R04,1444,446.79,645164.76,28,Delayed
SO02832,2025-01-14,C023,P005,R04,946,432.49,409135.54,5,Completed
SO02833,2024-01-18,C028,P001,R04,131,369.61,48418.91,24,Completed
SO02834,2025-06-04,C032,P003,R02,1389,384.31,533806.59,26,Completed
SO02835,2024-03-13,C014,P005,R03,903,171.75,155090.25,14,Completed
SO02836,2024-03-22,C018,P004,R04,1848,238.82,441339.36,22,Completed
SO02837,2025-11-02,C016,P003,R03,1764,313.89,553701.96,21,Completed
SO02838,2024-08-08,C012,P005,R01,1324,67.84,89820.16,4,Completed
SO02839,2025-12-01,C024,P006,R02,1934,83.95,162359.3,4,Completed
SO02840,2025-05-02,C002,P008,R04,1394,214.53,299054.82,11,Completed
SO02841,2023-07-13,C023,P001,R04,855,132.81,113552.55,14,Completed
SO02842,2025-10-14,C041,P007,R02,965,217.23,209626.95,13,Completed
SO02843,2024-11-01,C010,P003,R04,1636,327.04,535037.44,3,Completed
SO02844,2023-08-14,C017,P004,R03,1668,28.85,48121.8,17,Completed
SO02845,2025-09-06,C002,P005,R04,340,223.05,75837.0,18,Completed
SO02846,2023-11-27,C050,P006,R04,1341,254.85,341753.85,14,Completed
SO02847,2025-07-01,C021,P008,R01,365,141.16,51523.4,9,Completed
SO02848,2024-06-19,C036,P003,R04,263,439.38,115556.94,9,Completed
SO02849,2024-03-26,C024,P004,R02,89,448.54,39920.06,17,Completed
SO02850,2024-04-06,C021,P005,R01,912,337.29,307608.48,26,Completed
SO02851,2024-08-27,C016,P005,R03,1275,147.05,187488.75,7,Completed
SO02852,2025-01-09,C006,P001,R04,865,256.53,221898.45,22,Completed
SO02853,2024-12-09,C002,P005,R04,1821,328.55,598289.55,4,Completed
SO02854,2025-01-09,C048,P008,R04,657,439.05,288455.85,19,Completed
SO02855,2024-09-15,C036,P005,R04,1065,193.51,206088.15,28,Delayed
SO02856,2023-08-18,C043,P001,R04,1592,139.85,222641.2,15,Completed
SO02857,2023-01-18,C010,P002,R04,1260,278.48,350884.8,28,Delayed
SO02858,2023-11-14,C008,P008,R04,1126,98.74,111181.24,9,Completed
SO02859,2025-09-23,C050,P008,R04,1245,315.44,392722.8,28,Delayed
SO02860,2024-02-15,C009,P008,R02,1700,171.31,291227.0,13,Completed
SO02861,2025-02-04,C039,P001,R01,318,398.93,126859.74,25,Completed
SO02862,2024-03-05,C048,P001,R04,160,253.55,40568.0,17,Completed
SO02863,2024-06-28,C047,P001,R04,287,294.18,84429.66,4,Completed
SO02864,2023-04-08,C049,P008,R03,310,128.7,39897.0,17,Completed
SO02865,2025-04-12,C028,P001,R04,1298,226.5,293997.0,8,Completed
SO02866,2024-06-10,C015,P001,R04,904,490.03,442987.12,17,Completed
SO02867,2025-05-28,C046,P003,R01,1376,396.96,546216.96,15,Completed
SO02868,2023-12-10,C008,P002,R04,1324,397.79,526673.96,20,Completed
SO02869,2025-09-21,C049,P001,R03,1873,433.77,812451.21,15,Completed
SO02870,2023-09-08,C046,P008,R01,529,495.42,262077.18,18,Completed
SO02871,2025-03-03,C024,P005,R02,1290,172.7,222783.0,21,Completed
SO02872,2023-10-11,C042,P002,R04,350,223.83,78340.5,13,Completed
SO02873,2025-07-03,C002,P002,R04,476,150.68,71723.68,7,Completed
SO02874,2025-01-15,C007,P008,R02,1499,194.8,292005.2,14,Completed
SO02875,2025-01-14,C032,P006,R02,156,57.82,9019.92,18,Completed
SO02876,2025-01-11,C043,P006,R04,291,90.01,26192.91,20,Completed
SO02877,2023-12-27,C016,P007,R03,1579,243.02,383728.58,3,Completed
SO02878,2024-06-18,C017,P001,R03,394,399.48,157395.12,8,Completed
SO02879,2025-08-09,C030,P004,R02,1910,359.82,687256.2,15,Completed
SO02880,2024-09-24,C042,P007,R04,308,405.44,124875.52,29,Delayed
SO02881,2023-10-23,C008,P003,R04,593,354.67,210319.31,19,Completed
SO02882,2025-02-04,C042,P008,R04,457,190.46,87040.22,20,Completed
SO02883,2025-04-26,C049,P004,R03,1032,396.73,409425.36,29,Delayed
SO02884,2025-03-26,C010,P006,R04,272,141.36,38449.92,22,Completed
SO02885,2025-12-25,C015,P001,R04,461,115.74,53356.14,22,Completed
SO02886,2025-03-31,C034,P008,R02,1942,25.58,49676.36,24,Completed
SO02887,2023-02-11,C009,P005,R02,811,447.08,362581.88,23,Completed
SO02888,2024-04-22,C008,P005,R04,1761,24.44,43038.84,18,Completed
SO02889,2024-04-13,C031,P007,R02,1959,412.38,807852.42,6,Completed
SO02890,2024-06-25,C047,P006,R04,977,104.25,101852.25,11,Completed
SO02891,2024-12-03,C021,P008,R01,625,48.33,30206.25,4,Completed
SO02892,2024-06-28,C028,P001,R04,1000,23.55,23550.0,3,Completed
SO02893,2024-07-28,C046,P005,R01,1122,227.09,254794.98,25,Completed
SO02894,2025-11-25,C019,P007,R04,649,373.99,242719.51,14,Completed
SO02895,2024-07-22,C032,P003,R02,824,224.61,185078.64,7,Completed
SO02896,2025-02-06,C048,P004,R04,1508,90.26,136112.08,9,Completed
SO02897,2025-05-21,C021,P002,R01,1896,157.15,297956.4,3,Completed
SO02898,2023-08-28,C034,P003,R02,879,265.19,233102.01,21,Completed
SO02899,2023-12-08,C010,P003,R04,1193,141.86,169238.98,10,Completed
SO02900,2025-01-04,C012,P007,R01,1201,240.83,289236.83,24,Completed
SO02901,2024-09-25,C038,P004,R02,1436,129.92,186565.12,22,Completed
SO02902,2024-07-27,C040,P003,R01,1287,218.22,280849.14,21,Completed
SO02903,2024-05-31,C008,P006,R04,54,361.5,19521.0,18,Completed
SO02904,2025-01-04,C010,P001,R04,261,347.76,90765.36,28,Delayed
SO02905,2023-10-13,C025,P006,R01,1025,449.79,461034.75,18,Completed
SO02906,2025-02-03,C048,P005,R04,1003,482.3,483746.9,17,Completed
SO02907,2023-07-02,C050,P001,R04,1782,365.78,651819.96,28,Delayed
SO02908,2024-02-19,C019,P008,R04,473,43.0,20339.0,3,Completed
SO02909,2025-07-26,C049,P001,R03,1300,271.85,353405.0,8,Completed
SO02910,2025-06-06,C021,P006,R01,102,234.48,23916.96,18,Completed
SO02911,2023-04-29,C015,P003,R04,1955,320.52,626616.6,8,Completed
SO02912,2023-07-30,C037,P001,R04,1693,419.15,709620.95,8,Completed
SO02913,2023-01-28,C025,P006,R01,371,490.55,181994.05,9,Completed
SO02914,2025-08-23,C025,P003,R01,1173,226.08,265191.84,20,Completed
SO02915,2025-05-10,C034,P002,R02,1468,191.44,281033.92,7,Completed
SO02916,2025-03-28,C007,P001,R02,1017,185.33,188480.61,22,Completed
SO02917,2025-09-21,C027,P008,R03,621,76.18,47307.78,10,Completed
SO02918,2025-02-15,C021,P001,R01,346,330.37,114308.02,12,Completed
SO02919,2024-07-16,C020,P003,R01,714,487.87,348339.18,22,Completed
SO02920,2025-04-27,C004,P006,R03,448,466.74,209099.52,29,Delayed
SO02921,2025-01-21,C035,P001,R02,428,182.29,78020.12,6,Completed
SO02922,2025-04-16,C042,P005,R04,775,312.02,241815.5,13,Completed
SO02923,2025-04-18,C024,P001,R02,774,144.08,111517.92,4,Completed
SO02924,2025-01-28,C007,P006,R02,1120,83.63,93665.6,3,Completed
SO02925,2023-04-27,C028,P001,R04,983,110.89,109004.87,6,Completed
SO02926,2023-03-24,C004,P003,R03,1974,285.53,563636.22,27,Delayed
SO02927,2024-03-15,C003,P006,R03,611,253.73,155029.03,28,Delayed
SO02928,2023-03-26,C023,P001,R04,1040,367.81,382522.4,14,Completed
SO02929,2025-12-13,C047,P007,R04,1714,353.11,605230.54,11,Completed
SO02930,2023-10-26,C014,P002,R03,1596,29.27,46714.92,26,Completed
SO02931,2024-05-04,C038,P006,R02,1142,104.84,119727.28,21,Completed
SO02932,2023-09-04,C042,P005,R04,328,98.71,32376.88,5,Completed
SO02933,2024-11-01,C005,P004,R04,938,57.21,53662.98,28,Delayed
SO02934,2023-12-20,C009,P004,R02,493,434.41,214164.13,16,Completed
SO02935,2024-08-05,C025,P001,R01,987,93.35,92136.45,27,Delayed
SO02936,2025-07-09,C003,P007,R03,1984,468.32,929146.88,8,Completed
SO02937,2023-08-07,C047,P008,R04,185,147.37,27263.45,26,Completed
SO02938,2025-01-07,C022,P005,R02,182,289.83,52749.06,23,Completed
SO02939,2025-06-26,C050,P003,R04,696,389.83,271321.68,20,Completed
SO02940,2025-09-13,C007,P004,R02,985,450.36,443604.6,20,Completed
SO02941,2025-11-26,C001,P003,R01,1767,273.37,483044.79,23,Completed
SO02942,2023-07-24,C021,P003,R01,1545,90.12,139235.4,17,Completed
SO02943,2023-12-29,C020,P003,R01,1284,322.53,414128.52,10,Completed
SO02944,2024-11-24,C019,P002,R04,271,370.21,100326.91,14,Completed
SO02945,2024-05-18,C004,P006,R03,1950,29.54,57603.0,3,Completed
SO02946,2023-02-16,C017,P007,R03,99,172.04,17031.96,10,Completed
SO02947,2025-02-01,C012,P006,R01,1470,487.81,717080.7,3,Completed
SO02948,2024-04-25,C013,P004,R01,1313,416.92,547415.96,14,Completed
SO02949,2023-12-02,C006,P007,R04,1416,290.13,410824.08,5,Completed
SO02950,2024-12-06,C021,P002,R01,1453,253.3,368044.9,23,Completed
SO02951,2023-08-01,C017,P005,R03,1223,175.26,214342.98,24,Completed
SO02952,2023-03-23,C038,P004,R02,1907,87.73,167301.11,18,Completed
SO02953,2024-05-16,C036,P004,R04,1096,490.11,537160.56,9,Completed
SO02954,2025-01-27,C037,P001,R04,1822,154.39,281298.58,19,Completed
SO02955,2024-08-01,C017,P003,R03,377,384.29,144877.33,15,Completed
SO02956,2023-12-08,C016,P003,R03,1111,349.67,388483.37,6,Completed
SO02957,2025-09-08,C006,P006,R04,1867,127.72,238453.24,11,Completed
SO02958,2024-07-21,C019,P005,R04,1500,158.7,238050.0,28,Delayed
SO02959,2024-05-30,C019,P008,R04,1252,216.56,271133.12,11,Completed
SO02960,2025-04-27,C009,P003,R02,516,419.54,216482.64,4,Completed
SO02961,2025-08-09,C021,P001,R01,723,347.76,251430.48,20,Completed
SO02962,2024-07-04,C043,P004,R04,1386,437.79,606776.94,18,Completed
SO02963,2023-05-31,C012,P002,R01,469,460.82,216124.58,8,Completed
SO02964,2025-06-19,C015,P008,R04,1729,173.3,299635.7,23,Completed
SO02965,2023-03-29,C004,P003,R03,1372,489.89,672129.08,27,Delayed
SO02966,2024-01-17,C007,P005,R02,725,240.28,174203.0,9,Completed
SO02967,2025-10-23,C032,P007,R02,620,81.71,50660.2,28,Delayed
SO02968,2024-06-26,C035,P007,R02,860,53.4,45924.0,3,Completed
SO02969,2024-11-11,C045,P002,R03,350,126.66,44331.0,19,Completed
SO02970,2024-09-30,C026,P008,R04,1919,328.5,630391.5,6,Completed
SO02971,2023-10-27,C013,P004,R01,1898,38.63,73319.74,20,Completed
SO02972,2025-11-21,C044,P003,R01,1732,206.62,357865.84,13,Completed
SO02973,2023-06-05,C020,P005,R01,74,431.72,31947.28,26,Completed
SO02974,2025-02-09,C049,P008,R03,104,268.73,27947.92,29,Delayed
SO02975,2025-08-24,C034,P005,R02,162,20.83,3374.46,8,Completed
SO02976,2023-12-20,C031,P005,R02,204,171.23,34930.92,24,Completed
SO02977,2025-10-22,C036,P008,R04,315,422.07,132952.05,24,Completed
SO02978,2023-07-19,C015,P007,R04,1789,428.62,766801.18,11,Completed
SO02979,2025-04-15,C013,P001,R01,580,104.19,60430.2,12,Completed
SO02980,2025-12-27,C025,P001,R01,526,417.03,219357.78,21,Completed
SO02981,2023-11-29,C006,P003,R04,1325,153.22,203016.5,26,Completed
SO02982,2023-04-04,C023,P004,R04,289,247.24,71452.36,6,Completed
SO02983,2025-02-28,C043,P002,R04,56,49.17,2753.52,21,Completed
SO02984,2024-05-18,C022,P001,R02,446,102.48,45706.08,9,Completed
SO02985,2025-02-06,C014,P006,R03,1324,278.4,368601.6,13,Completed
SO02986,2025-05-29,C004,P005,R03,1573,325.54,512074.42,3,Completed
SO02987,2023-06-08,C034,P005,R02,649,278.19,180545.31,17,Completed
SO02988,2025-08-08,C044,P007,R01,1684,39.32,66214.88,17,Completed
SO02989,2023-09-05,C014,P001,R03,1809,382.82,692521.38,12,Completed
SO02990,2024-08-16,C050,P006,R04,1387,40.61,56326.07,21,Completed
SO02991,2024-12-15,C016,P001,R03,691,248.38,171630.58,15,Completed
SO02992,2025-09-14,C010,P007,R04,1576,134.58,212098.08,14,Completed
SO02993,2025-06-22,C018,P005,R04,527,367.57,193709.39,25,Completed
SO02994,2025-03-01,C036,P001,R04,165,441.41,72832.65,26,Completed
SO02995,2024-02-21,C034,P007,R02,1742,299.54,521798.68,21,Completed
SO02996,2025-08-12,C013,P001,R01,713,162.49,115855.37,28,Delayed
SO02997,2023-06-07,C001,P002,R01,1536,408.56,627548.16,16,Completed
SO02998,2024-10-05,C038,P008,R02,1081,239.66,259072.46,16,Completed
SO02999,2023-08-05,C019,P008,R04,789,41.56,32790.84,22,Completed
SO03000,2025-03-03,C036,P004,R04,705,81.97,57788.85,9,Completed
SO03001,2025-05-23,C019,P001,R04,297,225.5,66973.5,7,Completed
SO03002,2024-10-08,C019,P004,R04,496,417.02,206841.92,19,Completed
SO03003,2024-12-24,C047,P007,R04,554,143.83,79681.82,5,Completed
SO03004,2025-05-04,C032,P003,R02,1007,470.36,473652.52,13,Completed
SO03005,2025-04-17,C030,P004,R02,747,416.02,310766.94,4,Completed
SO03006,2025-05-15,C037,P004,R04,250,109.46,27365.0,21,Completed
SO03007,2024-10-13,C047,P003,R04,1883,418.17,787414.11,11,Completed
SO03008,2025-10-18,C030,P008,R02,1882,373.1,702174.2,10,Completed
SO03009,2023-01-10,C007,P007,R02,1837,322.76,592910.12,27,Delayed
SO03010,2023-05-02,C040,P001,R01,1022,492.09,502915.98,9,Completed
SO03011,2023-03-01,C001,P001,R01,623,50.28,31324.44,8,Completed
SO03012,2023-08-24,C043,P003,R04,259,78.58,20352.22,9,Completed
SO03013,2025-06-08,C012,P004,R01,1626,313.04,509003.04,25,Completed
SO03014,2024-05-05,C048,P001,R04,1946,59.75,116273.5,7,Completed
SO03015,2025-12-01,C009,P002,R02,1674,278.4,466041.6,15,Completed
SO03016,2024-06-30,C023,P005,R04,110,24.26,2668.6,21,Completed
SO03017,2024-06-19,C040,P002,R01,673,182.47,122802.31,9,Completed
SO03018,2023-01-24,C030,P007,R02,1178,189.7,223466.6,18,Completed
SO03019,2024-04-23,C043,P003,R04,714,405.81,289748.34,21,Completed
SO03020,2024-04-13,C042,P002,R04,1070,151.43,162030.1,5,Completed
SO03021,2025-09-16,C039,P004,R01,1348,479.12,645853.76,19,Completed
SO03022,2023-07-12,C023,P004,R04,1888,198.74,375221.12,23,Completed
SO03023,2024-03-29,C020,P005,R01,1439,40.54,58337.06,24,Completed
SO03024,2024-02-05,C030,P001,R02,1198,496.65,594986.7,18,Completed
SO03025,2024-01-09,C047,P003,R04,1942,300.85,584250.7,24,Completed
SO03026,2025-04-24,C024,P006,R02,283,281.11,79554.13,28,Delayed
SO03027,2025-01-28,C002,P001,R04,320,86.91,27811.2,23,Completed
SO03028,2023-04-02,C050,P005,R04,928,217.71,202034.88,5,Completed
SO03029,2025-12-18,C033,P008,R02,330,120.67,39821.1,10,Completed
SO03030,2023-08-01,C038,P003,R02,1561,137.33,214372.13,29,Delayed
SO03031,2025-02-25,C026,P003,R04,1476,233.74,345000.24,18,Completed
SO03032,2025-04-07,C018,P006,R04,233,27.18,6332.94,3,Completed
SO03033,2024-08-05,C008,P001,R04,754,444.94,335484.76,9,Completed
SO03034,2023-01-30,C047,P008,R04,1562,424.62,663256.44,8,Completed
SO03035,2023-04-28,C002,P002,R04,245,101.65,24904.25,3,Completed
SO03036,2023-06-25,C021,P008,R01,1735,369.17,640509.95,13,Completed
SO03037,2024-02-17,C013,P004,R01,423,267.19,113021.37,5,Completed
SO03038,2024-02-01,C011,P007,R04,1926,271.37,522658.62,9,Completed
SO03039,2023-06-12,C033,P006,R02,1404,92.56,129954.24,4,Completed
SO03040,2023-09-18,C030,P006,R02,1498,461.39,691162.22,17,Completed
SO03041,2024-10-24,C048,P002,R04,1328,219.98,292133.44,18,Completed
SO03042,2024-08-06,C006,P006,R04,697,334.0,232798.0,6,Completed
SO03043,2025-10-06,C009,P008,R02,1648,492.16,811079.68,12,Completed
SO03044,2024-03-25,C048,P004,R04,1032,336.56,347329.92,27,Delayed
SO03045,2024-05-22,C031,P007,R02,672,308.68,207432.96,26,Completed
SO03046,2023-06-19,C007,P008,R02,538,390.23,209943.74,8,Completed
SO03047,2024-03-02,C048,P007,R04,501,355.7,178205.7,17,Completed
SO03048,2024-01-11,C008,P003,R04,1904,270.48,514993.92,15,Completed
SO03049,2023-05-29,C022,P002,R02,1983,242.02,479925.66,20,Completed
SO03050,2025-12-22,C032,P007,R02,1343,106.77,143392.11,8,Completed
SO03051,2023-04-13,C045,P006,R03,1305,413.19,539212.95,13,Completed
SO03052,2024-06-21,C050,P007,R04,1516,494.82,750147.12,26,Completed
SO03053,2025-12-23,C020,P002,R01,490,62.73,30737.7,19,Completed
SO03054,2025-04-25,C048,P007,R04,1352,322.91,436574.32,25,Completed
SO03055,2024-10-05,C042,P005,R04,1055,253.14,267062.7,14,Completed
SO03056,2025-02-05,C045,P005,R03,1056,140.97,148864.32,14,Completed
SO03057,2023-03-17,C029,P008,R02,212,186.27,39489.24,15,Completed
SO03058,2025-09-10,C033,P004,R02,239,419.93,100363.27,29,Delayed
SO03059,2024-12-21,C032,P001,R02,855,394.02,336887.1,25,Completed
SO03060,2024-10-01,C012,P003,R01,177,138.19,24459.63,25,Completed
SO03061,2024-03-27,C014,P006,R03,1218,275.47,335522.46,28,Delayed
SO03062,2023-10-28,C022,P004,R02,1723,476.21,820509.83,23,Completed
SO03063,2025-09-01,C016,P005,R03,335,282.21,94540.35,18,Completed
SO03064,2024-08-26,C044,P003,R01,1881,367.11,690533.91,16,Completed
SO03065,2025-01-13,C044,P006,R01,576,492.44,283645.44,28,Delayed
SO03066,2023-12-01,C020,P008,R01,1704,85.81,146220.24,12,Completed
SO03067,2023-07-13,C036,P002,R04,823,431.97,355511.31,4,Completed
SO03068,2024-07-07,C004,P007,R03,1838,400.03,735255.14,12,Completed
SO03069,2025-08-31,C047,P001,R04,1779,394.26,701388.54,3,Completed
SO03070,2025-08-22,C042,P004,R04,818,167.58,137080.44,12,Completed
SO03071,2025-05-20,C043,P002,R04,455,385.41,175361.55,29,Delayed
SO03072,2025-05-17,C046,P008,R01,836,208.23,174080.28,14,Completed
SO03073,2024-12-22,C008,P002,R04,1663,83.25,138444.75,9,Completed
SO03074,2023-05-22,C008,P008,R04,811,294.99,239236.89,16,Completed
SO03075,2024-02-11,C001,P003,R01,242,206.38,49943.96,22,Completed
SO03076,2024-06-06,C003,P003,R03,503,216.16,108728.48,15,Completed
SO03077,2024-09-04,C034,P003,R02,1929,84.46,162923.34,18,Completed
SO03078,2023-03-17,C024,P008,R02,1832,211.19,386900.08,18,Completed
SO03079,2024-01-15,C025,P003,R01,1558,151.69,236333.02,22,Completed
SO03080,2024-10-06,C034,P005,R02,1012,467.57,473180.84,23,Completed
SO03081,2023-05-02,C009,P008,R02,1523,92.5,140877.5,9,Completed
SO03082,2023-01-22,C018,P001,R04,1943,191.49,372065.07,19,Completed
SO03083,2024-01-05,C010,P006,R04,1947,138.91,270457.77,29,Delayed
SO03084,2024-04-24,C019,P004,R04,1649,495.87,817689.63,21,Completed
SO03085,2024-03-28,C040,P004,R01,477,164.67,78547.59,6,Completed
SO03086,2025-04-30,C016,P004,R03,523,367.4,192150.2,25,Completed
SO03087,2023-11-04,C027,P006,R03,997,211.24,210606.28,21,Completed
SO03088,2024-01-23,C048,P004,R04,1680,115.68,194342.4,16,Completed
SO03089,2023-09-13,C009,P005,R02,1392,266.82,371413.44,16,Completed
SO03090,2025-12-10,C002,P007,R04,1968,373.28,734615.04,22,Completed
SO03091,2025-08-07,C037,P008,R04,1682,204.66,344238.12,10,Completed
SO03092,2024-05-06,C022,P007,R02,1534,278.31,426927.54,13,Completed
SO03093,2025-10-19,C013,P004,R01,237,322.19,76359.03,25,Completed
SO03094,2023-08-02,C021,P005,R01,348,487.66,169705.68,18,Completed
SO03095,2024-03-24,C005,P006,R04,1719,316.11,543393.09,29,Delayed
SO03096,2023-06-09,C013,P001,R01,530,159.34,84450.2,7,Completed
SO03097,2023-05-30,C024,P003,R02,677,67.05,45392.85,13,Completed
SO03098,2024-07-10,C040,P002,R01,1726,232.78,401778.28,10,Completed
SO03099,2024-02-03,C028,P001,R04,1397,180.92,252745.24,14,Completed
SO03100,2023-12-07,C036,P003,R04,1135,83.29,94534.15,26,Completed
SO03101,2024-06-21,C009,P008,R02,630,467.12,294285.6,4,Completed
SO03102,2024-07-30,C036,P007,R04,1022,360.7,368635.4,13,Completed
SO03103,2025-10-24,C002,P006,R04,545,445.6,242852.0,17,Completed
SO03104,2024-01-30,C048,P002,R04,182,403.12,73367.84,24,Completed
SO03105,2025-09-13,C003,P003,R03,1836,304.97,559924.92,18,Completed
SO03106,2025-07-11,C050,P006,R04,1542,114.15,176019.3,24,Completed
SO03107,2024-07-11,C037,P006,R04,639,220.32,140784.48,19,Completed
SO03108,2023-11-14,C048,P005,R04,102,351.3,35832.6,20,Completed
SO03109,2023-09-22,C049,P008,R03,632,171.73,108533.36,25,Completed
SO03110,2024-04-08,C021,P002,R01,1355,204.48,277070.4,29,Delayed
SO03111,2025-09-04,C029,P002,R02,1605,218.35,350451.75,12,Completed
SO03112,2025-01-22,C025,P001,R01,1226,155.14,190201.64,6,Completed
SO03113,2024-05-31,C015,P004,R04,1931,229.93,443994.83,14,Completed
SO03114,2025-11-09,C009,P008,R02,383,244.59,93677.97,14,Completed
SO03115,2025-05-21,C016,P001,R03,445,277.94,123683.3,20,Completed
SO03116,2024-10-13,C012,P008,R01,877,53.19,46647.63,24,Completed
SO03117,2023-03-29,C040,P002,R01,241,408.29,98397.89,18,Completed
SO03118,2024-08-29,C046,P003,R01,1413,472.55,667713.15,9,Completed
SO03119,2025-03-24,C034,P005,R02,1541,76.8,118348.8,23,Completed
SO03120,2025-01-04,C013,P003,R01,1437,374.56,538242.72,17,Completed
SO03121,2024-10-03,C023,P001,R04,1663,294.48,489720.24,16,Completed
SO03122,2023-10-11,C016,P002,R03,1148,80.99,92976.52,27,Delayed
SO03123,2025-10-02,C013,P003,R01,756,472.88,357497.28,24,Completed
SO03124,2025-07-09,C016,P006,R03,717,135.73,97318.41,25,Completed
SO03125,2023-08-17,C047,P001,R04,1217,86.03,104698.51,3,Completed
SO03126,2023-02-25,C039,P004,R01,1790,220.88,395375.2,27,Delayed
SO03127,2024-04-24,C021,P006,R01,1463,363.51,531815.13,23,Completed
SO03128,2023-05-31,C012,P007,R01,1151,136.07,156616.57,14,Completed
SO03129,2025-04-26,C028,P007,R04,1497,204.73,306480.81,7,Completed
SO03130,2024-07-11,C033,P007,R02,476,424.38,202004.88,22,Completed
SO03131,2025-12-31,C029,P004,R02,1977,98.17,194082.09,28,Delayed
SO03132,2025-09-09,C044,P005,R01,1558,193.27,301114.66,27,Delayed
SO03133,2025-03-26,C021,P002,R01,743,495.43,368104.49,13,Completed
SO03134,2024-08-30,C009,P007,R02,1489,171.7,255661.3,26,Completed
SO03135,2025-01-01,C001,P007,R01,1716,298.39,512037.24,13,Completed
SO03136,2023-08-14,C027,P005,R03,1687,105.34,177708.58,14,Completed
SO03137,2025-05-28,C028,P003,R04,327,378.44,123749.88,15,Completed
SO03138,2025-10-14,C023,P004,R04,1151,282.56,325226.56,29,Delayed
SO03139,2024-09-21,C005,P004,R04,1506,52.43,78959.58,21,Completed
SO03140,2025-12-22,C015,P002,R04,789,35.42,27946.38,26,Completed
SO03141,2024-07-22,C023,P006,R04,722,350.43,253010.46,17,Completed
SO03142,2024-02-13,C034,P002,R02,707,69.73,49299.11,22,Completed
SO03143,2025-09-01,C030,P003,R02,1781,254.0,452374.0,13,Completed
SO03144,2025-10-10,C011,P003,R04,1940,369.32,716480.8,12,Completed
SO03145,2024-11-04,C008,P007,R04,994,246.48,245001.12,3,Completed
SO03146,2025-08-28,C011,P008,R04,276,96.13,26531.88,5,Completed
SO03147,2025-02-26,C039,P005,R01,1651,233.79,385987.29,22,Completed
SO03148,2025-04-23,C036,P004,R04,804,279.0,224316.0,21,Completed
SO03149,2025-09-12,C050,P004,R04,117,87.22,10204.74,5,Completed
SO03150,2025-08-14,C001,P001,R01,407,92.77,37757.39,26,Completed
SO03151,2024-10-07,C024,P002,R02,1067,381.58,407145.86,3,Completed
SO03152,2024-11-13,C033,P002,R02,504,467.89,235816.56,25,Completed
SO03153,2023-03-29,C046,P006,R01,488,127.88,62405.44,9,Completed
SO03154,2023-02-19,C016,P003,R03,794,208.61,165636.34,27,Delayed
SO03155,2024-06-04,C048,P003,R04,1935,137.57,266197.95,20,Completed
SO03156,2024-09-09,C003,P001,R03,963,293.55,282688.65,20,Completed
SO03157,2023-09-15,C026,P006,R04,1839,254.45,467933.55,26,Completed
SO03158,2024-06-28,C005,P003,R04,625,425.06,265662.5,24,Completed
SO03159,2024-05-31,C035,P001,R02,75,409.81,30735.75,28,Delayed
SO03160,2025-09-03,C028,P001,R04,520,299.84,155916.8,8,Completed
SO03161,2024-05-08,C017,P001,R03,884,245.09,216659.56,4,Completed
SO03162,2023-09-04,C029,P007,R02,374,449.31,168041.94,23,Completed
SO03163,2023-12-17,C010,P002,R04,1431,73.59,105307.29,28,Delayed
SO03164,2024-11-05,C049,P002,R03,1765,327.37,577808.05,5,Completed
SO03165,2023-08-24,C032,P006,R02,1768,259.1,458088.8,16,Completed
SO03166,2025-10-05,C042,P001,R04,1656,72.96,120821.76,23,Completed
SO03167,2024-03-21,C014,P003,R03,819,361.12,295757.28,14,Completed
SO03168,2023-05-17,C048,P008,R04,1164,350.44,407912.16,19,Completed
SO03169,2025-02-19,C018,P006,R04,1355,74.55,101015.25,8,Completed
SO03170,2024-10-23,C026,P006,R04,548,261.89,143515.72,17,Completed
SO03171,2024-04-20,C029,P004,R02,1126,180.06,202747.56,10,Completed
SO03172,2025-03-18,C045,P003,R03,67,248.17,16627.39,21,Completed
SO03173,2023-02-23,C050,P002,R04,1354,397.34,537998.36,27,Delayed
SO03174,2025-12-30,C039,P004,R01,880,406.39,357623.2,28,Delayed
SO03175,2025-02-23,C048,P003,R04,950,271.38,257811.0,6,Completed
SO03176,2024-09-14,C028,P002,R04,324,270.24,87557.76,28,Delayed
SO03177,2023-01-13,C039,P006,R01,304,265.21,80623.84,9,Completed
SO03178,2025-02-28,C021,P001,R01,1455,289.02,420524.1,13,Completed
SO03179,2023-10-03,C025,P002,R01,1972,412.69,813824.68,15,Completed
SO03180,2023-08-18,C004,P005,R03,1507,228.36,344138.52,29,Delayed
SO03181,2023-06-28,C021,P005,R01,1060,84.32,89379.2,27,Delayed
SO03182,2023-05-17,C011,P008,R04,290,47.91,13893.9,23,Completed
SO03183,2025-06-08,C010,P002,R04,80,112.39,8991.2,12,Completed
SO03184,2024-03-24,C009,P007,R02,896,486.33,435751.68,28,Delayed
SO03185,2023-01-07,C014,P001,R03,1799,26.63,47907.37,21,Completed
SO03186,2024-04-12,C020,P005,R01,1956,499.13,976298.28,10,Completed
SO03187,2024-05-21,C041,P003,R02,1143,230.56,263530.08,7,Completed
SO03188,2025-09-14,C006,P003,R04,1452,457.79,664711.08,17,Completed
SO03189,2023-06-27,C026,P002,R04,1313,403.63,529966.19,17,Completed
SO03190,2023-06-22,C023,P003,R04,638,383.77,244845.26,23,Completed
SO03191,2025-11-29,C015,P006,R04,1388,469.16,651194.08,28,Delayed
SO03192,2024-12-07,C020,P006,R01,645,422.36,272422.2,18,Completed
SO03193,2024-12-02,C030,P003,R02,1855,315.96,586105.8,21,Completed
SO03194,2024-03-27,C022,P003,R02,128,460.01,58881.28,4,Completed
SO03195,2024-02-17,C028,P004,R04,1123,332.28,373150.44,25,Completed
SO03196,2023-07-21,C034,P003,R02,912,200.13,182518.56,13,Completed
SO03197,2024-05-12,C001,P005,R01,1990,447.53,890584.7,25,Completed
SO03198,2025-12-06,C021,P003,R01,1863,208.4,388249.2,3,Completed
SO03199,2025-01-28,C036,P003,R04,846,51.28,43382.88,7,Completed
SO03200,2024-11-20,C025,P003,R01,449,323.73,145354.77,11,Completed
SO03201,2024-02-25,C005,P006,R04,981,309.73,303845.13,4,Completed
SO03202,2024-04-25,C016,P003,R03,1230,280.43,344928.9,5,Completed
SO03203,2023-07-04,C017,P001,R03,181,422.32,76439.92,21,Completed
SO03204,2023-02-03,C011,P004,R04,1866,252.85,471818.1,19,Completed
SO03205,2025-04-01,C031,P001,R02,1796,128.98,231648.08,8,Completed
SO03206,2023-01-23,C012,P005,R01,730,152.95,111653.5,4,Completed
SO03207,2024-12-04,C023,P002,R04,890,243.73,216919.7,4,Completed
SO03208,2025-07-10,C025,P001,R01,265,245.43,65038.95,14,Completed
SO03209,2024-01-06,C035,P003,R02,520,93.02,48370.4,12,Completed
SO03210,2025-03-02,C039,P007,R01,1784,290.82,518822.88,21,Completed
SO03211,2024-11-23,C042,P004,R04,1111,341.44,379339.84,12,Completed
SO03212,2025-10-12,C006,P003,R04,1111,306.89,340954.79,25,Completed
SO03213,2024-11-20,C015,P004,R04,1325,249.49,330574.25,6,Completed
SO03214,2023-06-05,C008,P001,R04,308,25.09,7727.72,4,Completed
SO03215,2025-03-08,C041,P002,R02,1689,109.66,185215.74,20,Completed
SO03216,2025-05-21,C015,P003,R04,1985,334.94,664855.9,12,Completed
SO03217,2024-04-12,C036,P008,R04,1973,352.81,696094.13,3,Completed
SO03218,2023-12-21,C016,P001,R03,58,472.07,27380.06,29,Delayed
SO03219,2025-07-04,C022,P006,R02,409,199.29,81509.61,23,Completed
SO03220,2023-06-20,C040,P007,R01,251,285.44,71645.44,22,Completed
SO03221,2024-04-17,C032,P003,R02,1946,274.15,533495.9,24,Completed
SO03222,2023-09-04,C002,P001,R04,1660,401.3,666158.0,9,Completed
SO03223,2025-10-26,C007,P002,R02,192,156.63,30072.96,8,Completed
SO03224,2023-12-09,C001,P006,R01,251,443.82,111398.82,10,Completed
SO03225,2023-04-28,C015,P003,R04,1621,212.21,343992.41,12,Completed
SO03226,2024-01-26,C019,P003,R04,546,123.62,67496.52,15,Completed
SO03227,2023-04-15,C012,P005,R01,477,53.09,25323.93,6,Completed
SO03228,2025-10-06,C049,P004,R03,116,442.54,51334.64,15,Completed
SO03229,2025-03-07,C017,P004,R03,1857,402.85,748092.45,21,Completed
SO03230,2025-02-08,C046,P001,R01,1535,298.61,458366.35,8,Completed
SO03231,2024-10-23,C041,P004,R02,1939,244.55,474182.45,5,Completed
SO03232,2024-04-29,C032,P003,R02,1769,134.2,237399.8,19,Completed
SO03233,2024-09-29,C039,P002,R01,1056,131.01,138346.56,10,Completed
SO03234,2023-01-25,C004,P006,R03,837,101.39,84863.43,3,Completed
SO03235,2024-02-20,C047,P008,R04,1598,326.49,521731.02,25,Completed
SO03236,2024-02-07,C016,P005,R03,424,399.63,169443.12,23,Completed
SO03237,2025-05-05,C031,P005,R02,123,264.12,32486.76,4,Completed
SO03238,2025-09-02,C028,P003,R04,1388,342.75,475737.0,14,Completed
SO03239,2024-11-01,C002,P002,R04,1849,411.24,760382.76,11,Completed
SO03240,2023-12-29,C008,P005,R04,804,279.36,224605.44,15,Completed
SO03241,2023-08-05,C044,P005,R01,623,207.22,129098.06,10,Completed
SO03242,2023-08-09,C045,P003,R03,1382,224.51,310272.82,19,Completed
SO03243,2023-09-25,C003,P001,R03,1119,445.3,498290.7,19,Completed
SO03244,2025-07-21,C049,P006,R03,1096,249.78,273758.88,11,Completed
SO03245,2025-08-16,C025,P001,R01,1312,367.74,482474.88,13,Completed
SO03246,2025-01-27,C010,P004,R04,1290,411.03,530228.7,20,Completed
SO03247,2025-12-23,C008,P007,R04,372,49.45,18395.4,16,Completed
SO03248,2024-08-17,C028,P001,R04,163,360.72,58797.36,21,Completed
SO03249,2025-12-16,C007,P007,R02,1949,398.61,776890.89,22,Completed
SO03250,2023-04-17,C022,P003,R02,853,282.39,240878.67,9,Completed
SO03251,2024-08-17,C046,P005,R01,1241,164.0,203524.0,16,Completed
SO03252,2024-06-26,C001,P006,R01,1742,473.35,824575.7,24,Completed
SO03253,2023-10-04,C040,P001,R01,235,255.75,60101.25,15,Completed
SO03254,2025-04-24,C010,P008,R04,1138,391.6,445640.8,13,Completed
SO03255,2025-10-12,C007,P008,R02,93,117.36,10914.48,8,Completed
SO03256,2024-07-02,C028,P002,R04,1631,78.18,127511.58,5,Completed
SO03257,2023-12-20,C038,P002,R02,721,54.8,39510.8,10,Completed
SO03258,2025-08-29,C034,P002,R02,393,296.28,116438.04,10,Completed
SO03259,2024-06-18,C027,P001,R03,707,472.29,333909.03,8,Completed
SO03260,2024-03-15,C013,P005,R01,359,492.17,176689.03,3,Completed
SO03261,2023-08-25,C017,P004,R03,1083,35.28,38208.24,29,Delayed
SO03262,2023-03-16,C047,P004,R04,1566,315.31,493775.46,21,Completed
SO03263,2023-11-20,C001,P002,R01,179,378.51,67753.29,4,Completed
SO03264,2024-05-27,C019,P007,R04,1051,60.58,63669.58,18,Completed
SO03265,2023-10-25,C050,P002,R04,1680,326.69,548839.2,29,Delayed
SO03266,2024-09-06,C050,P005,R04,1687,189.33,319399.71,8,Completed
SO03267,2025-12-12,C027,P005,R03,1590,241.82,384493.8,12,Completed
SO03268,2024-04-26,C036,P004,R04,1979,406.64,804740.56,23,Completed
SO03269,2025-07-19,C013,P004,R01,764,181.7,138818.8,21,Completed
SO03270,2025-09-04,C004,P001,R03,1258,74.1,93217.8,21,Completed
SO03271,2025-01-13,C028,P003,R04,1581,291.38,460671.78,8,Completed
SO03272,2023-07-08,C028,P004,R04,545,338.33,184389.85,20,Completed
SO03273,2024-04-04,C039,P005,R01,1802,413.9,745847.8,21,Completed
SO03274,2023-11-01,C001,P004,R01,182,389.0,70798.0,9,Completed
SO03275,2023-10-01,C009,P006,R02,950,485.78,461491.0,14,Completed
SO03276,2023-10-05,C045,P004,R03,242,72.62,17574.04,10,Completed
SO03277,2025-02-27,C020,P004,R01,1744,281.24,490482.56,4,Completed
SO03278,2024-11-17,C042,P004,R04,1892,208.11,393744.12,11,Completed
SO03279,2023-08-13,C009,P007,R02,662,410.28,271605.36,13,Completed
SO03280,2023-12-01,C010,P003,R04,1446,21.62,31262.52,18,Completed
SO03281,2023-01-11,C006,P001,R04,1399,385.49,539300.51,18,Completed
SO03282,2024-10-24,C041,P002,R02,1257,453.79,570414.03,27,Delayed
SO03283,2025-05-14,C024,P003,R02,1655,159.67,264253.85,18,Completed
SO03284,2024-08-01,C027,P007,R03,103,318.5,32805.5,11,Completed
SO03285,2024-07-10,C033,P006,R02,619,33.69,20854.11,24,Completed
SO03286,2025-11-01,C006,P001,R04,580,72.41,41997.8,13,Completed
SO03287,2024-09-03,C009,P001,R02,864,67.7,58492.8,16,Completed
SO03288,2024-10-22,C017,P004,R03,83,102.38,8497.54,12,Completed
SO03289,2025-03-23,C030,P003,R02,420,388.4,163128.0,27,Delayed
SO03290,2024-08-20,C007,P007,R02,133,367.06,48818.98,17,Completed
SO03291,2023-02-25,C010,P004,R04,467,192.4,89850.8,25,Completed
SO03292,2024-02-19,C015,P004,R04,1942,143.4,278482.8,20,Completed
SO03293,2025-04-06,C031,P008,R02,111,106.28,11797.08,6,Completed
SO03294,2025-02-13,C031,P006,R02,1230,90.19,110933.7,11,Completed
SO03295,2023-03-10,C024,P001,R02,482,239.27,115328.14,6,Completed
SO03296,2024-11-13,C019,P006,R04,1567,93.51,146530.17,6,Completed
SO03297,2024-12-30,C016,P003,R03,1256,71.37,89640.72,12,Completed
SO03298,2024-09-05,C022,P001,R02,1783,106.92,190638.36,13,Completed
SO03299,2024-12-22,C020,P006,R01,1639,198.14,324751.46,17,Completed
SO03300,2023-02-24,C030,P006,R02,1097,186.55,204645.35,5,Completed
SO03301,2025-10-10,C022,P005,R02,1599,498.45,797021.55,20,Completed
SO03302,2023-05-09,C007,P006,R02,1356,330.05,447547.8,11,Completed
SO03303,2023-10-11,C026,P003,R04,1044,480.48,501621.12,10,Completed
SO03304,2024-09-02,C032,P003,R02,654,121.02,79147.08,29,Delayed
SO03305,2025-08-20,C049,P006,R03,1430,331.45,473973.5,19,Completed
SO03306,2023-11-05,C043,P005,R04,787,33.14,26081.18,25,Completed
SO03307,2023-06-10,C025,P007,R01,1991,132.65,264106.15,14,Completed
SO03308,2025-03-16,C016,P003,R03,885,451.65,399710.25,3,Completed
SO03309,2025-01-15,C048,P006,R04,1682,51.14,86017.48,21,Completed
SO03310,2023-08-22,C024,P003,R02,1559,433.61,675997.99,25,Completed
SO03311,2023-04-06,C024,P003,R02,1493,385.11,574969.23,8,Completed
SO03312,2023-03-24,C010,P006,R04,882,138.05,121760.1,9,Completed
SO03313,2025-06-04,C027,P005,R03,770,257.83,198529.1,15,Completed
SO03314,2025-04-08,C046,P001,R01,1062,242.04,257046.48,14,Completed
SO03315,2024-02-07,C003,P001,R03,687,35.65,24491.55,3,Completed
SO03316,2023-06-20,C014,P004,R03,1554,337.82,524972.28,9,Completed
SO03317,2023-10-13,C034,P004,R02,1796,75.32,135274.72,11,Completed
SO03318,2024-05-22,C019,P001,R04,858,60.58,51977.64,12,Completed
SO03319,2024-04-30,C049,P007,R03,1413,107.51,151911.63,14,Completed
SO03320,2025-06-01,C042,P008,R04,1297,184.04,238699.88,16,Completed
SO03321,2025-08-23,C027,P004,R03,103,240.49,24770.47,10,Completed
SO03322,2024-04-07,C008,P006,R04,1562,321.76,502589.12,22,Completed
SO03323,2023-02-07,C001,P005,R01,684,157.05,107422.2,16,Completed
SO03324,2023-08-21,C027,P006,R03,1392,265.68,369826.56,7,Completed
SO03325,2023-02-12,C014,P005,R03,288,302.23,87042.24,23,Completed
SO03326,2024-03-14,C030,P006,R02,237,39.71,9411.27,11,Completed
SO03327,2023-06-06,C018,P008,R04,725,320.38,232275.5,22,Completed
SO03328,2023-08-11,C049,P002,R03,1249,89.21,111423.29,3,Completed
SO03329,2023-10-04,C020,P008,R01,1958,399.06,781359.48,27,Delayed
SO03330,2024-10-11,C006,P003,R04,1758,233.27,410088.66,26,Completed
SO03331,2025-06-26,C024,P007,R02,1366,465.5,635873.0,6,Completed
SO03332,2024-04-01,C029,P005,R02,406,158.12,64196.72,27,Delayed
SO03333,2025-08-10,C027,P003,R03,222,38.78,8609.16,14,Completed
SO03334,2024-07-01,C017,P002,R03,1018,143.03,145604.54,20,Completed
SO03335,2024-02-13,C041,P002,R02,275,441.25,121343.75,18,Completed
SO03336,2025-01-24,C035,P003,R02,1883,155.22,292279.26,20,Completed
SO03337,2024-08-30,C038,P002,R02,743,255.92,190148.56,16,Completed
SO03338,2023-02-27,C012,P002,R01,870,154.99,134841.3,27,Delayed
SO03339,2025-11-08,C040,P001,R01,1779,58.75,104516.25,27,Delayed
SO03340,2024-09-10,C042,P007,R04,979,147.35,144255.65,23,Completed
SO03341,2024-05-05,C033,P007,R02,1453,169.18,245818.54,18,Completed
SO03342,2025-03-01,C020,P008,R01,715,468.14,334720.1,15,Completed
SO03343,2024-03-20,C008,P008,R04,951,174.96,166386.96,24,Completed
SO03344,2023-07-22,C038,P002,R02,1986,437.67,869212.62,19,Completed
SO03345,2025-11-19,C032,P006,R02,1456,166.65,242642.4,9,Completed
SO03346,2023-12-18,C014,P006,R03,1985,312.09,619498.65,17,Completed
SO03347,2024-07-22,C042,P007,R04,475,23.64,11229.0,5,Completed
SO03348,2024-09-24,C007,P008,R02,180,483.33,86999.4,5,Completed
SO03349,2023-01-01,C014,P004,R03,1174,487.78,572653.72,23,Completed
SO03350,2023-08-10,C043,P001,R04,1863,175.76,327440.88,3,Completed
SO03351,2024-11-03,C046,P006,R01,1330,281.49,374381.7,11,Completed
SO03352,2025-05-23,C038,P008,R02,1752,70.9,124216.8,28,Delayed
SO03353,2024-09-27,C003,P001,R03,739,357.3,264044.7,8,Completed
SO03354,2023-07-05,C024,P003,R02,1127,480.83,541895.41,18,Completed
SO03355,2025-08-14,C028,P003,R04,353,283.06,99920.18,18,Completed
SO03356,2025-12-04,C050,P003,R04,269,34.72,9339.68,21,Completed
SO03357,2025-09-17,C014,P001,R03,1142,192.78,220154.76,10,Completed
SO03358,2023-10-20,C011,P006,R04,709,369.81,262195.29,20,Completed
SO03359,2025-04-14,C016,P004,R03,259,383.61,99354.99,3,Completed
SO03360,2025-03-08,C025,P001,R01,908,228.56,207532.48,14,Completed
SO03361,2025-06-24,C008,P003,R04,1307,483.41,631816.87,20,Completed
SO03362,2023-03-02,C035,P006,R02,1427,117.58,167786.66,25,Completed
SO03363,2024-11-06,C015,P003,R04,196,60.76,11908.96,18,Completed
SO03364,2025-08-26,C038,P007,R02,970,393.66,381850.2,12,Completed
SO03365,2024-02-03,C046,P001,R01,1718,495.55,851354.9,18,Completed
SO03366,2023-11-18,C018,P002,R04,782,360.57,281965.74,20,Completed
SO03367,2025-11-08,C031,P003,R02,1519,351.26,533563.94,13,Completed
SO03368,2023-12-26,C045,P006,R03,844,207.51,175138.44,22,Completed
SO03369,2024-08-09,C029,P005,R02,1024,75.94,77762.56,25,Completed
SO03370,2023-01-20,C030,P007,R02,921,427.42,393653.82,12,Completed
SO03371,2023-02-22,C036,P002,R04,1307,130.36,170380.52,6,Completed
SO03372,2024-12-20,C020,P004,R01,1006,201.93,203141.58,15,Completed
SO03373,2024-01-09,C048,P003,R04,1905,418.46,797166.3,19,Completed
SO03374,2023-01-17,C004,P008,R03,793,446.59,354145.87,24,Completed
SO03375,2025-02-27,C010,P002,R04,1736,466.52,809878.72,26,Completed
SO03376,2025-12-06,C027,P004,R03,400,349.19,139676.0,9,Completed
SO03377,2023-06-19,C035,P004,R02,670,217.49,145718.3,23,Completed
SO03378,2025-09-16,C008,P008,R04,401,69.92,28037.92,11,Completed
SO03379,2023-06-29,C034,P005,R02,1690,95.16,160820.4,24,Completed
SO03380,2024-09-21,C004,P003,R03,544,231.03,125680.32,21,Completed
SO03381,2023-03-06,C042,P004,R04,617,285.91,176406.47,6,Completed
SO03382,2024-10-28,C015,P005,R04,1419,222.19,315287.61,11,Completed
SO03383,2024-12-02,C026,P002,R04,433,44.17,19125.61,23,Completed
SO03384,2023-10-27,C013,P002,R01,1914,299.29,572841.06,17,Completed
SO03385,2024-10-02,C017,P004,R03,1658,106.83,177124.14,21,Completed
SO03386,2025-10-03,C006,P004,R04,157,87.6,13753.2,7,Completed
SO03387,2023-10-28,C010,P001,R04,352,420.0,147840.0,12,Completed
SO03388,2024-09-14,C037,P001,R04,908,321.41,291840.28,6,Completed
SO03389,2025-09-24,C001,P007,R01,380,323.23,122827.4,29,Delayed
SO03390,2024-10-10,C002,P007,R04,192,78.19,15012.48,22,Completed
SO03391,2025-12-27,C042,P001,R04,1108,350.86,388752.88,11,Completed
SO03392,2024-10-20,C038,P005,R02,1529,447.74,684594.46,10,Completed
SO03393,2023-12-25,C004,P006,R03,1249,364.0,454636.0,11,Completed
SO03394,2025-06-06,C006,P007,R04,1954,175.95,343806.3,26,Completed
SO03395,2023-02-22,C034,P008,R02,779,453.45,353237.55,5,Completed
SO03396,2025-06-27,C007,P002,R02,53,365.35,19363.55,9,Completed
SO03397,2025-07-01,C031,P003,R02,971,326.7,317225.7,7,Completed
SO03398,2025-11-24,C033,P007,R02,54,396.67,21420.18,24,Completed
SO03399,2024-05-01,C017,P003,R03,612,351.44,215081.28,28,Delayed
SO03400,2024-01-07,C042,P004,R04,770,133.23,102587.1,19,Completed
SO03401,2025-01-30,C037,P001,R04,601,173.14,104057.14,11,Completed
SO03402,2025-03-01,C031,P004,R02,721,463.27,334017.67,19,Completed
SO03403,2024-10-30,C035,P004,R02,1103,291.0,320973.0,21,Completed
SO03404,2025-01-18,C006,P003,R04,851,372.63,317108.13,27,Delayed
SO03405,2025-10-25,C038,P003,R02,1523,59.71,90938.33,7,Completed
SO03406,2024-08-14,C045,P002,R03,1807,159.99,289101.93,14,Completed
SO03407,2025-02-25,C038,P006,R02,819,323.83,265216.77,24,Completed
SO03408,2025-12-24,C036,P005,R04,636,28.3,17998.8,26,Completed
SO03409,2025-06-20,C032,P006,R02,1901,130.93,248897.93,19,Completed
SO03410,2023-04-21,C048,P003,R04,156,343.38,53567.28,9,Completed
SO03411,2024-04-03,C020,P005,R01,216,183.05,39538.8,14,Completed
SO03412,2025-09-03,C048,P002,R04,792,196.92,155960.64,7,Completed
SO03413,2025-05-28,C019,P007,R04,418,262.66,109791.88,23,Completed
SO03414,2023-12-21,C050,P001,R04,932,476.31,443920.92,28,Delayed
SO03415,2025-10-04,C009,P008,R02,1721,454.87,782831.27,25,Completed
SO03416,2025-05-13,C046,P004,R01,198,469.98,93056.04,4,Completed
SO03417,2023-11-23,C036,P005,R04,157,68.97,10828.29,24,Completed
SO03418,2023-12-01,C016,P008,R03,1638,197.46,323439.48,26,Completed
SO03419,2023-01-02,C024,P006,R02,629,171.08,107609.32,20,Completed
SO03420,2024-08-03,C010,P003,R04,1968,220.43,433806.24,19,Completed
SO03421,2025-04-11,C017,P001,R03,1405,267.32,375584.6,14,Completed
SO03422,2025-10-09,C042,P003,R04,1891,66.88,126470.08,8,Completed
SO03423,2024-02-02,C012,P003,R01,738,199.83,147474.54,16,Completed
SO03424,2025-11-08,C011,P003,R04,1299,208.99,271478.01,5,Completed
SO03425,2023-03-06,C008,P005,R04,1508,218.39,329332.12,28,Delayed
SO03426,2024-02-25,C011,P001,R04,998,459.27,458351.46,4,Completed
SO03427,2025-11-11,C025,P001,R01,733,272.72,199903.76,29,Delayed
SO03428,2024-08-04,C004,P006,R03,1597,137.71,219922.87,13,Completed
SO03429,2024-01-14,C015,P001,R04,1115,168.48,187855.2,23,Completed
SO03430,2024-06-10,C030,P002,R02,1734,456.12,790912.08,25,Completed
SO03431,2025-11-13,C020,P005,R01,1607,226.59,364130.13,10,Completed
SO03432,2025-08-30,C040,P008,R01,126,115.64,14570.64,26,Completed
SO03433,2024-10-17,C015,P002,R04,1598,160.93,257166.14,20,Completed
SO03434,2025-05-08,C037,P005,R04,1879,484.17,909755.43,29,Delayed
SO03435,2025-04-22,C015,P003,R04,592,475.85,281703.2,27,Delayed
SO03436,2023-10-06,C031,P006,R02,661,347.97,230008.17,5,Completed
SO03437,2023-03-14,C001,P005,R01,989,215.18,212813.02,7,Completed
SO03438,2025-02-25,C028,P007,R04,1278,164.3,209975.4,29,Delayed
SO03439,2025-11-01,C022,P006,R02,816,208.55,170176.8,22,Completed
SO03440,2023-03-22,C026,P004,R04,138,176.89,24410.82,15,Completed
SO03441,2023-03-19,C012,P004,R01,1604,216.13,346672.52,8,Completed
SO03442,2024-02-28,C036,P005,R04,1142,55.9,63837.8,12,Completed
SO03443,2025-10-14,C010,P005,R04,165,79.16,13061.4,21,Completed
SO03444,2023-02-19,C005,P007,R04,77,354.73,27314.21,16,Completed
SO03445,2025-08-03,C008,P007,R04,1917,271.78,521002.26,18,Completed
SO03446,2023-09-28,C040,P003,R01,1272,156.78,199424.16,26,Completed
SO03447,2023-07-11,C003,P001,R03,482,177.61,85608.02,29,Delayed
SO03448,2024-06-21,C044,P008,R01,1892,367.77,695820.84,22,Completed
SO03449,2024-04-22,C048,P003,R04,908,483.81,439299.48,6,Completed
SO03450,2024-07-14,C023,P002,R04,390,316.38,123388.2,28,Delayed
SO03451,2024-03-11,C017,P003,R03,475,227.68,108148.0,5,Completed
SO03452,2025-01-07,C039,P002,R01,705,164.98,116310.9,13,Completed
SO03453,2025-06-02,C045,P004,R03,1077,197.13,212309.01,22,Completed
SO03454,2025-10-18,C018,P005,R04,216,285.38,61642.08,24,Completed
SO03455,2024-05-02,C031,P005,R02,1457,438.83,639375.31,8,Completed
SO03456,2023-10-20,C040,P005,R01,1031,234.29,241552.99,15,Completed
SO03457,2023-07-22,C043,P007,R04,1461,281.69,411549.09,14,Completed
SO03458,2025-11-24,C016,P004,R03,1975,471.97,932140.75,18,Completed
SO03459,2025-11-23,C037,P006,R04,218,171.83,37458.94,24,Completed
SO03460,2025-07-11,C030,P005,R02,1373,487.38,669172.74,20,Completed
SO03461,2024-11-08,C022,P007,R02,1838,236.3,434319.4,27,Delayed
SO03462,2023-12-26,C020,P008,R01,1967,272.83,536656.61,12,Completed
SO03463,2023-03-04,C041,P004,R02,911,96.7,88093.7,27,Delayed
SO03464,2023-05-28,C007,P006,R02,182,368.33,67036.06,12,Completed
SO03465,2024-12-05,C022,P005,R02,403,20.12,8108.36,13,Completed
SO03466,2023-04-29,C015,P001,R04,727,94.61,68781.47,20,Completed
SO03467,2024-08-05,C003,P005,R03,1727,163.43,282243.61,18,Completed
SO03468,2023-07-27,C006,P008,R04,1114,70.71,78770.94,4,Completed
SO03469,2023-12-01,C007,P006,R02,1130,271.63,306941.9,18,Completed
SO03470,2025-02-05,C010,P005,R04,503,310.52,156191.56,4,Completed
SO03471,2025-07-26,C009,P002,R02,744,40.81,30362.64,19,Completed
SO03472,2024-12-05,C036,P008,R04,646,333.63,215524.98,18,Completed
SO03473,2024-11-03,C045,P003,R03,1988,358.41,712519.08,23,Completed
SO03474,2025-05-02,C006,P003,R04,1553,131.8,204685.4,5,Completed
SO03475,2023-09-02,C017,P005,R03,600,499.35,299610.0,13,Completed
SO03476,2024-06-06,C024,P008,R02,1042,218.65,227833.3,14,Completed
SO03477,2023-02-24,C016,P005,R03,1630,294.47,479986.1,28,Delayed
SO03478,2025-01-08,C021,P002,R01,1630,142.86,232861.8,5,Completed
SO03479,2025-09-26,C041,P004,R02,1546,331.08,511849.68,8,Completed
SO03480,2024-09-22,C002,P003,R04,1615,254.81,411518.15,5,Completed
SO03481,2025-11-16,C033,P003,R02,1027,409.93,420998.11,24,Completed
SO03482,2025-06-27,C028,P005,R04,550,248.71,136790.5,27,Delayed
SO03483,2024-07-07,C044,P008,R01,1253,192.1,240701.3,7,Completed
SO03484,2023-10-14,C031,P008,R02,1920,209.85,402912.0,29,Delayed
SO03485,2024-11-01,C007,P005,R02,1339,349.48,467953.72,13,Completed
SO03486,2023-09-03,C043,P001,R04,1012,89.91,90988.92,28,Delayed
SO03487,2024-11-14,C024,P006,R02,1041,316.81,329799.21,4,Completed
SO03488,2025-09-24,C012,P006,R01,1457,318.29,463748.53,20,Completed
SO03489,2025-12-31,C016,P006,R03,1617,258.68,418285.56,4,Completed
SO03490,2024-01-10,C007,P001,R02,1490,284.76,424292.4,22,Completed
SO03491,2025-02-28,C011,P001,R04,156,297.06,46341.36,17,Completed
SO03492,2024-02-11,C050,P006,R04,1569,80.51,126320.19,18,Completed
SO03493,2024-01-10,C024,P002,R02,1395,439.09,612530.55,3,Completed
SO03494,2023-11-19,C036,P002,R04,1178,266.84,314337.52,3,Completed
SO03495,2025-03-24,C030,P001,R02,509,301.02,153219.18,18,Completed
SO03496,2024-06-17,C048,P006,R04,1724,256.77,442671.48,6,Completed
SO03497,2023-12-22,C019,P008,R04,1048,147.62,154705.76,21,Completed
SO03498,2023-11-27,C022,P004,R02,85,199.62,16967.7,28,Delayed
SO03499,2025-04-19,C005,P006,R04,1511,35.45,53564.95,27,Delayed
SO03500,2025-05-31,C009,P004,R02,1837,354.44,651106.28,14,Completed
SO03501,2023-10-16,C017,P006,R03,1206,108.04,130296.24,15,Completed
SO03502,2023-08-17,C050,P007,R04,1843,497.62,917113.66,15,Completed
SO03503,2025-05-20,C025,P008,R01,252,230.13,57992.76,12,Completed
SO03504,2023-05-07,C045,P007,R03,1815,139.19,252629.85,21,Completed
SO03505,2023-08-08,C015,P004,R04,1502,324.25,487023.5,7,Completed
SO03506,2025-12-04,C041,P001,R02,160,49.88,7980.8,10,Completed
SO03507,2024-12-26,C022,P004,R02,856,382.09,327069.04,20,Completed
SO03508,2024-08-09,C001,P002,R01,166,290.88,48286.08,4,Completed
SO03509,2023-08-22,C041,P006,R02,1467,485.86,712756.62,9,Completed
SO03510,2024-02-28,C042,P006,R04,1513,220.01,332875.13,6,Completed
SO03511,2024-03-17,C017,P003,R03,1400,105.79,148106.0,20,Completed
SO03512,2024-07-02,C031,P005,R02,1166,314.29,366462.14,5,Completed
SO03513,2025-08-05,C036,P004,R04,1509,56.12,84685.08,26,Completed
SO03514,2025-02-14,C029,P003,R02,1560,88.84,138590.4,9,Completed
SO03515,2023-03-29,C050,P003,R04,258,355.98,91842.84,19,Completed
SO03516,2024-12-16,C009,P004,R02,493,230.75,113759.75,3,Completed
SO03517,2023-07-17,C006,P005,R04,1772,268.58,475923.76,28,Delayed
SO03518,2025-09-29,C009,P003,R02,1690,25.85,43686.5,19,Completed
SO03519,2024-08-12,C035,P004,R02,354,119.09,42157.86,23,Completed
SO03520,2025-05-19,C034,P006,R02,1977,225.78,446367.06,18,Completed
SO03521,2024-10-14,C015,P001,R04,693,455.76,315841.68,17,Completed
SO03522,2023-02-02,C038,P005,R02,1717,122.74,210744.58,5,Completed
SO03523,2024-10-19,C009,P006,R02,179,375.59,67230.61,23,Completed
SO03524,2025-07-28,C028,P007,R04,384,324.05,124435.2,25,Completed
SO03525,2025-04-27,C008,P001,R04,559,274.51,153451.09,19,Completed
SO03526,2025-09-19,C024,P001,R02,865,478.29,413720.85,4,Completed
SO03527,2024-04-10,C033,P008,R02,1218,416.96,507857.28,12,Completed
SO03528,2023-04-26,C037,P004,R04,1649,490.66,809098.34,20,Completed
SO03529,2024-02-21,C027,P005,R03,1131,162.6,183900.6,9,Completed
SO03530,2024-09-12,C039,P001,R01,417,292.07,121793.19,17,Completed
SO03531,2025-07-31,C020,P004,R01,973,63.86,62135.78,28,Delayed
SO03532,2024-03-04,C012,P006,R01,664,409.98,272226.72,22,Completed
SO03533,2024-09-30,C048,P006,R04,1526,156.13,238254.38,25,Completed
SO03534,2024-09-15,C010,P002,R04,502,402.35,201979.7,12,Completed
SO03535,2024-11-18,C020,P003,R01,1308,300.54,393106.32,4,Completed
SO03536,2024-02-03,C028,P008,R04,1662,157.06,261033.72,10,Completed
SO03537,2024-10-12,C050,P003,R04,906,146.31,132556.86,15,Completed
SO03538,2024-02-04,C021,P001,R01,1065,38.22,40704.3,14,Completed
SO03539,2023-02-06,C032,P008,R02,1516,267.3,405226.8,28,Delayed
SO03540,2024-06-25,C039,P004,R01,1206,479.68,578494.08,24,Completed
SO03541,2024-11-16,C023,P007,R04,1704,244.79,417122.16,19,Completed
SO03542,2024-04-14,C026,P008,R04,1076,133.26,143387.76,26,Completed
SO03543,2025-05-27,C017,P005,R03,1274,98.63,125654.62,25,Completed
SO03544,2023-07-09,C046,P004,R01,1963,144.31,283280.53,23,Completed
SO03545,2024-11-20,C022,P002,R02,629,232.77,146412.33,25,Completed
SO03546,2024-06-15,C048,P002,R04,256,470.93,120558.08,11,Completed
SO03547,2025-11-25,C007,P005,R02,789,328.95,259541.55,10,Completed
SO03548,2024-08-05,C034,P003,R02,1309,250.68,328140.12,8,Completed
SO03549,2025-09-11,C030,P008,R02,1461,387.76,566517.36,9,Completed
SO03550,2024-05-11,C002,P002,R04,1821,356.3,648822.3,24,Completed
SO03551,2024-11-17,C021,P005,R01,1588,404.93,643028.84,4,Completed
SO03552,2025-10-31,C027,P002,R03,762,137.23,104569.26,25,Completed
SO03553,2024-01-16,C016,P003,R03,59,114.43,6751.37,28,Delayed
SO03554,2023-08-31,C028,P006,R04,1347,162.4,218752.8,9,Completed
SO03555,2023-08-26,C045,P005,R03,760,441.09,335228.4,22,Completed
SO03556,2024-09-01,C028,P001,R04,401,172.2,69052.2,26,Completed
SO03557,2025-11-20,C050,P003,R04,192,289.75,55632.0,13,Completed
SO03558,2025-01-14,C039,P008,R01,1469,435.57,639852.33,12,Completed
SO03559,2024-02-24,C011,P008,R04,1258,224.24,282093.92,27,Delayed
SO03560,2024-11-04,C048,P001,R04,303,485.04,146967.12,18,Completed
SO03561,2024-02-03,C036,P006,R04,1996,157.02,313411.92,19,Completed
SO03562,2025-04-13,C006,P002,R04,743,72.22,53659.46,20,Completed
SO03563,2025-08-01,C005,P007,R04,96,175.94,16890.24,28,Delayed
SO03564,2025-07-11,C028,P003,R04,1500,396.62,594930.0,19,Completed
SO03565,2025-07-08,C008,P001,R04,1463,489.11,715567.93,28,Delayed
SO03566,2024-12-06,C022,P003,R02,748,384.82,287845.36,24,Completed
SO03567,2023-04-07,C033,P005,R02,1586,458.81,727672.66,11,Completed
SO03568,2023-11-14,C008,P006,R04,79,117.82,9307.78,11,Completed
SO03569,2024-06-28,C033,P004,R02,1470,467.81,687680.7,10,Completed
SO03570,2024-09-12,C044,P001,R01,1058,229.8,243128.4,14,Completed
SO03571,2023-02-07,C031,P007,R02,1565,282.12,441517.8,16,Completed
SO03572,2023-10-15,C020,P001,R01,1720,315.39,542470.8,27,Delayed
SO03573,2025-07-13,C012,P006,R01,1206,414.2,499525.2,5,Completed
SO03574,2025-03-24,C016,P008,R03,79,328.56,25956.24,12,Completed
SO03575,2025-09-28,C029,P005,R02,497,401.33,199461.01,16,Completed
SO03576,2024-08-06,C003,P007,R03,1622,347.86,564228.92,21,Completed
SO03577,2023-11-29,C023,P007,R04,1113,378.6,421381.8,21,Completed
SO03578,2024-01-02,C017,P001,R03,1705,85.71,146135.55,13,Completed
SO03579,2023-10-14,C030,P005,R02,1812,38.63,69997.56,22,Completed
SO03580,2025-03-14,C020,P007,R01,1243,322.73,401153.39,13,Completed
SO03581,2024-02-01,C019,P005,R04,1413,140.47,198484.11,28,Delayed
SO03582,2024-08-27,C040,P003,R01,814,126.95,103337.3,22,Completed
SO03583,2025-06-01,C034,P004,R02,932,90.74,84569.68,13,Completed
SO03584,2023-12-29,C016,P005,R03,1264,205.37,259587.68,9,Completed
SO03585,2023-10-04,C033,P008,R02,645,290.37,187288.65,11,Completed
SO03586,2023-11-22,C027,P001,R03,663,480.11,318312.93,10,Completed
SO03587,2024-05-01,C028,P008,R04,460,371.81,171032.6,19,Completed
SO03588,2023-02-04,C030,P001,R02,71,294.12,20882.52,22,Completed
SO03589,2025-12-29,C039,P005,R01,652,180.33,117575.16,24,Completed
SO03590,2023-04-26,C014,P006,R03,248,53.43,13250.64,7,Completed
SO03591,2024-11-29,C030,P005,R02,1487,451.17,670889.79,12,Completed
SO03592,2023-07-16,C035,P005,R02,1892,391.65,741001.8,9,Completed
SO03593,2024-04-17,C007,P002,R02,1719,212.29,364926.51,18,Completed
SO03594,2025-03-02,C019,P004,R04,1059,199.01,210751.59,8,Completed
SO03595,2025-12-07,C020,P005,R01,840,166.53,139885.2,8,Completed
SO03596,2025-10-27,C050,P003,R04,738,178.61,131814.18,26,Completed
SO03597,2023-03-20,C036,P001,R04,888,161.97,143829.36,18,Completed
SO03598,2023-04-28,C002,P005,R04,266,399.44,106251.04,20,Completed
SO03599,2023-08-26,C045,P002,R03,525,322.76,169449.0,24,Completed
SO03600,2024-08-05,C021,P004,R01,306,375.45,114887.7,28,Delayed
SO03601,2023-05-20,C017,P004,R03,765,27.99,21412.35,25,Completed
SO03602,2025-02-01,C026,P003,R04,592,433.78,256797.76,28,Delayed
SO03603,2023-09-29,C044,P003,R01,642,113.39,72796.38,4,Completed
SO03604,2023-07-13,C042,P005,R04,408,475.77,194114.16,17,Completed
SO03605,2025-09-26,C040,P003,R01,817,429.75,351105.75,19,Completed
SO03606,2025-04-18,C013,P007,R01,1832,76.69,140496.08,6,Completed
SO03607,2025-05-05,C017,P008,R03,399,277.06,110546.94,27,Delayed
SO03608,2023-08-23,C035,P004,R02,1011,142.17,143733.87,9,Completed
SO03609,2025-05-09,C034,P007,R02,552,106.71,58903.92,24,Completed
SO03610,2023-04-20,C002,P003,R04,1297,395.54,513015.38,5,Completed
SO03611,2023-09-06,C011,P006,R04,1059,251.41,266243.19,17,Completed
SO03612,2024-03-04,C011,P006,R04,227,451.38,102463.26,17,Completed
SO03613,2024-12-03,C022,P001,R02,165,494.87,81653.55,18,Completed
SO03614,2024-06-30,C047,P007,R04,978,193.98,189712.44,9,Completed
SO03615,2023-04-02,C015,P003,R04,824,78.1,64354.4,12,Completed
SO03616,2025-04-04,C012,P004,R01,79,400.89,31670.31,22,Completed
SO03617,2024-07-11,C007,P005,R02,985,493.77,486363.45,10,Completed
SO03618,2024-05-09,C018,P007,R04,579,443.92,257029.68,7,Completed
SO03619,2024-09-13,C023,P003,R04,401,411.33,164943.33,15,Completed
SO03620,2024-02-09,C015,P004,R04,907,63.13,57258.91,12,Completed
SO03621,2023-11-24,C022,P001,R02,177,189.21,33490.17,8,Completed
SO03622,2023-11-11,C007,P005,R02,1629,332.55,541723.95,4,Completed
SO03623,2024-07-19,C025,P006,R01,1091,312.08,340479.28,21,Completed
SO03624,2025-02-05,C043,P001,R04,1142,34.29,39159.18,10,Completed
SO03625,2025-08-15,C001,P008,R01,105,251.37,26393.85,13,Completed
SO03626,2023-10-30,C023,P006,R04,193,364.61,70369.73,26,Completed
SO03627,2023-08-17,C037,P008,R04,1458,138.03,201247.74,27,Delayed
SO03628,2023-01-16,C035,P006,R02,1751,400.33,700977.83,19,Completed
SO03629,2025-01-24,C009,P005,R02,861,230.16,198167.76,5,Completed
SO03630,2024-11-29,C046,P001,R01,1432,365.92,523997.44,7,Completed
SO03631,2024-05-13,C013,P004,R01,1463,154.37,225843.31,18,Completed
SO03632,2025-06-07,C006,P005,R04,1531,128.46,196672.26,23,Completed
SO03633,2023-08-06,C029,P007,R02,398,496.57,197634.86,4,Completed
SO03634,2025-03-16,C026,P002,R04,1330,414.9,551817.0,6,Completed
SO03635,2025-01-17,C034,P003,R02,1842,192.4,354400.8,18,Completed
SO03636,2023-04-15,C028,P003,R04,1037,148.5,153994.5,26,Completed
SO03637,2023-09-09,C007,P005,R02,1446,390.51,564677.46,22,Completed
SO03638,2025-05-30,C049,P002,R03,509,381.74,194305.66,16,Completed
SO03639,2023-02-13,C021,P004,R01,929,491.27,456389.83,4,Completed
SO03640,2024-04-28,C020,P001,R01,791,305.64,241761.24,25,Completed
SO03641,2024-05-12,C024,P006,R02,731,342.45,250330.95,5,Completed
SO03642,2025-09-03,C048,P003,R04,1437,273.55,393091.35,13,Completed
SO03643,2023-07-04,C041,P002,R02,1693,461.55,781404.15,18,Completed
SO03644,2024-05-09,C032,P008,R02,863,329.4,284272.2,20,Completed
SO03645,2023-07-23,C008,P003,R04,274,172.4,47237.6,8,Completed
SO03646,2023-06-17,C044,P001,R01,1974,153.86,303719.64,9,Completed
SO03647,2024-08-31,C026,P003,R04,1503,493.31,741444.93,22,Completed
SO03648,2025-06-08,C032,P006,R02,1199,479.47,574884.53,26,Completed
SO03649,2024-08-17,C018,P006,R04,1725,90.5,156112.5,26,Completed
SO03650,2023-12-17,C016,P007,R03,1045,236.55,247194.75,9,Completed
SO03651,2024-04-12,C020,P008,R01,274,220.4,60389.6,28,Delayed
SO03652,2023-12-17,C021,P005,R01,202,207.79,41973.58,16,Completed
SO03653,2024-03-03,C048,P002,R04,1146,52.36,60004.56,22,Completed
SO03654,2025-02-20,C021,P003,R01,1815,176.31,320002.65,16,Completed
SO03655,2024-02-08,C010,P007,R04,561,248.01,139133.61,15,Completed
SO03656,2024-08-02,C028,P001,R04,1332,169.41,225654.12,16,Completed
SO03657,2025-01-27,C047,P001,R04,564,448.27,252824.28,22,Completed
SO03658,2024-07-09,C009,P003,R02,1332,190.7,254012.4,18,Completed
SO03659,2024-08-07,C040,P007,R01,1047,466.23,488142.81,18,Completed
SO03660,2023-06-08,C036,P001,R04,1588,202.54,321633.52,3,Completed
SO03661,2024-10-31,C030,P004,R02,1758,135.46,238138.68,20,Completed
SO03662,2025-07-27,C007,P007,R02,1496,347.23,519456.08,26,Completed
SO03663,2024-08-09,C016,P004,R03,858,69.04,59236.32,26,Completed
SO03664,2024-03-18,C005,P001,R04,805,341.48,274891.4,20,Completed
SO03665,2024-03-25,C035,P004,R02,1378,86.59,119321.02,16,Completed
SO03666,2024-09-16,C020,P005,R01,1363,353.63,481997.69,12,Completed
SO03667,2023-08-05,C027,P006,R03,518,455.27,235829.86,27,Delayed
SO03668,2024-12-08,C049,P003,R03,898,455.01,408598.98,18,Completed
SO03669,2024-03-24,C015,P004,R04,850,477.01,405458.5,17,Completed
SO03670,2024-02-02,C045,P005,R03,1313,289.8,380507.4,13,Completed
SO03671,2023-04-12,C017,P004,R03,1206,257.17,310147.02,3,Completed
SO03672,2024-01-03,C048,P003,R04,1347,273.93,368983.71,4,Completed
SO03673,2025-03-18,C011,P008,R04,1867,39.68,74082.56,10,Completed
SO03674,2025-01-28,C017,P008,R03,1025,316.2,324105.0,7,Completed
SO03675,2025-11-05,C048,P005,R04,1289,337.51,435050.39,11,Completed
SO03676,2025-06-09,C036,P006,R04,644,450.78,290302.32,11,Completed
SO03677,2024-10-08,C035,P001,R02,1275,398.05,507513.75,16,Completed
SO03678,2023-04-22,C001,P006,R01,271,293.4,79511.4,28,Delayed
SO03679,2024-02-10,C021,P001,R01,1216,174.09,211693.44,15,Completed
SO03680,2025-08-17,C007,P002,R02,460,474.66,218343.6,18,Completed
SO03681,2023-10-31,C013,P007,R01,1658,305.57,506635.06,3,Completed
SO03682,2025-02-16,C016,P002,R03,711,410.7,292007.7,28,Delayed
SO03683,2023-12-26,C017,P006,R03,1646,263.38,433523.48,28,Delayed
SO03684,2023-10-06,C033,P006,R02,1800,493.41,888138.0,13,Completed
SO03685,2024-05-06,C040,P001,R01,884,383.11,338669.24,15,Completed
SO03686,2023-01-21,C045,P005,R03,967,133.66,129249.22,29,Delayed
SO03687,2025-11-13,C013,P001,R01,1307,467.49,611009.43,7,Completed
SO03688,2025-12-21,C048,P004,R04,458,329.58,150947.64,25,Completed
SO03689,2024-11-29,C031,P007,R02,1550,258.5,400675.0,11,Completed
SO03690,2024-12-04,C018,P004,R04,452,27.83,12579.16,28,Delayed
SO03691,2023-02-25,C019,P007,R04,1879,296.07,556315.53,18,Completed
SO03692,2023-10-23,C002,P003,R04,93,42.06,3911.58,29,Delayed
SO03693,2024-01-17,C021,P008,R01,760,134.59,102288.4,8,Completed
SO03694,2025-07-11,C025,P002,R01,1983,55.25,109560.75,6,Completed
SO03695,2023-04-03,C035,P008,R02,1428,235.08,335694.24,25,Completed
SO03696,2025-08-04,C025,P002,R01,1041,278.25,289658.25,19,Completed
SO03697,2024-08-11,C020,P004,R01,945,28.99,27395.55,15,Completed
SO03698,2025-06-13,C016,P005,R03,545,292.81,159581.45,29,Delayed
SO03699,2023-04-08,C029,P006,R02,1332,263.36,350795.52,13,Completed
SO03700,2023-10-13,C047,P003,R04,771,478.34,368800.14,22,Completed
SO03701,2023-06-28,C040,P007,R01,1293,79.15,102340.95,18,Completed
SO03702,2023-11-17,C038,P008,R02,1797,292.55,525712.35,9,Completed
SO03703,2025-11-15,C024,P006,R02,976,93.04,90807.04,28,Delayed
SO03704,2023-05-08,C007,P004,R02,806,220.32,177577.92,10,Completed
SO03705,2023-06-23,C021,P005,R01,1586,113.03,179265.58,20,Completed
SO03706,2023-06-09,C025,P006,R01,244,277.45,67697.8,16,Completed
SO03707,2024-04-25,C005,P003,R04,1354,442.72,599442.88,10,Completed
SO03708,2024-11-04,C010,P008,R04,611,422.52,258159.72,9,Completed
SO03709,2024-07-25,C033,P007,R02,1582,104.5,165319.0,14,Completed
SO03710,2024-06-16,C003,P005,R03,523,250.21,130859.83,16,Completed
SO03711,2024-01-12,C008,P004,R04,231,180.13,41610.03,22,Completed
SO03712,2024-03-29,C038,P001,R02,1999,425.65,850874.35,19,Completed
SO03713,2025-09-26,C046,P008,R01,717,367.62,263583.54,18,Completed
SO03714,2024-08-26,C005,P008,R04,511,219.47,112149.17,25,Completed
SO03715,2024-06-20,C031,P004,R02,455,320.95,146032.25,29,Delayed
SO03716,2023-07-05,C013,P006,R01,388,187.75,72847.0,12,Completed
SO03717,2024-09-22,C040,P007,R01,1463,476.73,697455.99,9,Completed
SO03718,2024-03-18,C021,P007,R01,1110,417.8,463758.0,5,Completed
SO03719,2024-11-10,C017,P002,R03,872,407.79,355592.88,8,Completed
SO03720,2023-01-15,C013,P003,R01,74,57.43,4249.82,3,Completed
SO03721,2024-01-20,C019,P008,R04,1382,415.74,574552.68,14,Completed
SO03722,2023-05-08,C020,P006,R01,654,253.96,166089.84,16,Completed
SO03723,2024-06-01,C022,P003,R02,921,456.61,420537.81,27,Delayed
SO03724,2023-07-10,C034,P005,R02,764,390.76,298540.64,17,Completed
SO03725,2023-07-19,C046,P006,R01,755,479.6,362098.0,10,Completed
SO03726,2024-10-06,C045,P002,R03,1362,342.27,466171.74,24,Completed
SO03727,2025-08-30,C024,P002,R02,895,149.21,133542.95,7,Completed
SO03728,2023-12-30,C033,P001,R02,621,332.66,206581.86,27,Delayed
SO03729,2023-09-19,C013,P007,R01,1437,344.85,495549.45,20,Completed
SO03730,2023-11-03,C036,P007,R04,386,477.25,184218.5,14,Completed
SO03731,2024-12-18,C027,P002,R03,1197,24.78,29661.66,28,Delayed
SO03732,2025-10-13,C016,P004,R03,1576,286.72,451870.72,27,Delayed
SO03733,2025-05-18,C018,P006,R04,334,24.6,8216.4,4,Completed
SO03734,2025-12-28,C008,P007,R04,60,246.34,14780.4,6,Completed
SO03735,2024-11-21,C016,P007,R03,805,244.89,197136.45,9,Completed
SO03736,2024-05-28,C046,P001,R01,511,356.23,182033.53,16,Completed
SO03737,2023-04-13,C023,P008,R04,1809,430.02,777906.18,29,Delayed
SO03738,2023-06-22,C034,P007,R02,1870,163.28,305333.6,5,Completed
SO03739,2024-03-25,C007,P006,R02,730,248.78,181609.4,12,Completed
SO03740,2023-11-08,C035,P006,R02,367,133.99,49174.33,11,Completed
SO03741,2023-01-24,C040,P002,R01,377,385.84,145461.68,24,Completed
SO03742,2024-06-17,C043,P006,R04,299,276.08,82547.92,8,Completed
SO03743,2025-10-09,C023,P007,R04,1871,62.07,116132.97,26,Completed
SO03744,2025-02-01,C039,P008,R01,1699,91.24,155016.76,4,Completed
SO03745,2025-10-17,C042,P003,R04,1253,449.07,562684.71,21,Completed
SO03746,2023-03-06,C030,P004,R02,169,30.07,5081.83,4,Completed
SO03747,2024-01-05,C025,P004,R01,1063,478.88,509049.44,3,Completed
SO03748,2024-05-27,C007,P002,R02,1342,312.71,419656.82,25,Completed
SO03749,2023-02-10,C040,P003,R01,1082,224.5,242909.0,13,Completed
SO03750,2023-10-29,C015,P008,R04,154,428.93,66055.22,27,Delayed
SO03751,2024-12-23,C031,P003,R02,1666,99.95,166516.7,25,Completed
SO03752,2023-03-11,C010,P004,R04,697,268.23,186956.31,28,Delayed
SO03753,2024-08-09,C001,P001,R01,1249,335.11,418552.39,17,Completed
SO03754,2025-02-18,C003,P006,R03,1489,352.86,525408.54,12,Completed
SO03755,2024-11-13,C039,P005,R01,1732,167.2,289590.4,19,Completed
SO03756,2025-06-07,C001,P008,R01,1587,483.27,766949.49,15,Completed
SO03757,2024-08-13,C016,P001,R03,1845,444.76,820582.2,19,Completed
SO03758,2023-12-19,C002,P008,R04,1524,481.39,733638.36,17,Completed
SO03759,2023-01-11,C049,P004,R03,1237,244.95,303003.15,25,Completed
SO03760,2025-07-19,C028,P003,R04,518,166.41,86200.38,21,Completed
SO03761,2024-12-06,C039,P001,R01,532,278.76,148300.32,25,Completed
SO03762,2023-06-28,C035,P006,R02,1322,106.93,141361.46,26,Completed
SO03763,2024-05-26,C039,P002,R01,750,109.65,82237.5,29,Delayed
SO03764,2024-06-15,C011,P004,R04,502,360.13,180785.26,21,Completed
SO03765,2024-03-10,C035,P005,R02,1596,358.44,572070.24,4,Completed
SO03766,2025-03-11,C025,P005,R01,398,368.33,146595.34,17,Completed
SO03767,2024-11-05,C040,P005,R01,1606,22.09,35476.54,21,Completed
SO03768,2025-02-26,C008,P007,R04,1243,184.2,228960.6,24,Completed
SO03769,2023-06-09,C024,P004,R02,1263,322.14,406862.82,5,Completed
SO03770,2024-08-19,C030,P001,R02,674,169.13,113993.62,9,Completed
SO03771,2025-09-10,C044,P003,R01,330,248.47,81995.1,4,Completed
SO03772,2023-10-08,C037,P003,R04,1724,343.66,592469.84,9,Completed
SO03773,2025-07-11,C011,P005,R04,556,319.92,177875.52,6,Completed
SO03774,2024-11-21,C043,P006,R04,1645,37.25,61276.25,9,Completed
SO03775,2025-02-08,C024,P006,R02,1138,401.28,456656.64,14,Completed
SO03776,2025-11-19,C040,P008,R01,924,427.64,395139.36,17,Completed
SO03777,2025-11-07,C021,P007,R01,59,250.59,14784.81,18,Completed
SO03778,2025-02-17,C040,P001,R01,430,446.76,192106.8,10,Completed
SO03779,2024-04-01,C011,P004,R04,1781,448.17,798190.77,5,Completed
SO03780,2023-09-08,C012,P008,R01,134,373.81,50090.54,23,Completed
SO03781,2025-01-01,C001,P005,R01,1266,418.78,530175.48,17,Completed
SO03782,2024-04-05,C009,P006,R02,1092,81.81,89336.52,6,Completed
SO03783,2024-11-03,C027,P003,R03,734,345.28,253435.52,20,Completed
SO03784,2023-11-12,C041,P004,R02,1719,91.91,157993.29,5,Completed
SO03785,2025-10-05,C013,P003,R01,1990,73.3,145867.0,18,Completed
SO03786,2025-12-13,C044,P003,R01,1726,494.44,853403.44,11,Completed
SO03787,2024-08-15,C037,P001,R04,457,152.18,69546.26,11,Completed
SO03788,2024-06-30,C050,P002,R04,416,277.43,115410.88,15,Completed
SO03789,2024-02-22,C018,P005,R04,429,170.4,73101.6,21,Completed
SO03790,2023-08-08,C034,P001,R02,772,446.92,345022.24,20,Completed
SO03791,2024-05-25,C039,P007,R01,503,431.97,217280.91,11,Completed
SO03792,2023-03-31,C021,P005,R01,218,20.41,4449.38,25,Completed
SO03793,2024-02-06,C025,P002,R01,1592,497.58,792147.36,22,Completed
SO03794,2025-06-13,C033,P005,R02,128,370.93,47479.04,16,Completed
SO03795,2024-07-14,C007,P003,R02,1882,439.65,827421.3,14,Completed
SO03796,2025-11-05,C035,P008,R02,1779,180.89,321803.31,8,Completed
SO03797,2025-03-10,C009,P003,R02,734,199.34,146315.56,26,Completed
SO03798,2025-02-19,C019,P003,R04,1743,372.19,648727.17,15,Completed
SO03799,2025-10-01,C038,P003,R02,1488,464.5,691176.0,19,Completed
SO03800,2025-02-23,C026,P001,R04,1086,394.32,428231.52,24,Completed
SO03801,2025-04-08,C039,P006,R01,758,344.6,261206.8,6,Completed
SO03802,2024-05-01,C036,P008,R04,1310,117.33,153702.3,10,Completed
SO03803,2023-06-10,C047,P001,R04,597,351.14,209630.58,24,Completed
SO03804,2024-04-19,C009,P007,R02,1089,371.33,404378.37,29,Delayed
SO03805,2023-12-28,C027,P008,R03,1073,212.8,228334.4,17,Completed
SO03806,2023-11-15,C001,P001,R01,1166,382.69,446216.54,9,Completed
SO03807,2023-05-25,C033,P004,R02,1426,135.35,193009.1,10,Completed
SO03808,2024-06-04,C013,P005,R01,1636,341.93,559397.48,21,Completed
SO03809,2023-05-28,C003,P001,R03,1579,336.27,530970.33,13,Completed
SO03810,2023-02-20,C041,P003,R02,1806,366.31,661555.86,22,Completed
SO03811,2024-02-06,C050,P002,R04,917,45.88,42071.96,10,Completed
SO03812,2025-01-25,C006,P003,R04,1383,31.47,43523.01,23,Completed
SO03813,2025-02-09,C028,P003,R04,753,419.23,315680.19,23,Completed
SO03814,2024-03-17,C013,P002,R01,1891,194.93,368612.63,27,Delayed
SO03815,2025-05-14,C048,P002,R04,1735,492.02,853654.7,25,Completed
SO03816,2025-01-27,C032,P002,R02,1845,99.85,184223.25,15,Completed
SO03817,2024-01-24,C029,P008,R02,80,29.92,2393.6,24,Completed
SO03818,2025-10-20,C018,P007,R04,228,180.66,41190.48,14,Completed
SO03819,2023-05-17,C009,P002,R02,1037,52.27,54203.99,19,Completed
SO03820,2025-07-03,C050,P003,R04,1863,89.47,166682.61,14,Completed
SO03821,2024-04-20,C026,P006,R04,248,496.72,123186.56,26,Completed
SO03822,2023-04-02,C038,P008,R02,1310,398.16,521589.6,10,Completed
SO03823,2024-07-25,C008,P001,R04,627,94.58,59301.66,8,Completed
SO03824,2024-11-24,C043,P007,R04,1857,281.86,523414.02,5,Completed
SO03825,2024-01-15,C039,P001,R01,1083,477.24,516850.92,3,Completed
SO03826,2024-07-21,C002,P001,R04,855,63.11,53959.05,6,Completed
SO03827,2023-02-23,C022,P008,R02,540,83.17,44911.8,19,Completed
SO03828,2024-09-07,C024,P001,R02,1936,264.89,512827.04,26,Completed
SO03829,2024-12-24,C007,P001,R02,1676,322.36,540275.36,11,Completed
SO03830,2024-12-01,C027,P002,R03,567,136.52,77406.84,27,Delayed
SO03831,2024-08-17,C005,P008,R04,263,374.77,98564.51,4,Completed
SO03832,2024-02-04,C050,P007,R04,1465,220.15,322519.75,14,Completed
SO03833,2025-05-28,C025,P001,R01,1917,174.91,335302.47,8,Completed
SO03834,2024-01-07,C045,P002,R03,1502,115.95,174156.9,26,Completed
SO03835,2023-12-06,C044,P005,R01,1811,70.04,126842.44,27,Delayed
SO03836,2024-12-22,C035,P003,R02,1058,377.27,399151.66,19,Completed
SO03837,2024-03-03,C039,P008,R01,179,204.41,36589.39,24,Completed
SO03838,2025-04-06,C016,P006,R03,1488,184.92,275160.96,11,Completed
SO03839,2024-07-14,C014,P007,R03,350,393.72,137802.0,14,Completed
SO03840,2025-01-07,C040,P004,R01,75,48.45,3633.75,9,Completed
SO03841,2025-10-20,C006,P001,R04,845,89.42,75559.9,15,Completed
SO03842,2023-06-27,C040,P002,R01,1238,257.82,319181.16,19,Completed
SO03843,2023-04-30,C013,P003,R01,1750,472.01,826017.5,27,Delayed
SO03844,2025-02-25,C007,P002,R02,649,297.78,193259.22,12,Completed
SO03845,2024-12-01,C041,P008,R02,436,494.74,215706.64,28,Delayed
SO03846,2023-09-07,C011,P006,R04,1046,25.53,26704.38,22,Completed
SO03847,2023-09-05,C042,P008,R04,1707,201.61,344148.27,24,Completed
SO03848,2023-08-21,C037,P007,R04,424,371.46,157499.04,20,Completed
SO03849,2025-10-15,C048,P005,R04,65,60.07,3904.55,24,Completed
SO03850,2024-10-30,C042,P003,R04,403,24.59,9909.77,8,Completed
SO03851,2024-12-19,C017,P002,R03,93,430.16,40004.88,26,Completed
SO03852,2023-02-27,C048,P008,R04,220,186.03,40926.6,18,Completed
SO03853,2025-08-05,C027,P005,R03,877,406.17,356211.09,19,Completed
SO03854,2025-10-03,C012,P002,R01,279,121.24,33825.96,27,Delayed
SO03855,2024-09-27,C040,P001,R01,1297,349.56,453379.32,17,Completed
SO03856,2025-09-28,C021,P008,R01,1291,65.31,84315.21,19,Completed
SO03857,2023-06-01,C034,P008,R02,892,20.6,18375.2,19,Completed
SO03858,2024-07-18,C016,P001,R03,880,60.68,53398.4,3,Completed
SO03859,2024-05-16,C022,P007,R02,1785,93.85,167522.25,4,Completed
SO03860,2023-10-02,C011,P006,R04,192,177.93,34162.56,23,Completed
SO03861,2023-12-15,C034,P008,R02,727,33.45,24318.15,6,Completed
SO03862,2024-12-28,C006,P001,R04,1350,108.87,146974.5,25,Completed
SO03863,2025-02-11,C050,P008,R04,1019,353.09,359798.71,22,Completed
SO03864,2025-06-07,C008,P005,R04,388,199.52,77413.76,29,Delayed
SO03865,2025-10-14,C041,P008,R02,330,85.47,28205.1,11,Completed
SO03866,2024-07-28,C038,P007,R02,1466,228.0,334248.0,4,Completed
SO03867,2023-06-24,C011,P008,R04,1809,321.56,581702.04,22,Completed
SO03868,2024-10-02,C043,P003,R04,94,443.31,41671.14,23,Completed
SO03869,2025-05-25,C029,P001,R02,1987,163.99,325848.13,15,Completed
SO03870,2025-05-02,C045,P004,R03,337,339.77,114502.49,6,Completed
SO03871,2024-12-12,C005,P004,R04,1315,211.68,278359.2,4,Completed
SO03872,2025-11-30,C007,P004,R02,884,412.33,364499.72,9,Completed
SO03873,2025-08-08,C049,P002,R03,240,491.15,117876.0,16,Completed
SO03874,2023-04-11,C045,P004,R03,998,241.75,241266.5,20,Completed
SO03875,2025-09-30,C011,P007,R04,775,229.2,177630.0,10,Completed
SO03876,2023-09-22,C033,P003,R02,786,179.25,140890.5,6,Completed
SO03877,2024-10-21,C044,P007,R01,540,335.71,181283.4,23,Completed
SO03878,2023-08-06,C014,P005,R03,1536,41.28,63406.08,24,Completed
SO03879,2023-06-14,C020,P004,R01,977,265.36,259256.72,14,Completed
SO03880,2025-06-22,C014,P008,R03,451,394.36,177856.36,3,Completed
SO03881,2024-07-07,C034,P005,R02,1261,345.53,435713.33,9,Completed
SO03882,2024-12-30,C037,P001,R04,1472,111.58,164245.76,5,Completed
SO03883,2025-07-30,C046,P004,R01,711,193.67,137699.37,3,Completed
SO03884,2024-09-11,C031,P003,R02,1180,468.48,552806.4,15,Completed
SO03885,2025-03-08,C020,P006,R01,90,411.0,36990.0,9,Completed
SO03886,2025-04-05,C040,P006,R01,1939,263.38,510693.82,19,Completed
SO03887,2025-08-16,C045,P005,R03,1632,96.91,158157.12,23,Completed
SO03888,2024-07-11,C013,P005,R01,144,363.79,52385.76,20,Completed
SO03889,2023-12-19,C021,P006,R01,597,385.28,230012.16,20,Completed
SO03890,2023-10-28,C012,P004,R01,141,49.01,6910.41,7,Completed
SO03891,2023-06-29,C016,P002,R03,248,282.94,70169.12,14,Completed
SO03892,2023-04-12,C050,P002,R04,852,153.93,131148.36,25,Completed
SO03893,2024-01-02,C014,P005,R03,415,328.49,136323.35,17,Completed
SO03894,2024-07-06,C007,P004,R02,712,466.82,332375.84,14,Completed
SO03895,2024-09-26,C047,P006,R04,1942,213.87,415335.54,23,Completed
SO03896,2025-03-17,C042,P001,R04,1415,125.59,177709.85,17,Completed
SO03897,2025-01-31,C007,P001,R02,490,480.59,235489.1,5,Completed
SO03898,2025-07-13,C023,P007,R04,1047,194.64,203788.08,12,Completed
SO03899,2025-10-08,C015,P003,R04,207,362.72,75083.04,28,Delayed
SO03900,2023-12-09,C036,P006,R04,1163,268.54,312312.02,16,Completed
SO03901,2024-07-22,C046,P001,R01,537,204.2,109655.4,20,Completed
SO03902,2025-07-07,C040,P004,R01,1076,127.42,137103.92,3,Completed
SO03903,2025-07-23,C013,P002,R01,526,371.24,195272.24,5,Completed
SO03904,2025-05-17,C028,P005,R04,1333,384.4,512405.2,17,Completed
SO03905,2023-06-26,C003,P005,R03,1423,271.88,386885.24,4,Completed
SO03906,2024-08-10,C048,P001,R04,418,313.38,130992.84,19,Completed
SO03907,2023-07-06,C046,P007,R01,1510,446.83,674713.3,14,Completed
SO03908,2024-12-25,C006,P003,R04,548,483.69,265062.12,24,Completed
SO03909,2024-05-01,C045,P007,R03,1286,200.73,258138.78,21,Completed
SO03910,2024-11-13,C029,P001,R02,276,72.05,19885.8,22,Completed
SO03911,2023-03-03,C023,P003,R04,272,462.68,125848.96,21,Completed
SO03912,2025-02-14,C045,P006,R03,1095,242.88,265953.6,3,Completed
SO03913,2024-01-09,C007,P001,R02,1201,134.22,161198.22,19,Completed
SO03914,2024-01-31,C022,P007,R02,397,356.93,141701.21,28,Delayed
SO03915,2024-01-04,C028,P007,R04,970,447.93,434492.1,24,Completed
SO03916,2025-07-11,C034,P001,R02,1004,194.36,195137.44,7,Completed
SO03917,2023-03-30,C037,P006,R04,1192,27.89,33244.88,12,Completed
SO03918,2024-01-05,C040,P007,R01,1775,394.34,699953.5,15,Completed
SO03919,2025-06-08,C049,P001,R03,183,34.7,6350.1,21,Completed
SO03920,2025-04-06,C039,P002,R01,239,433.74,103663.86,20,Completed
SO03921,2024-05-07,C036,P006,R04,1517,477.76,724761.92,24,Completed
SO03922,2023-11-06,C009,P008,R02,723,261.63,189158.49,22,Completed
SO03923,2024-12-27,C021,P008,R01,554,451.93,250369.22,5,Completed
SO03924,2024-05-12,C003,P006,R03,1762,78.25,137876.5,14,Completed
SO03925,2024-09-07,C036,P003,R04,256,431.57,110481.92,14,Completed
SO03926,2023-09-12,C041,P003,R02,1543,303.46,468238.78,15,Completed
SO03927,2023-10-02,C022,P004,R02,1428,444.4,634603.2,7,Completed
SO03928,2023-07-30,C017,P006,R03,912,114.89,104779.68,3,Completed
SO03929,2024-10-21,C037,P007,R04,1889,294.43,556178.27,16,Completed
SO03930,2023-04-03,C027,P007,R03,1145,435.63,498796.35,22,Completed
SO03931,2025-06-26,C041,P004,R02,1020,376.81,384346.2,12,Completed
SO03932,2024-05-08,C008,P007,R04,381,494.77,188507.37,18,Completed
SO03933,2024-03-04,C017,P008,R03,453,484.54,219496.62,12,Completed
SO03934,2024-06-05,C018,P001,R04,1475,111.61,164624.75,14,Completed
SO03935,2025-12-10,C010,P004,R04,764,225.1,171976.4,17,Completed
SO03936,2023-08-03,C004,P007,R03,280,370.58,103762.4,24,Completed
SO03937,2023-03-05,C002,P007,R04,957,480.66,459991.62,9,Completed
SO03938,2025-09-19,C041,P007,R02,661,145.66,96281.26,24,Completed
SO03939,2023-10-18,C012,P008,R01,1825,484.98,885088.5,3,Completed
SO03940,2024-05-06,C014,P008,R03,1192,316.66,377458.72,11,Completed
SO03941,2024-02-12,C042,P003,R04,194,269.28,52240.32,16,Completed
SO03942,2023-11-06,C012,P008,R01,1639,454.95,745663.05,3,Completed
SO03943,2025-03-10,C010,P001,R04,448,137.6,61644.8,13,Completed
SO03944,2025-11-16,C013,P007,R01,588,330.53,194351.64,20,Completed
SO03945,2025-04-19,C029,P005,R02,646,34.89,22538.94,10,Completed
SO03946,2025-03-15,C042,P006,R04,1728,305.93,528647.04,13,Completed
SO03947,2023-02-07,C036,P006,R04,83,474.97,39422.51,15,Completed
SO03948,2023-11-04,C032,P005,R02,1779,91.85,163401.15,18,Completed
SO03949,2023-11-29,C004,P005,R03,649,31.21,20255.29,10,Completed
SO03950,2024-04-28,C034,P001,R02,416,355.51,147892.16,21,Completed
SO03951,2025-09-09,C035,P008,R02,979,495.55,485143.45,20,Completed
SO03952,2025-01-03,C007,P002,R02,1288,454.6,585524.8,20,Completed
SO03953,2023-08-28,C014,P007,R03,1334,372.47,496874.98,27,Delayed
SO03954,2023-10-28,C026,P004,R04,1920,438.42,841766.4,12,Completed
SO03955,2024-08-25,C036,P003,R04,656,329.64,216243.84,5,Completed
SO03956,2025-04-18,C046,P007,R01,1949,255.84,498632.16,20,Completed
SO03957,2025-10-15,C025,P004,R01,331,230.64,76341.84,17,Completed
SO03958,2023-08-31,C038,P007,R02,1246,226.77,282555.42,24,Completed
SO03959,2023-06-30,C038,P006,R02,214,280.68,60065.52,21,Completed
SO03960,2024-01-25,C008,P007,R04,799,497.45,397462.55,25,Completed
SO03961,2025-09-23,C009,P005,R02,479,295.47,141530.13,15,Completed
SO03962,2024-01-24,C039,P006,R01,739,33.75,24941.25,11,Completed
SO03963,2024-09-09,C045,P001,R03,257,209.92,53949.44,20,Completed
SO03964,2023-09-06,C038,P007,R02,951,453.96,431715.96,22,Completed
SO03965,2025-10-02,C025,P008,R01,1557,217.09,338009.13,8,Completed
SO03966,2024-04-27,C036,P008,R04,1688,364.56,615377.28,24,Completed
SO03967,2023-07-02,C006,P002,R04,1273,110.34,140462.82,24,Completed
SO03968,2024-07-30,C007,P001,R02,1033,43.75,45193.75,12,Completed
SO03969,2025-07-29,C011,P005,R04,153,331.84,50771.52,10,Completed
SO03970,2023-12-13,C037,P002,R04,350,31.63,11070.5,22,Completed
SO03971,2024-08-19,C003,P004,R03,409,138.89,56806.01,17,Completed
SO03972,2024-12-25,C032,P003,R02,1328,143.15,190103.2,26,Completed
SO03973,2025-02-22,C018,P003,R04,653,435.38,284303.14,14,Completed
SO03974,2024-01-20,C037,P003,R04,173,216.32,37423.36,15,Completed
SO03975,2025-08-08,C013,P001,R01,1336,66.67,89071.12,19,Completed
SO03976,2023-04-07,C037,P001,R04,787,408.98,321867.26,7,Completed
SO03977,2023-03-10,C044,P002,R01,1846,205.61,379556.06,13,Completed
SO03978,2024-03-06,C002,P005,R04,980,60.7,59486.0,29,Delayed
SO03979,2025-04-16,C032,P004,R02,757,347.5,263057.5,9,Completed
SO03980,2023-03-26,C017,P008,R03,1973,57.16,112776.68,7,Completed
SO03981,2025-12-17,C027,P001,R03,585,250.18,146355.3,18,Completed
SO03982,2023-05-19,C004,P001,R03,1362,71.62,97546.44,26,Completed
SO03983,2024-01-15,C004,P006,R03,1349,267.73,361167.77,27,Delayed
SO03984,2023-01-03,C011,P008,R04,129,464.93,59975.97,8,Completed
SO03985,2024-12-11,C004,P004,R03,214,291.59,62400.26,14,Completed
SO03986,2023-09-13,C029,P008,R02,790,481.89,380693.1,22,Completed
SO03987,2024-07-20,C005,P004,R04,930,116.91,108726.3,15,Completed
SO03988,2025-12-05,C030,P008,R02,1608,375.72,604157.76,29,Delayed
SO03989,2025-02-13,C001,P008,R01,1112,372.78,414531.36,5,Completed
SO03990,2023-05-14,C044,P008,R01,487,424.73,206843.51,25,Completed
SO03991,2024-07-14,C028,P001,R04,1077,334.9,360687.3,19,Completed
SO03992,2023-08-03,C035,P004,R02,792,100.03,79223.76,4,Completed
SO03993,2025-01-18,C016,P001,R03,108,329.35,35569.8,18,Completed
SO03994,2025-11-17,C012,P004,R01,128,334.47,42812.16,21,Completed
SO03995,2023-09-03,C026,P007,R04,622,325.03,202168.66,8,Completed
SO03996,2025-09-17,C001,P007,R01,1278,52.88,67580.64,19,Completed
SO03997,2023-06-06,C021,P002,R01,1214,147.19,178688.66,6,Completed
SO03998,2025-01-02,C016,P008,R03,125,463.5,57937.5,24,Completed
SO03999,2024-04-22,C011,P008,R04,1799,157.76,283810.24,4,Completed
SO04000,2024-04-15,C039,P002,R01,853,497.69,424529.57,9,Completed
SO04001,2024-02-27,C031,P005,R02,1331,172.35,229397.85,28,Delayed
SO04002,2023-11-05,C038,P002,R02,1897,424.53,805333.41,21,Completed
SO04003,2025-05-19,C029,P007,R02,258,422.75,109069.5,7,Completed
SO04004,2025-09-19,C007,P001,R02,1852,242.77,449610.04,21,Completed
SO04005,2023-10-01,C029,P006,R02,1827,320.66,585845.82,13,Completed
SO04006,2024-07-27,C037,P005,R04,417,148.8,62049.6,15,Completed
SO04007,2025-09-03,C044,P008,R01,108,347.71,37552.68,16,Completed
SO04008,2023-01-12,C042,P008,R04,448,283.69,127093.12,6,Completed
SO04009,2025-10-16,C030,P004,R02,1323,72.92,96473.16,19,Completed
SO04010,2025-01-07,C048,P007,R04,1132,114.85,130010.2,13,Completed
SO04011,2023-04-27,C009,P006,R02,775,305.77,236971.75,3,Completed
SO04012,2023-05-20,C004,P007,R03,1493,204.09,304706.37,11,Completed
SO04013,2025-11-12,C036,P001,R04,315,355.56,112001.4,9,Completed
SO04014,2024-05-20,C048,P002,R04,1494,270.68,404395.92,15,Completed
SO04015,2025-02-24,C043,P005,R04,1244,150.45,187159.8,24,Completed
SO04016,2024-03-21,C008,P005,R04,1607,372.62,598800.34,23,Completed
SO04017,2024-09-30,C008,P002,R04,708,362.12,256380.96,21,Completed
SO04018,2025-03-15,C022,P007,R02,342,490.1,167614.2,13,Completed
SO04019,2023-12-25,C036,P005,R04,340,30.67,10427.8,25,Completed
SO04020,2023-03-19,C006,P007,R04,936,391.73,366659.28,29,Delayed
SO04021,2025-11-15,C039,P008,R01,1117,476.18,531893.06,8,Completed
SO04022,2025-03-31,C006,P005,R04,1803,263.51,475108.53,7,Completed
SO04023,2025-08-21,C016,P003,R03,1178,96.21,113335.38,13,Completed
SO04024,2023-02-15,C006,P003,R04,513,385.27,197643.51,6,Completed
SO04025,2023-07-07,C004,P005,R03,1501,103.97,156058.97,18,Completed
SO04026,2024-02-02,C002,P002,R04,1365,290.56,396614.4,25,Completed
SO04027,2024-06-18,C044,P005,R01,918,459.05,421407.9,13,Completed
SO04028,2025-05-24,C024,P002,R02,619,32.44,20080.36,11,Completed
SO04029,2025-11-13,C015,P006,R04,637,368.35,234638.95,25,Completed
SO04030,2024-11-21,C030,P006,R02,1010,87.23,88102.3,8,Completed
SO04031,2024-04-22,C013,P008,R01,1992,40.37,80417.04,5,Completed
SO04032,2023-05-23,C025,P004,R01,942,103.21,97223.82,9,Completed
SO04033,2025-10-08,C036,P007,R04,1419,67.68,96037.92,7,Completed
SO04034,2025-04-25,C028,P004,R04,775,41.05,31813.75,23,Completed
SO04035,2025-07-10,C006,P004,R04,1046,232.92,243634.32,19,Completed
SO04036,2023-02-21,C011,P004,R04,1045,483.44,505194.8,9,Completed
SO04037,2023-07-25,C033,P005,R02,1066,222.33,237003.78,14,Completed
SO04038,2023-09-27,C022,P007,R02,608,376.1,228668.8,18,Completed
SO04039,2024-02-04,C027,P002,R03,1100,92.54,101794.0,25,Completed
SO04040,2024-11-29,C033,P007,R02,1535,385.96,592448.6,10,Completed
SO04041,2024-04-02,C007,P003,R02,1370,193.28,264793.6,25,Completed
SO04042,2023-12-12,C043,P002,R04,1407,26.81,37721.67,16,Completed
SO04043,2024-08-29,C027,P002,R03,1375,203.14,279317.5,26,Completed
SO04044,2023-01-30,C042,P007,R04,220,46.69,10271.8,26,Completed
SO04045,2024-09-22,C003,P001,R03,952,61.06,58129.12,9,Completed
SO04046,2025-11-07,C031,P001,R02,1402,56.29,78918.58,15,Completed
SO04047,2023-03-14,C040,P003,R01,289,373.41,107915.49,9,Completed
SO04048,2024-07-13,C017,P007,R03,409,84.21,34441.89,18,Completed
SO04049,2024-06-20,C045,P007,R03,121,404.63,48960.23,9,Completed
SO04050,2024-03-26,C027,P002,R03,1075,123.09,132321.75,7,Completed
SO04051,2023-02-04,C013,P001,R01,386,211.21,81527.06,3,Completed
SO04052,2023-09-19,C009,P003,R02,1366,174.97,239009.02,25,Completed
SO04053,2023-03-15,C007,P003,R02,1958,440.91,863301.78,6,Completed
SO04054,2024-01-08,C033,P003,R02,721,50.63,36504.23,15,Completed
SO04055,2025-06-16,C003,P002,R03,877,89.39,78395.03,19,Completed
SO04056,2025-03-04,C044,P006,R01,1251,393.14,491818.14,7,Completed
SO04057,2025-04-06,C038,P001,R02,1577,289.49,456525.73,17,Completed
SO04058,2025-09-24,C001,P005,R01,113,443.71,50139.23,11,Completed
SO04059,2025-02-10,C017,P003,R03,516,433.52,223696.32,9,Completed
SO04060,2025-05-18,C042,P001,R04,1337,498.04,665879.48,14,Completed
SO04061,2023-02-02,C002,P001,R04,701,198.49,139141.49,9,Completed
SO04062,2023-09-20,C036,P006,R04,1010,393.24,397172.4,19,Completed
SO04063,2025-08-26,C034,P004,R02,775,146.02,113165.5,16,Completed
SO04064,2024-07-19,C004,P003,R03,1395,450.5,628447.5,24,Completed
SO04065,2025-09-27,C017,P002,R03,1085,274.41,297734.85,5,Completed
SO04066,2025-08-27,C014,P001,R03,1035,396.66,410543.1,19,Completed
SO04067,2024-05-05,C042,P003,R04,1876,470.4,882470.4,15,Completed
SO04068,2025-11-11,C031,P005,R02,1948,144.13,280765.24,27,Delayed
SO04069,2024-05-05,C026,P001,R04,1454,444.72,646622.88,18,Completed
SO04070,2025-10-20,C034,P004,R02,217,205.87,44673.79,6,Completed
SO04071,2024-04-21,C040,P008,R01,1388,112.21,155747.48,29,Delayed
SO04072,2024-01-28,C001,P007,R01,1972,208.37,410905.64,7,Completed
SO04073,2025-01-18,C009,P005,R02,1126,435.74,490643.24,21,Completed
SO04074,2023-04-15,C026,P003,R04,228,316.27,72109.56,6,Completed
SO04075,2025-07-31,C021,P006,R01,510,155.17,79136.7,15,Completed
SO04076,2024-03-23,C002,P001,R04,368,86.48,31824.64,6,Completed
SO04077,2024-05-08,C025,P005,R01,1337,369.73,494329.01,19,Completed
SO04078,2023-11-21,C047,P007,R04,74,79.37,5873.38,20,Completed
SO04079,2025-12-30,C032,P001,R02,1875,94.65,177468.75,7,Completed
SO04080,2023-07-23,C027,P005,R03,769,467.53,359530.57,27,Delayed
SO04081,2024-09-15,C021,P008,R01,1171,136.31,159619.01,28,Delayed
SO04082,2024-08-11,C030,P002,R02,1332,499.64,665520.48,13,Completed
SO04083,2024-04-25,C015,P005,R04,1623,191.65,311047.95,3,Completed
SO04084,2024-06-07,C007,P003,R02,1051,365.25,383877.75,10,Completed
SO04085,2023-12-09,C030,P004,R02,848,124.07,105211.36,27,Delayed
SO04086,2025-01-18,C027,P007,R03,1090,125.72,137034.8,28,Delayed
SO04087,2025-09-17,C035,P006,R02,1757,116.78,205182.46,22,Completed
SO04088,2025-03-26,C047,P005,R04,380,464.07,176346.6,26,Completed
SO04089,2025-11-22,C030,P001,R02,579,439.8,254644.2,18,Completed
SO04090,2024-07-22,C039,P004,R01,228,225.05,51311.4,12,Completed
SO04091,2025-10-19,C003,P005,R03,644,112.66,72553.04,10,Completed
SO04092,2024-02-17,C010,P001,R04,579,445.09,257707.11,28,Delayed
SO04093,2025-02-24,C007,P001,R02,622,430.43,267727.46,10,Completed
SO04094,2025-10-25,C035,P004,R02,1559,53.26,83032.34,13,Completed
SO04095,2025-11-14,C049,P003,R03,723,447.59,323607.57,18,Completed
SO04096,2023-07-31,C034,P003,R02,928,196.76,182593.28,29,Delayed
SO04097,2025-03-05,C029,P008,R02,374,118.04,44146.96,6,Completed
SO04098,2025-07-23,C020,P004,R01,581,112.66,65455.46,28,Delayed
SO04099,2023-09-24,C041,P001,R02,701,432.06,302874.06,26,Completed
SO04100,2024-06-27,C025,P006,R01,953,61.51,58619.03,13,Completed
SO04101,2023-08-07,C038,P006,R02,160,180.02,28803.2,23,Completed
SO04102,2025-04-07,C046,P002,R01,1270,54.03,68618.1,11,Completed
SO04103,2024-06-08,C046,P008,R01,1750,368.6,645050.0,18,Completed
SO04104,2024-06-02,C044,P007,R01,350,338.48,118468.0,18,Completed
SO04105,2023-10-11,C011,P006,R04,910,248.59,226216.9,17,Completed
SO04106,2024-10-25,C029,P001,R02,1030,29.97,30869.1,24,Completed
SO04107,2025-03-31,C002,P002,R04,1899,158.64,301257.36,12,Completed
SO04108,2023-09-11,C001,P002,R01,1385,404.33,559997.05,24,Completed
SO04109,2025-06-12,C047,P002,R04,1948,108.29,210948.92,28,Delayed
SO04110,2025-01-22,C007,P006,R02,1815,68.08,123565.2,5,Completed
SO04111,2024-05-20,C025,P004,R01,668,193.58,129311.44,28,Delayed
SO04112,2023-05-31,C002,P004,R04,1471,448.41,659611.11,7,Completed
SO04113,2025-08-27,C030,P003,R02,98,452.18,44313.64,22,Completed
SO04114,2025-07-09,C049,P005,R03,1468,162.63,238740.84,17,Completed
SO04115,2024-03-08,C029,P008,R02,413,196.35,81092.55,25,Completed
SO04116,2024-05-11,C008,P007,R04,97,414.2,40177.4,25,Completed
SO04117,2025-05-08,C038,P004,R02,810,303.27,245648.7,19,Completed
SO04118,2023-05-23,C014,P002,R03,1619,436.6,706855.4,20,Completed
SO04119,2024-12-19,C015,P001,R04,919,179.03,164528.57,23,Completed
SO04120,2025-02-02,C016,P005,R03,613,477.71,292836.23,18,Completed
SO04121,2023-10-21,C017,P005,R03,161,66.09,10640.49,20,Completed
SO04122,2023-02-03,C035,P003,R02,720,321.58,231537.6,6,Completed
SO04123,2023-03-14,C005,P001,R04,330,473.86,156373.8,17,Completed
SO04124,2025-12-15,C024,P001,R02,1392,147.75,205668.0,20,Completed
SO04125,2025-01-21,C026,P004,R04,248,317.19,78663.12,7,Completed
SO04126,2024-03-08,C048,P002,R04,584,418.03,244129.52,16,Completed
SO04127,2024-09-07,C043,P003,R04,1149,243.8,280126.2,15,Completed
SO04128,2024-03-19,C007,P001,R02,72,336.47,24225.84,28,Delayed
SO04129,2024-08-22,C006,P003,R04,1537,229.58,352864.46,17,Completed
SO04130,2023-12-27,C011,P008,R04,1489,136.01,202518.89,26,Completed
SO04131,2024-12-30,C017,P004,R03,1610,258.76,416603.6,24,Completed
SO04132,2024-10-02,C037,P003,R04,1384,253.57,350940.88,3,Completed
SO04133,2025-02-20,C013,P003,R01,1632,59.37,96891.84,23,Completed
SO04134,2025-07-16,C034,P001,R02,136,58.5,7956.0,18,Completed
SO04135,2025-12-03,C004,P005,R03,440,95.92,42204.8,18,Completed
SO04136,2023-04-15,C046,P005,R01,1858,121.78,226267.24,14,Completed
SO04137,2024-02-10,C021,P003,R01,1267,488.05,618359.35,23,Completed
SO04138,2023-11-25,C023,P003,R04,945,21.9,20695.5,25,Completed
SO04139,2023-04-25,C039,P007,R01,312,442.31,138000.72,28,Delayed
SO04140,2023-01-28,C031,P008,R02,1267,135.99,172299.33,28,Delayed
SO04141,2024-07-29,C042,P003,R04,532,64.63,34383.16,17,Completed
SO04142,2023-08-18,C022,P006,R02,1829,287.48,525800.92,18,Completed
SO04143,2023-03-24,C039,P008,R01,1360,75.54,102734.4,28,Delayed
SO04144,2023-06-27,C018,P005,R04,132,323.52,42704.64,5,Completed
SO04145,2023-11-24,C037,P005,R04,1030,474.32,488549.6,27,Delayed
SO04146,2025-04-02,C030,P004,R02,1882,286.99,540115.18,4,Completed
SO04147,2024-11-22,C025,P001,R01,1302,255.91,333194.82,7,Completed
SO04148,2023-03-26,C045,P006,R03,272,139.67,37990.24,26,Completed
SO04149,2023-12-15,C050,P007,R04,311,193.5,60178.5,7,Completed
SO04150,2024-07-07,C028,P003,R04,1930,264.99,511430.7,8,Completed
SO04151,2025-01-07,C030,P002,R02,1679,275.27,462178.33,9,Completed
SO04152,2025-07-01,C011,P003,R04,1110,131.51,145976.1,10,Completed
SO04153,2024-07-21,C007,P003,R02,681,402.9,274374.9,5,Completed
SO04154,2024-09-24,C028,P007,R04,1237,356.47,440953.39,29,Delayed
SO04155,2023-06-29,C019,P001,R04,718,166.88,119819.84,20,Completed
SO04156,2024-10-10,C027,P001,R03,952,117.52,111879.04,19,Completed
SO04157,2023-12-28,C047,P005,R04,1257,302.13,379777.41,12,Completed
SO04158,2025-03-17,C007,P008,R02,1471,497.39,731660.69,21,Completed
SO04159,2025-03-09,C005,P003,R04,1340,333.88,447399.2,18,Completed
SO04160,2024-04-16,C029,P004,R02,1738,318.29,553188.02,13,Completed
SO04161,2023-10-21,C002,P002,R04,469,195.86,91858.34,20,Completed
SO04162,2025-11-12,C003,P006,R03,579,260.83,151020.57,24,Completed
SO04163,2024-10-30,C017,P005,R03,1539,378.88,583096.32,13,Completed
SO04164,2025-09-24,C014,P001,R03,1772,351.31,622521.32,7,Completed
SO04165,2025-07-04,C039,P008,R01,1469,79.76,117167.44,23,Completed
SO04166,2023-11-01,C001,P005,R01,1204,89.53,107794.12,9,Completed
SO04167,2023-03-12,C010,P001,R04,355,174.02,61777.1,14,Completed
SO04168,2025-08-20,C003,P007,R03,1817,69.17,125681.89,21,Completed
SO04169,2023-10-20,C049,P001,R03,1790,182.34,326388.6,13,Completed
SO04170,2023-07-17,C001,P002,R01,650,298.22,193843.0,25,Completed
SO04171,2025-10-14,C004,P003,R03,1578,213.04,336177.12,7,Completed
SO04172,2025-11-12,C015,P003,R04,776,134.61,104457.36,20,Completed
SO04173,2023-11-04,C044,P007,R01,551,348.39,191962.89,16,Completed
SO04174,2024-08-04,C027,P005,R03,1861,495.82,922721.02,5,Completed
SO04175,2025-06-27,C004,P004,R03,1450,154.17,223546.5,6,Completed
SO04176,2023-09-21,C002,P007,R04,961,231.42,222394.62,13,Completed
SO04177,2024-10-30,C017,P005,R03,1804,498.31,898951.24,14,Completed
SO04178,2024-07-21,C011,P007,R04,1982,107.03,212133.46,8,Completed
SO04179,2023-08-09,C006,P006,R04,197,98.58,19420.26,21,Completed
SO04180,2024-09-06,C008,P003,R04,1206,461.69,556798.14,21,Completed
SO04181,2023-12-05,C008,P007,R04,1792,100.95,180902.4,19,Completed
SO04182,2025-08-18,C045,P001,R03,1902,63.2,120206.4,14,Completed
SO04183,2023-06-25,C026,P005,R04,912,161.86,147616.32,4,Completed
SO04184,2024-01-08,C036,P008,R04,437,399.09,174402.33,26,Completed
SO04185,2024-01-11,C013,P006,R01,1989,111.89,222549.21,29,Delayed
SO04186,2024-06-30,C022,P008,R02,1738,42.47,73812.86,29,Delayed
SO04187,2024-08-04,C020,P001,R01,903,377.56,340936.68,15,Completed
SO04188,2024-01-16,C022,P006,R02,906,374.51,339306.06,19,Completed
SO04189,2024-12-03,C008,P005,R04,1518,128.97,195776.46,4,Completed
SO04190,2023-02-07,C041,P002,R02,1800,376.07,676926.0,17,Completed
SO04191,2023-08-05,C025,P001,R01,881,348.25,306808.25,20,Completed
SO04192,2023-12-25,C019,P006,R04,1041,205.0,213405.0,11,Completed
SO04193,2023-01-26,C040,P002,R01,1304,264.74,345220.96,8,Completed
SO04194,2025-03-07,C019,P003,R04,1690,410.11,693085.9,21,Completed
SO04195,2024-11-02,C001,P004,R01,1502,499.75,750624.5,24,Completed
SO04196,2023-11-18,C050,P001,R04,1434,170.57,244597.38,9,Completed
SO04197,2025-09-12,C007,P003,R02,1670,375.35,626834.5,14,Completed
SO04198,2024-09-29,C020,P004,R01,784,483.6,379142.4,5,Completed
SO04199,2023-06-13,C008,P008,R04,560,230.23,128928.8,21,Completed
SO04200,2023-03-27,C028,P003,R04,1923,475.97,915290.31,18,Completed
SO04201,2023-11-22,C001,P006,R01,1645,305.41,502399.45,13,Completed
SO04202,2023-06-24,C019,P004,R04,873,403.66,352395.18,28,Delayed
SO04203,2023-07-07,C029,P004,R02,510,218.17,111266.7,24,Completed
SO04204,2024-10-26,C007,P008,R02,1352,179.79,243076.08,17,Completed
SO04205,2024-08-06,C016,P002,R03,526,261.41,137501.66,17,Completed
SO04206,2024-09-20,C034,P008,R02,821,53.65,44046.65,8,Completed
SO04207,2023-02-18,C001,P006,R01,1220,474.68,579109.6,15,Completed
SO04208,2023-01-26,C023,P007,R04,163,257.78,42018.14,11,Completed
SO04209,2024-11-21,C036,P001,R04,330,415.82,137220.6,9,Completed
SO04210,2025-10-26,C011,P007,R04,431,356.9,153823.9,22,Completed
SO04211,2024-10-14,C035,P003,R02,1112,57.5,63940.0,13,Completed
SO04212,2024-07-07,C026,P004,R04,1765,84.03,148312.95,7,Completed
SO04213,2024-11-02,C029,P002,R02,1792,53.92,96624.64,25,Completed
SO04214,2025-11-04,C019,P008,R04,1040,111.94,116417.6,7,Completed
SO04215,2023-12-09,C004,P001,R03,1062,492.24,522758.88,9,Completed
SO04216,2023-12-20,C017,P007,R03,1458,256.58,374093.64,14,Completed
SO04217,2025-07-22,C018,P001,R04,1019,123.93,126284.67,12,Completed
SO04218,2024-07-01,C025,P008,R01,321,46.83,15032.43,23,Completed
SO04219,2025-12-05,C044,P007,R01,1980,490.3,970794.0,24,Completed
SO04220,2024-11-09,C042,P002,R04,1761,314.51,553852.11,21,Completed
SO04221,2024-12-08,C021,P003,R01,1645,286.25,470881.25,15,Completed
SO04222,2025-06-09,C031,P004,R02,1723,494.61,852213.03,17,Completed
SO04223,2024-04-19,C010,P008,R04,1347,302.8,407871.6,17,Completed
SO04224,2025-08-20,C031,P001,R02,953,108.65,103543.45,4,Completed
SO04225,2024-04-27,C020,P004,R01,269,196.17,52769.73,28,Delayed
SO04226,2023-12-08,C013,P005,R01,1834,416.01,762962.34,7,Completed
SO04227,2023-02-28,C047,P005,R04,1039,128.09,133085.51,9,Completed
SO04228,2025-06-08,C050,P004,R04,91,402.61,36637.51,29,Delayed
SO04229,2025-09-26,C038,P004,R02,1533,90.31,138445.23,26,Completed
SO04230,2023-11-13,C019,P007,R04,1156,112.23,129737.88,29,Delayed
SO04231,2023-04-13,C007,P003,R02,411,419.91,172583.01,25,Completed
SO04232,2023-11-11,C038,P002,R02,363,315.21,114421.23,23,Completed
SO04233,2023-09-30,C002,P007,R04,1863,412.3,768114.9,10,Completed
SO04234,2024-03-16,C017,P006,R03,1095,415.48,454950.6,11,Completed
SO04235,2025-12-22,C031,P006,R02,642,417.06,267752.52,21,Completed
SO04236,2023-12-06,C020,P007,R01,935,319.53,298760.55,6,Completed
SO04237,2023-11-24,C010,P003,R04,71,341.52,24247.92,4,Completed
SO04238,2024-11-01,C008,P002,R04,1062,132.09,140279.58,8,Completed
SO04239,2023-01-04,C028,P008,R04,1165,126.32,147162.8,22,Completed
SO04240,2024-01-01,C041,P004,R02,86,53.74,4621.64,21,Completed
SO04241,2024-07-20,C018,P003,R04,139,305.04,42400.56,13,Completed
SO04242,2025-10-21,C002,P001,R04,172,306.46,52711.12,27,Delayed
SO04243,2024-08-14,C023,P001,R04,1045,387.79,405240.55,26,Completed
SO04244,2024-10-20,C010,P008,R04,533,151.36,80674.88,23,Completed
SO04245,2023-05-05,C035,P006,R02,768,246.93,189642.24,7,Completed
SO04246,2024-03-21,C001,P007,R01,686,374.63,256996.18,29,Delayed
SO04247,2023-06-13,C020,P001,R01,1677,347.03,581969.31,13,Completed
SO04248,2024-07-29,C025,P008,R01,598,458.26,274039.48,29,Delayed
SO04249,2024-08-22,C031,P007,R02,1052,424.97,447068.44,23,Completed
SO04250,2025-12-20,C044,P007,R01,1359,318.16,432379.44,17,Completed
SO04251,2024-02-10,C039,P002,R01,194,419.93,81466.42,20,Completed
SO04252,2023-12-29,C028,P005,R04,877,85.39,74887.03,17,Completed
SO04253,2023-01-05,C031,P007,R02,1520,81.71,124199.2,13,Completed
SO04254,2024-11-12,C016,P004,R03,1903,355.12,675793.36,14,Completed
SO04255,2023-10-04,C032,P003,R02,149,384.38,57272.62,16,Completed
SO04256,2023-12-27,C019,P004,R04,1520,340.58,517681.6,13,Completed
SO04257,2023-01-03,C003,P003,R03,396,206.32,81702.72,3,Completed
SO04258,2025-12-01,C026,P008,R04,1541,231.87,357311.67,25,Completed
SO04259,2025-03-07,C050,P001,R04,1418,105.75,149953.5,16,Completed
SO04260,2025-11-09,C042,P004,R04,1137,188.1,213869.7,8,Completed
SO04261,2024-10-26,C042,P002,R04,122,240.98,29399.56,29,Delayed
SO04262,2024-10-28,C004,P004,R03,1881,165.87,312001.47,4,Completed
SO04263,2025-05-11,C043,P001,R04,792,469.97,372216.24,28,Delayed
SO04264,2024-07-22,C035,P001,R02,1768,73.55,130036.4,3,Completed
SO04265,2023-11-01,C018,P001,R04,1736,287.26,498683.36,25,Completed
SO04266,2025-01-20,C018,P001,R04,1168,147.85,172688.8,14,Completed
SO04267,2023-11-29,C042,P003,R04,842,147.39,124102.38,9,Completed
SO04268,2025-10-14,C049,P005,R03,284,42.27,12004.68,21,Completed
SO04269,2023-01-26,C020,P003,R01,1289,37.57,48427.73,18,Completed
SO04270,2025-06-29,C016,P001,R03,613,389.2,238579.6,14,Completed
SO04271,2025-03-21,C017,P003,R03,1696,360.45,611323.2,10,Completed
SO04272,2023-08-13,C016,P005,R03,1562,359.06,560851.72,5,Completed
SO04273,2023-12-29,C046,P006,R01,1758,366.18,643744.44,8,Completed
SO04274,2024-11-19,C046,P002,R01,1625,475.12,772070.0,25,Completed
SO04275,2024-04-13,C014,P004,R03,1056,494.63,522329.28,14,Completed
SO04276,2024-09-01,C006,P008,R04,1417,267.17,378579.89,15,Completed
SO04277,2025-08-01,C031,P004,R02,790,216.03,170663.7,28,Delayed
SO04278,2024-01-01,C020,P003,R01,1643,203.25,333939.75,15,Completed
SO04279,2023-07-08,C045,P001,R03,836,148.51,124154.36,18,Completed
SO04280,2025-05-03,C024,P007,R02,690,145.59,100457.1,16,Completed
SO04281,2025-09-05,C017,P007,R03,1865,419.68,782703.2,5,Completed
SO04282,2024-12-15,C031,P006,R02,250,318.95,79737.5,27,Delayed
SO04283,2024-05-21,C042,P003,R04,1697,335.4,569173.8,10,Completed
SO04284,2023-05-27,C020,P003,R01,1521,76.89,116949.69,7,Completed
SO04285,2023-02-14,C037,P005,R04,1762,29.78,52472.36,24,Completed
SO04286,2023-05-12,C004,P002,R03,1395,339.45,473532.75,19,Completed
SO04287,2024-10-12,C010,P005,R04,1308,185.07,242071.56,7,Completed
SO04288,2025-05-18,C047,P004,R04,1105,203.13,224458.65,24,Completed
SO04289,2023-12-17,C014,P003,R03,637,443.07,282235.59,18,Completed
SO04290,2025-12-05,C023,P001,R04,553,305.84,169129.52,13,Completed
SO04291,2025-05-13,C044,P001,R01,1966,237.2,466335.2,8,Completed
SO04292,2023-11-19,C012,P004,R01,1554,50.97,79207.38,21,Completed
SO04293,2025-12-05,C050,P001,R04,1187,331.99,394072.13,15,Completed
SO04294,2023-08-23,C037,P003,R04,1338,335.46,448845.48,18,Completed
SO04295,2023-12-06,C046,P007,R01,433,431.9,187012.7,27,Delayed
SO04296,2025-12-07,C011,P005,R04,1791,83.58,149691.78,9,Completed
SO04297,2025-06-22,C024,P001,R02,104,493.05,51277.2,6,Completed
SO04298,2024-07-04,C050,P002,R04,1621,118.86,192672.06,4,Completed
SO04299,2023-05-01,C015,P004,R04,509,321.62,163704.58,7,Completed
SO04300,2024-12-06,C001,P001,R01,1794,20.68,37099.92,18,Completed
SO04301,2025-05-05,C043,P007,R04,1728,460.86,796366.08,16,Completed
SO04302,2024-03-23,C012,P006,R01,563,138.97,78240.11,23,Completed
SO04303,2025-05-01,C020,P003,R01,1130,68.68,77608.4,11,Completed
SO04304,2025-02-24,C031,P003,R02,1893,304.17,575793.81,21,Completed
SO04305,2024-11-06,C044,P005,R01,1818,302.5,549945.0,22,Completed
SO04306,2024-09-16,C013,P001,R01,372,306.17,113895.24,25,Completed
SO04307,2025-01-20,C002,P001,R04,839,233.14,195604.46,22,Completed
SO04308,2025-12-12,C035,P001,R02,1507,212.96,320930.72,24,Completed
SO04309,2024-05-15,C010,P008,R04,586,199.74,117047.64,3,Completed
SO04310,2024-06-19,C007,P006,R02,644,255.45,164509.8,12,Completed
SO04311,2025-05-31,C027,P004,R03,1674,257.52,431088.48,24,Completed
SO04312,2023-09-22,C049,P007,R03,1538,323.11,496943.18,28,Delayed
SO04313,2025-01-26,C035,P003,R02,1289,27.93,36001.77,21,Completed
SO04314,2024-03-07,C037,P002,R04,1366,191.38,261425.08,24,Completed
SO04315,2025-09-28,C017,P005,R03,626,295.39,184914.14,6,Completed
SO04316,2025-12-10,C023,P004,R04,1392,259.33,360987.36,29,Delayed
SO04317,2023-11-05,C026,P002,R04,843,468.02,394540.86,19,Completed
SO04318,2025-10-24,C011,P008,R04,1533,472.97,725063.01,15,Completed
SO04319,2023-04-25,C009,P004,R02,1556,383.68,597006.08,15,Completed
SO04320,2024-03-07,C042,P008,R04,141,436.56,61554.96,22,Completed
SO04321,2025-07-06,C029,P001,R02,846,65.65,55539.9,26,Completed
SO04322,2023-08-08,C039,P007,R01,448,178.4,79923.2,21,Completed
SO04323,2024-08-02,C029,P004,R02,1834,119.97,220024.98,11,Completed
SO04324,2024-05-24,C047,P001,R04,1443,139.38,201125.34,21,Completed
SO04325,2025-12-04,C016,P002,R03,1099,86.62,95195.38,27,Delayed
SO04326,2025-11-29,C023,P007,R04,906,240.81,218173.86,23,Completed
SO04327,2024-02-19,C014,P001,R03,1938,102.17,198005.46,13,Completed
SO04328,2025-07-25,C026,P001,R04,850,79.95,67957.5,12,Completed
SO04329,2023-10-05,C008,P002,R04,1555,246.01,382545.55,14,Completed
SO04330,2024-08-27,C044,P003,R01,1388,264.32,366876.16,15,Completed
SO04331,2024-11-27,C036,P002,R04,249,372.01,92630.49,22,Completed
SO04332,2025-07-22,C043,P008,R04,1946,46.2,89905.2,15,Completed
SO04333,2024-12-28,C003,P008,R03,1640,443.18,726815.2,3,Completed
SO04334,2025-05-23,C022,P001,R02,1135,85.1,96588.5,15,Completed
SO04335,2025-05-03,C035,P004,R02,1815,452.25,820833.75,15,Completed
SO04336,2023-10-16,C005,P004,R04,1707,66.43,113396.01,10,Completed
SO04337,2023-12-08,C039,P004,R01,1224,20.66,25287.84,15,Completed
SO04338,2024-01-11,C039,P008,R01,694,38.37,26628.78,24,Completed
SO04339,2025-04-07,C043,P002,R04,603,261.09,157437.27,15,Completed
SO04340,2024-09-09,C032,P003,R02,903,180.74,163208.22,22,Completed
SO04341,2024-02-24,C031,P005,R02,600,174.2,104520.0,24,Completed
SO04342,2025-08-17,C024,P005,R02,1273,479.28,610123.44,11,Completed
SO04343,2025-09-24,C046,P005,R01,1294,25.28,32712.32,11,Completed
SO04344,2024-06-05,C045,P008,R03,1138,376.46,428411.48,10,Completed
SO04345,2024-01-23,C001,P003,R01,800,424.46,339568.0,27,Delayed
SO04346,2023-11-24,C026,P007,R04,421,234.66,98791.86,17,Completed
SO04347,2024-01-31,C031,P002,R02,402,279.64,112415.28,14,Completed
SO04348,2023-06-05,C048,P002,R04,1739,315.82,549210.98,22,Completed
SO04349,2025-12-16,C049,P002,R03,1762,24.09,42446.58,17,Completed
SO04350,2025-02-20,C008,P008,R04,123,47.64,5859.72,20,Completed
SO04351,2025-04-10,C043,P006,R04,148,125.01,18501.48,24,Completed
SO04352,2025-09-26,C005,P002,R04,1770,302.84,536026.8,29,Delayed
SO04353,2025-03-03,C018,P007,R04,788,196.53,154865.64,26,Completed
SO04354,2025-01-08,C023,P005,R04,1473,84.73,124807.29,17,Completed
SO04355,2023-11-11,C013,P005,R01,1010,455.78,460337.8,19,Completed
SO04356,2024-01-20,C043,P007,R04,1847,118.41,218703.27,16,Completed
SO04357,2023-01-04,C002,P003,R04,949,249.93,237183.57,26,Completed
SO04358,2024-06-02,C010,P002,R04,1293,45.91,59361.63,3,Completed
SO04359,2023-10-10,C010,P007,R04,71,484.01,34364.71,23,Completed
SO04360,2023-11-16,C032,P007,R02,1858,37.34,69377.72,10,Completed
SO04361,2025-12-22,C047,P006,R04,98,214.69,21039.62,23,Completed
SO04362,2023-12-24,C034,P005,R02,483,117.39,56699.37,23,Completed
SO04363,2023-11-26,C045,P008,R03,1813,455.49,825803.37,11,Completed
SO04364,2023-09-08,C001,P005,R01,1461,144.64,211319.04,3,Completed
SO04365,2024-03-30,C050,P006,R04,606,499.02,302406.12,22,Completed
SO04366,2024-07-26,C033,P004,R02,461,350.53,161594.33,20,Completed
SO04367,2025-04-17,C032,P008,R02,1402,345.23,484012.46,6,Completed
SO04368,2023-04-12,C017,P008,R03,1156,438.43,506825.08,29,Delayed
SO04369,2025-01-10,C050,P002,R04,1384,225.23,311718.32,26,Completed
SO04370,2023-01-16,C004,P003,R03,342,163.84,56033.28,15,Completed
SO04371,2023-10-11,C016,P003,R03,1087,385.58,419125.46,3,Completed
SO04372,2025-09-02,C021,P001,R01,1333,114.23,152268.59,21,Completed
SO04373,2024-03-18,C030,P007,R02,143,104.45,14936.35,6,Completed
SO04374,2023-01-29,C047,P003,R04,1885,352.26,664010.1,28,Delayed
SO04375,2023-09-10,C046,P005,R01,824,90.79,74810.96,27,Delayed
SO04376,2023-06-02,C041,P003,R02,427,444.99,190010.73,26,Completed
SO04377,2024-04-24,C046,P001,R01,1028,496.51,510412.28,25,Completed
SO04378,2023-04-30,C049,P001,R03,897,276.66,248164.02,19,Completed
SO04379,2025-03-02,C018,P005,R04,1430,472.26,675331.8,16,Completed
SO04380,2023-09-27,C043,P003,R04,1413,445.99,630183.87,9,Completed
SO04381,2024-05-28,C022,P003,R02,1705,473.46,807249.3,27,Delayed
SO04382,2024-10-11,C002,P005,R04,1802,29.14,52510.28,16,Completed
SO04383,2025-07-04,C035,P002,R02,1224,491.93,602122.32,5,Completed
SO04384,2024-09-20,C003,P008,R03,1847,372.97,688875.59,26,Completed
SO04385,2024-10-19,C005,P004,R04,1759,158.68,279118.12,3,Completed
SO04386,2025-06-16,C026,P001,R04,850,336.71,286203.5,20,Completed
SO04387,2025-12-02,C033,P006,R02,1543,180.21,278064.03,6,Completed
SO04388,2023-04-11,C047,P008,R04,1808,452.57,818246.56,16,Completed
SO04389,2024-01-05,C012,P006,R01,880,484.22,426113.6,11,Completed
SO04390,2023-02-05,C032,P008,R02,159,221.41,35204.19,10,Completed
SO04391,2025-09-23,C005,P003,R04,822,461.73,379542.06,25,Completed
SO04392,2023-06-10,C029,P007,R02,1791,57.69,103322.79,24,Completed
SO04393,2025-03-10,C037,P005,R04,994,309.33,307474.02,20,Completed
SO04394,2023-02-08,C036,P007,R04,1054,238.54,251421.16,25,Completed
SO04395,2024-02-29,C032,P003,R02,406,431.0,174986.0,9,Completed
SO04396,2025-05-01,C036,P004,R04,293,55.28,16197.04,7,Completed
SO04397,2023-03-22,C008,P008,R04,1912,40.68,77780.16,7,Completed
SO04398,2025-09-29,C041,P002,R02,1715,361.01,619132.15,19,Completed
SO04399,2024-06-15,C045,P004,R03,599,394.36,236221.64,27,Delayed
SO04400,2025-02-26,C038,P008,R02,610,37.87,23100.7,25,Completed
SO04401,2025-07-23,C027,P007,R03,1463,302.53,442601.39,13,Completed
SO04402,2023-05-27,C021,P003,R01,875,491.31,429896.25,9,Completed
SO04403,2023-01-17,C028,P003,R04,1971,263.98,520304.58,7,Completed
SO04404,2025-12-24,C032,P004,R02,1529,440.56,673616.24,13,Completed
SO04405,2025-12-18,C044,P008,R01,855,384.79,328995.45,7,Completed
SO04406,2025-08-06,C025,P007,R01,743,46.75,34735.25,11,Completed
SO04407,2023-09-05,C015,P005,R04,424,296.37,125660.88,10,Completed
SO04408,2025-11-22,C027,P005,R03,1758,173.51,305030.58,10,Completed
SO04409,2023-04-07,C004,P008,R03,1925,25.81,49684.25,27,Delayed
SO04410,2024-10-07,C017,P005,R03,1369,360.94,494126.86,7,Completed
SO04411,2023-06-01,C040,P003,R01,1169,136.82,159942.58,28,Delayed
SO04412,2024-11-26,C017,P001,R03,1754,133.67,234457.18,8,Completed
SO04413,2025-10-07,C043,P007,R04,1865,463.91,865192.15,12,Completed
SO04414,2025-07-12,C017,P002,R03,1016,455.91,463204.56,17,Completed
SO04415,2024-12-31,C050,P006,R04,1609,116.02,186676.18,13,Completed
SO04416,2025-10-05,C027,P001,R03,884,120.48,106504.32,4,Completed
SO04417,2024-12-03,C014,P006,R03,889,239.77,213155.53,21,Completed
SO04418,2023-03-17,C043,P002,R04,1357,270.39,366919.23,18,Completed
SO04419,2023-10-01,C046,P006,R01,1146,122.51,140396.46,28,Delayed
SO04420,2023-03-25,C036,P001,R04,1925,405.13,779875.25,24,Completed
SO04421,2024-11-21,C031,P004,R02,834,266.84,222544.56,9,Completed
SO04422,2023-03-08,C027,P004,R03,446,210.93,94074.78,29,Delayed
SO04423,2023-08-30,C005,P006,R04,1392,26.6,37027.2,3,Completed
SO04424,2024-01-04,C007,P003,R02,1678,424.88,712948.64,20,Completed
SO04425,2024-11-10,C006,P002,R04,939,395.97,371815.83,20,Completed
SO04426,2023-06-10,C034,P005,R02,975,349.71,340967.25,11,Completed
SO04427,2025-02-25,C027,P001,R03,672,179.59,120684.48,9,Completed
SO04428,2025-10-22,C044,P006,R01,226,409.44,92533.44,21,Completed
SO04429,2024-09-18,C024,P006,R02,762,36.15,27546.3,12,Completed
SO04430,2024-10-13,C021,P002,R01,1344,300.29,403589.76,23,Completed
SO04431,2023-12-23,C050,P004,R04,186,435.73,81045.78,20,Completed
SO04432,2025-05-04,C034,P002,R02,1777,102.02,181289.54,18,Completed
SO04433,2023-11-30,C040,P007,R01,1134,445.1,504743.4,22,Completed
SO04434,2023-06-25,C027,P007,R03,682,159.12,108519.84,4,Completed
SO04435,2025-10-01,C012,P005,R01,404,491.45,198545.8,15,Completed
SO04436,2025-10-27,C021,P003,R01,90,376.63,33896.7,23,Completed
SO04437,2025-06-11,C015,P002,R04,1658,383.62,636041.96,9,Completed
SO04438,2023-03-06,C013,P006,R01,1948,77.13,150249.24,23,Completed
SO04439,2024-10-11,C041,P002,R02,1636,355.81,582105.16,25,Completed
SO04440,2025-04-16,C008,P007,R04,1256,271.84,341431.04,26,Completed
SO04441,2025-02-14,C018,P007,R04,703,73.22,51473.66,11,Completed
SO04442,2023-08-27,C036,P008,R04,456,293.79,133968.24,17,Completed
SO04443,2025-04-06,C012,P007,R01,1062,140.27,148966.74,19,Completed
SO04444,2024-05-13,C037,P001,R04,570,330.81,188561.7,28,Delayed
SO04445,2023-10-26,C031,P001,R02,792,443.68,351394.56,4,Completed
SO04446,2023-08-19,C011,P006,R04,51,166.45,8488.95,9,Completed
SO04447,2025-06-27,C009,P007,R02,1561,242.41,378402.01,21,Completed
SO04448,2024-07-07,C011,P008,R04,1095,106.82,116967.9,18,Completed
SO04449,2023-07-05,C022,P007,R02,1724,81.05,139730.2,10,Completed
SO04450,2024-07-25,C009,P002,R02,1876,102.85,192946.6,11,Completed
SO04451,2024-07-21,C046,P008,R01,1549,198.91,308111.59,4,Completed
SO04452,2024-11-24,C039,P006,R01,1724,62.17,107181.08,13,Completed
SO04453,2024-10-08,C044,P001,R01,1644,357.33,587450.52,10,Completed
SO04454,2024-11-29,C021,P005,R01,1293,32.52,42048.36,7,Completed
SO04455,2025-09-30,C011,P001,R04,1404,403.93,567117.72,21,Completed
SO04456,2025-02-20,C029,P005,R02,1796,161.92,290808.32,26,Completed
SO04457,2025-05-09,C048,P003,R04,132,26.16,3453.12,17,Completed
SO04458,2024-01-05,C009,P002,R02,1709,301.22,514784.98,21,Completed
SO04459,2023-11-05,C032,P003,R02,404,217.44,87845.76,20,Completed
SO04460,2023-11-16,C049,P002,R03,1873,68.54,128375.42,13,Completed
SO04461,2023-04-30,C026,P007,R04,671,339.02,227482.42,3,Completed
SO04462,2024-09-06,C010,P007,R04,300,313.11,93933.0,5,Completed
SO04463,2025-02-14,C046,P007,R01,561,118.58,66523.38,24,Completed
SO04464,2024-01-14,C014,P001,R03,1983,192.15,381033.45,7,Completed
SO04465,2024-05-26,C047,P006,R04,902,453.51,409066.02,11,Completed
SO04466,2025-02-17,C008,P008,R04,381,110.44,42077.64,28,Delayed
SO04467,2024-12-27,C033,P004,R02,400,349.32,139728.0,11,Completed
SO04468,2023-11-12,C016,P003,R03,921,400.33,368703.93,16,Completed
SO04469,2024-09-06,C033,P005,R02,213,350.32,74618.16,16,Completed
SO04470,2025-12-30,C007,P007,R02,1755,112.85,198051.75,14,Completed
SO04471,2023-10-08,C040,P006,R01,1549,291.21,451084.29,18,Completed
SO04472,2023-07-20,C039,P003,R01,304,486.29,147832.16,26,Completed
SO04473,2023-12-30,C030,P003,R02,347,446.04,154775.88,20,Completed
SO04474,2024-09-01,C042,P007,R04,1837,86.91,159653.67,11,Completed
SO04475,2025-07-16,C019,P001,R04,379,459.32,174082.28,24,Completed
SO04476,2023-08-29,C030,P006,R02,1455,463.18,673926.9,9,Completed
SO04477,2023-05-05,C022,P007,R02,1716,284.91,488905.56,15,Completed
SO04478,2023-01-05,C022,P005,R02,1412,376.88,532154.56,12,Completed
SO04479,2023-05-05,C007,P008,R02,1306,458.34,598592.04,5,Completed
SO04480,2024-12-03,C023,P003,R04,1837,439.08,806589.96,10,Completed
SO04481,2023-10-07,C029,P008,R02,206,476.68,98196.08,3,Completed
SO04482,2025-08-05,C032,P006,R02,926,186.48,172680.48,5,Completed
SO04483,2023-10-04,C046,P005,R01,439,384.52,168804.28,8,Completed
SO04484,2024-02-01,C036,P001,R04,1530,78.65,120334.5,24,Completed
SO04485,2023-06-17,C029,P002,R02,418,54.61,22826.98,28,Delayed
SO04486,2023-07-02,C047,P007,R04,1902,121.29,230693.58,11,Completed
SO04487,2023-05-11,C004,P007,R03,558,427.86,238745.88,4,Completed
SO04488,2024-01-30,C048,P003,R04,172,281.38,48397.36,14,Completed
SO04489,2024-04-04,C016,P008,R03,1560,53.14,82898.4,15,Completed
SO04490,2025-09-19,C014,P007,R03,1660,454.24,754038.4,20,Completed
SO04491,2025-08-19,C045,P003,R03,883,369.81,326542.23,29,Delayed
SO04492,2023-10-17,C020,P001,R01,102,193.54,19741.08,5,Completed
SO04493,2024-12-01,C018,P006,R04,50,365.72,18286.0,25,Completed
SO04494,2025-09-07,C029,P004,R02,422,138.59,58484.98,11,Completed
SO04495,2023-01-21,C012,P003,R01,189,225.03,42530.67,11,Completed
SO04496,2025-10-01,C013,P008,R01,1939,196.41,380838.99,7,Completed
SO04497,2023-12-17,C010,P003,R04,1673,151.02,252656.46,18,Completed
SO04498,2025-12-26,C047,P001,R04,226,449.42,101568.92,7,Completed
SO04499,2025-07-25,C009,P002,R02,1164,72.85,84797.4,14,Completed
SO04500,2025-01-25,C050,P006,R04,93,370.04,34413.72,3,Completed
SO04501,2025-01-30,C030,P002,R02,843,106.18,89509.74,13,Completed
SO04502,2023-10-27,C017,P002,R03,770,74.06,57026.2,26,Completed
SO04503,2023-10-23,C009,P008,R02,1971,339.77,669686.67,8,Completed
SO04504,2025-04-19,C003,P002,R03,560,65.68,36780.8,11,Completed
SO04505,2024-10-27,C023,P004,R04,381,330.03,125741.43,23,Completed
SO04506,2023-02-05,C037,P008,R04,1033,72.95,75357.35,13,Completed
SO04507,2024-11-20,C026,P005,R04,800,328.71,262968.0,19,Completed
SO04508,2025-06-01,C016,P003,R03,1277,104.53,133484.81,29,Delayed
SO04509,2024-11-17,C033,P006,R02,1459,262.23,382593.57,21,Completed
SO04510,2024-05-29,C028,P007,R04,611,254.62,155572.82,11,Completed
SO04511,2023-05-17,C045,P008,R03,346,359.97,124549.62,24,Completed
SO04512,2024-07-17,C049,P007,R03,1610,190.61,306882.1,23,Completed
SO04513,2025-04-28,C034,P008,R02,1518,135.56,205780.08,7,Completed
SO04514,2023-12-20,C047,P007,R04,1826,379.04,692127.04,22,Completed
SO04515,2025-11-08,C024,P002,R02,948,105.5,100014.0,11,Completed
SO04516,2024-11-03,C037,P002,R04,568,164.08,93197.44,20,Completed
SO04517,2023-01-22,C035,P006,R02,962,490.37,471735.94,9,Completed
SO04518,2024-04-25,C029,P006,R02,621,389.41,241823.61,18,Completed
SO04519,2025-10-23,C034,P005,R02,1689,83.96,141808.44,8,Completed
SO04520,2025-08-20,C047,P002,R04,985,108.91,107276.35,21,Completed
SO04521,2024-10-30,C042,P001,R04,455,285.93,130098.15,18,Completed
SO04522,2024-12-21,C014,P003,R03,1905,281.7,536638.5,8,Completed
SO04523,2025-04-30,C010,P008,R04,124,369.24,45785.76,27,Delayed
SO04524,2024-02-29,C038,P005,R02,1613,377.81,609407.53,18,Completed
SO04525,2023-12-12,C013,P004,R01,326,459.36,149751.36,28,Delayed
SO04526,2025-02-19,C015,P003,R04,1741,25.83,44970.03,6,Completed
SO04527,2023-02-22,C003,P001,R03,152,65.86,10010.72,27,Delayed
SO04528,2025-04-15,C012,P006,R01,1142,76.14,86951.88,27,Delayed
SO04529,2025-07-03,C015,P007,R04,1179,458.03,540017.37,12,Completed
SO04530,2024-10-17,C005,P004,R04,329,317.46,104444.34,19,Completed
SO04531,2023-03-18,C035,P001,R02,981,110.24,108145.44,26,Completed
SO04532,2025-12-02,C049,P005,R03,1808,481.98,871419.84,8,Completed
SO04533,2024-03-07,C014,P002,R03,853,306.28,261256.84,29,Delayed
SO04534,2023-04-04,C044,P006,R01,1953,125.02,244164.06,16,Completed
SO04535,2025-09-04,C040,P006,R01,1011,173.55,175459.05,25,Completed
SO04536,2023-06-30,C025,P003,R01,775,154.67,119869.25,20,Completed
SO04537,2025-07-17,C030,P008,R02,1935,424.01,820459.35,19,Completed
SO04538,2024-06-13,C015,P005,R04,112,286.02,32034.24,22,Completed
SO04539,2023-10-28,C013,P002,R01,367,392.27,143963.09,10,Completed
SO04540,2025-07-08,C030,P003,R02,1453,250.2,363540.6,3,Completed
SO04541,2023-07-24,C039,P003,R01,778,482.07,375050.46,17,Completed
SO04542,2025-03-14,C041,P002,R02,1271,415.36,527922.56,18,Completed
SO04543,2024-02-22,C042,P002,R04,1774,268.3,475964.2,5,Completed
SO04544,2025-04-11,C018,P001,R04,1369,491.4,672726.6,13,Completed
SO04545,2024-10-27,C036,P001,R04,469,385.43,180766.67,14,Completed
SO04546,2023-12-06,C021,P004,R01,596,393.72,234657.12,17,Completed
SO04547,2023-02-07,C047,P003,R04,1401,157.34,220433.34,14,Completed
SO04548,2025-03-06,C020,P008,R01,500,366.05,183025.0,23,Completed
SO04549,2023-07-19,C039,P007,R01,470,262.8,123516.0,7,Completed
SO04550,2025-05-16,C022,P002,R02,1151,387.75,446300.25,5,Completed
SO04551,2024-06-07,C011,P008,R04,1345,240.62,323633.9,9,Completed
SO04552,2024-12-22,C009,P002,R02,1835,33.07,60683.45,17,Completed
SO04553,2024-05-02,C015,P008,R04,1847,216.32,399543.04,11,Completed
SO04554,2023-11-21,C003,P004,R03,1080,145.1,156708.0,11,Completed
SO04555,2024-09-14,C025,P006,R01,1175,196.6,231005.0,3,Completed
SO04556,2023-08-15,C005,P008,R04,706,169.18,119441.08,25,Completed
SO04557,2025-11-17,C001,P003,R01,598,352.65,210884.7,14,Completed
SO04558,2025-12-10,C020,P008,R01,925,214.07,198014.75,28,Delayed
SO04559,2024-12-10,C001,P003,R01,1972,123.91,244350.52,24,Completed
SO04560,2023-01-14,C041,P005,R02,515,407.83,210032.45,3,Completed
SO04561,2023-01-26,C037,P003,R04,843,498.35,420109.05,5,Completed
SO04562,2025-02-11,C020,P002,R01,1330,273.68,363994.4,25,Completed
SO04563,2025-02-15,C001,P004,R01,236,388.08,91586.88,3,Completed
SO04564,2024-06-04,C021,P002,R01,1479,339.77,502519.83,8,Completed
SO04565,2025-02-09,C027,P003,R03,470,226.29,106356.3,4,Completed
SO04566,2024-01-05,C021,P005,R01,1235,446.64,551600.4,5,Completed
SO04567,2023-06-17,C012,P002,R01,989,129.05,127630.45,29,Delayed
SO04568,2024-11-01,C011,P006,R04,1677,66.58,111654.66,26,Completed
SO04569,2024-06-11,C002,P001,R04,1034,337.43,348902.62,12,Completed
SO04570,2023-12-09,C019,P004,R04,1472,494.79,728330.88,19,Completed
SO04571,2024-04-04,C038,P006,R02,692,44.71,30939.32,20,Completed
SO04572,2025-12-31,C035,P007,R02,429,352.69,151304.01,22,Completed
SO04573,2024-08-09,C016,P007,R03,663,113.61,75323.43,14,Completed
SO04574,2024-05-30,C024,P003,R02,1558,430.12,670126.96,15,Completed
SO04575,2023-11-08,C004,P003,R03,655,73.31,48018.05,29,Delayed
SO04576,2024-11-08,C017,P003,R03,1585,450.12,713440.2,5,Completed
SO04577,2024-12-06,C045,P003,R03,1862,332.76,619599.12,14,Completed
SO04578,2024-10-31,C039,P008,R01,695,460.65,320151.75,20,Completed
SO04579,2024-07-19,C013,P001,R01,818,107.52,87951.36,12,Completed
SO04580,2025-02-05,C012,P006,R01,308,244.95,75444.6,16,Completed
SO04581,2024-12-03,C046,P008,R01,1728,496.31,857623.68,19,Completed
SO04582,2024-08-14,C032,P005,R02,1996,321.09,640895.64,29,Delayed
SO04583,2023-02-16,C009,P003,R02,1884,224.53,423014.52,23,Completed
SO04584,2025-11-14,C023,P001,R04,969,336.93,326485.17,23,Completed
SO04585,2023-06-04,C023,P008,R04,1690,424.51,717421.9,6,Completed
SO04586,2023-09-03,C039,P007,R01,1276,353.85,451512.6,26,Completed
SO04587,2023-08-28,C016,P002,R03,1868,284.88,532155.84,19,Completed
SO04588,2024-10-13,C045,P002,R03,980,46.28,45354.4,19,Completed
SO04589,2024-04-30,C049,P006,R03,1626,380.02,617912.52,7,Completed
SO04590,2025-07-22,C045,P008,R03,1137,68.21,77554.77,19,Completed
SO04591,2025-05-27,C034,P007,R02,255,106.17,27073.35,9,Completed
SO04592,2023-11-10,C015,P006,R04,945,20.15,19041.75,13,Completed
SO04593,2024-06-11,C009,P008,R02,54,62.86,3394.44,7,Completed
SO04594,2023-05-04,C049,P007,R03,1439,351.34,505578.26,6,Completed
SO04595,2023-04-01,C006,P002,R04,1863,463.76,863984.88,26,Completed
SO04596,2023-03-10,C049,P004,R03,1433,304.93,436964.69,18,Completed
SO04597,2023-07-14,C026,P008,R04,1855,355.63,659693.65,19,Completed
SO04598,2024-08-31,C023,P006,R04,1395,322.6,450027.0,9,Completed
SO04599,2023-05-13,C038,P008,R02,325,321.93,104627.25,20,Completed
SO04600,2025-01-19,C045,P002,R03,1867,80.95,151133.65,12,Completed
SO04601,2024-12-07,C014,P008,R03,506,138.12,69888.72,5,Completed
SO04602,2024-05-02,C046,P007,R01,728,253.99,184904.72,16,Completed
SO04603,2024-10-30,C043,P003,R04,1266,256.23,324387.18,26,Completed
SO04604,2024-10-09,C042,P008,R04,452,218.84,98915.68,22,Completed
SO04605,2023-10-02,C044,P007,R01,1515,310.69,470695.35,23,Completed
SO04606,2025-05-08,C031,P003,R02,1518,61.81,93827.58,27,Delayed
SO04607,2025-05-25,C036,P005,R04,1549,291.86,452091.14,9,Completed
SO04608,2024-07-12,C003,P003,R03,598,227.87,136266.26,17,Completed
SO04609,2024-02-17,C016,P005,R03,929,230.29,213939.41,25,Completed
SO04610,2024-08-01,C025,P008,R01,1208,385.59,465792.72,8,Completed
SO04611,2025-06-04,C014,P003,R03,1391,269.72,375180.52,8,Completed
SO04612,2024-02-17,C044,P002,R01,405,304.01,123124.05,7,Completed
SO04613,2024-06-09,C017,P005,R03,1143,476.72,544890.96,17,Completed
SO04614,2024-02-28,C034,P005,R02,686,324.99,222943.14,25,Completed
SO04615,2025-12-06,C044,P001,R01,573,405.36,232271.28,14,Completed
SO04616,2023-07-05,C028,P008,R04,1909,132.11,252197.99,29,Delayed
SO04617,2023-08-05,C029,P006,R02,138,232.82,32129.16,16,Completed
SO04618,2024-04-17,C022,P005,R02,429,201.65,86507.85,9,Completed
SO04619,2023-05-25,C018,P002,R04,1740,239.18,416173.2,9,Completed
SO04620,2025-08-02,C019,P008,R04,378,163.98,61984.44,9,Completed
SO04621,2025-11-02,C012,P006,R01,817,218.96,178890.32,16,Completed
SO04622,2025-08-10,C010,P005,R04,1189,29.48,35051.72,21,Completed
SO04623,2024-08-08,C025,P003,R01,622,319.55,198760.1,13,Completed
SO04624,2025-06-23,C021,P002,R01,1921,220.03,422677.63,12,Completed
SO04625,2023-10-11,C006,P008,R04,1632,218.49,356575.68,12,Completed
SO04626,2024-10-18,C020,P005,R01,1397,36.25,50641.25,18,Completed
SO04627,2023-05-27,C023,P006,R04,1231,200.15,246384.65,13,Completed
SO04628,2025-09-20,C037,P005,R04,766,362.16,277414.56,7,Completed
SO04629,2025-10-24,C016,P004,R03,145,465.05,67432.25,20,Completed
SO04630,2025-09-21,C044,P003,R01,1538,409.95,630503.1,4,Completed
SO04631,2025-05-01,C001,P004,R01,1014,31.51,31951.14,16,Completed
SO04632,2023-04-03,C020,P002,R01,512,260.32,133283.84,26,Completed
SO04633,2023-11-03,C046,P002,R01,1658,83.19,137929.02,8,Completed
SO04634,2024-01-20,C034,P003,R02,627,103.0,64581.0,25,Completed
SO04635,2023-01-12,C040,P006,R01,1966,220.54,433581.64,29,Delayed
SO04636,2025-07-05,C007,P008,R02,784,159.66,125173.44,8,Completed
SO04637,2024-09-10,C004,P003,R03,393,331.11,130126.23,23,Completed
SO04638,2024-03-28,C024,P005,R02,276,157.55,43483.8,23,Completed
SO04639,2024-09-29,C035,P004,R02,1960,209.96,411521.6,9,Completed
SO04640,2023-07-16,C029,P001,R02,443,469.1,207811.3,15,Completed
SO04641,2024-06-02,C015,P008,R04,70,270.19,18913.3,8,Completed
SO04642,2024-06-26,C033,P002,R02,702,394.03,276609.06,14,Completed
SO04643,2024-06-21,C023,P002,R04,1010,177.76,179537.6,22,Completed
SO04644,2025-10-24,C025,P004,R01,626,376.04,235401.04,23,Completed
SO04645,2025-09-27,C032,P002,R02,1345,51.35,69065.75,20,Completed
SO04646,2024-04-26,C024,P002,R02,62,206.98,12832.76,12,Completed
SO04647,2023-09-19,C003,P006,R03,488,205.93,100493.84,19,Completed
SO04648,2024-05-04,C035,P007,R02,470,29.81,14010.7,26,Completed
SO04649,2025-07-12,C019,P006,R04,589,153.72,90541.08,24,Completed
SO04650,2024-06-11,C016,P006,R03,533,394.07,210039.31,22,Completed
SO04651,2025-03-27,C033,P007,R02,1890,45.66,86297.4,25,Completed
SO04652,2025-03-09,C013,P008,R01,1189,376.25,447361.25,27,Delayed
SO04653,2024-01-21,C044,P007,R01,407,218.25,88827.75,20,Completed
SO04654,2023-05-14,C014,P004,R03,1880,449.35,844778.0,17,Completed
SO04655,2023-07-09,C033,P002,R02,1538,402.38,618860.44,3,Completed
SO04656,2023-07-20,C023,P007,R04,1859,462.75,860252.25,11,Completed
SO04657,2025-05-15,C031,P001,R02,863,433.56,374162.28,19,Completed
SO04658,2025-11-01,C005,P001,R04,977,352.83,344714.91,26,Completed
SO04659,2023-04-15,C034,P005,R02,1646,158.55,260973.3,19,Completed
SO04660,2025-04-19,C047,P007,R04,589,97.39,57362.71,13,Completed
SO04661,2024-08-21,C009,P007,R02,1130,380.27,429705.1,19,Completed
SO04662,2024-04-25,C013,P001,R01,1678,281.73,472742.94,26,Completed
SO04663,2025-02-25,C013,P003,R01,778,171.73,133605.94,3,Completed
SO04664,2025-12-29,C024,P006,R02,814,288.72,235018.08,5,Completed
SO04665,2024-05-15,C035,P003,R02,559,415.68,232365.12,4,Completed
SO04666,2025-04-09,C030,P007,R02,421,26.51,11160.71,21,Completed
SO04667,2024-07-06,C026,P001,R04,1505,96.44,145142.2,14,Completed
SO04668,2025-02-09,C049,P005,R03,310,484.97,150340.7,16,Completed
SO04669,2025-05-24,C006,P004,R04,1893,319.98,605722.14,9,Completed
SO04670,2025-06-05,C048,P003,R04,162,330.28,53505.36,11,Completed
SO04671,2024-11-23,C021,P001,R01,1810,492.85,892058.5,22,Completed
SO04672,2025-03-04,C013,P004,R01,1048,118.35,124030.8,3,Completed
SO04673,2023-08-11,C001,P006,R01,1621,291.22,472067.62,13,Completed
SO04674,2024-07-11,C038,P001,R02,676,177.93,120280.68,23,Completed
SO04675,2024-04-01,C038,P007,R02,1062,476.55,506096.1,22,Completed
SO04676,2024-04-27,C024,P006,R02,1099,206.94,227427.06,16,Completed
SO04677,2023-11-12,C028,P005,R04,1962,384.19,753780.78,27,Delayed
SO04678,2025-10-11,C048,P002,R04,134,71.21,9542.14,15,Completed
SO04679,2023-04-16,C021,P008,R01,1250,316.94,396175.0,9,Completed
SO04680,2024-04-29,C050,P001,R04,447,272.13,121642.11,11,Completed
SO04681,2025-05-08,C023,P008,R04,1994,362.44,722705.36,26,Completed
SO04682,2024-11-01,C039,P001,R01,558,281.01,156803.58,11,Completed
SO04683,2023-11-12,C018,P003,R04,1008,89.98,90699.84,13,Completed
SO04684,2025-06-19,C019,P001,R04,1170,451.52,528278.4,17,Completed
SO04685,2025-12-06,C011,P001,R04,1327,417.83,554460.41,7,Completed
SO04686,2023-08-06,C007,P006,R02,1106,470.61,520494.66,3,Completed
SO04687,2023-05-29,C037,P007,R04,391,256.01,100099.91,21,Completed
SO04688,2024-07-02,C021,P004,R01,1394,24.44,34069.36,5,Completed
SO04689,2023-06-16,C035,P002,R02,1793,411.19,737263.67,29,Delayed
SO04690,2023-09-25,C014,P003,R03,918,332.08,304849.44,23,Completed
SO04691,2025-01-12,C007,P008,R02,530,58.97,31254.1,12,Completed
SO04692,2025-09-26,C043,P005,R04,1383,339.61,469680.63,21,Completed
SO04693,2024-12-09,C013,P005,R01,1745,31.35,54705.75,4,Completed
SO04694,2024-04-19,C046,P008,R01,1871,352.93,660332.03,15,Completed
SO04695,2024-11-05,C022,P005,R02,1488,167.25,248868.0,12,Completed
SO04696,2024-07-27,C031,P001,R02,989,45.53,45029.17,10,Completed
SO04697,2024-10-14,C050,P002,R04,197,225.31,44386.07,8,Completed
SO04698,2024-10-29,C001,P004,R01,1946,453.99,883464.54,26,Completed
SO04699,2024-09-25,C016,P003,R03,979,379.98,372000.42,22,Completed
SO04700,2023-09-16,C035,P008,R02,352,390.26,137371.52,6,Completed
SO04701,2025-02-09,C009,P001,R02,601,298.46,179374.46,25,Completed
SO04702,2025-06-16,C038,P003,R02,1206,30.53,36819.18,23,Completed
SO04703,2024-12-28,C026,P003,R04,896,301.3,269964.8,23,Completed
SO04704,2025-04-18,C041,P007,R02,1800,411.63,740934.0,27,Delayed
SO04705,2024-06-19,C003,P006,R03,1412,297.53,420112.36,7,Completed
SO04706,2024-06-05,C024,P001,R02,688,346.7,238529.6,29,Delayed
SO04707,2024-12-15,C028,P008,R04,863,402.22,347115.86,5,Completed
SO04708,2025-10-10,C046,P006,R01,1437,378.84,544393.08,9,Completed
SO04709,2023-09-20,C043,P006,R04,1813,77.01,139619.13,14,Completed
SO04710,2024-04-10,C045,P001,R03,577,193.21,111482.17,21,Completed
SO04711,2025-11-03,C009,P002,R02,957,374.19,358099.83,28,Delayed
SO04712,2024-05-11,C017,P003,R03,1636,318.48,521033.28,13,Completed
SO04713,2025-08-30,C024,P003,R02,204,127.36,25981.44,13,Completed
SO04714,2023-08-10,C050,P006,R04,1886,403.11,760265.46,3,Completed
SO04715,2025-04-04,C049,P001,R03,1863,363.69,677554.47,7,Completed
SO04716,2024-09-17,C027,P005,R03,977,471.75,460899.75,28,Delayed
SO04717,2025-12-23,C047,P004,R04,1929,498.04,960719.16,5,Completed
SO04718,2025-10-10,C047,P001,R04,1985,124.94,248005.9,9,Completed
SO04719,2025-11-01,C013,P003,R01,1050,334.33,351046.5,22,Completed
SO04720,2024-05-09,C019,P006,R04,264,227.17,59972.88,10,Completed
SO04721,2024-08-25,C035,P007,R02,907,438.99,398163.93,7,Completed
SO04722,2024-11-25,C038,P004,R02,1430,474.48,678506.4,6,Completed
SO04723,2025-09-06,C037,P006,R04,1383,382.18,528554.94,8,Completed
SO04724,2023-01-31,C013,P001,R01,1561,309.59,483269.99,21,Completed
SO04725,2024-02-17,C003,P004,R03,1299,474.35,616180.65,17,Completed
SO04726,2024-06-08,C043,P004,R04,1345,389.03,523245.35,22,Completed
SO04727,2023-12-24,C033,P004,R02,1791,223.34,400001.94,5,Completed
SO04728,2024-03-27,C030,P002,R02,1382,258.56,357329.92,17,Completed
SO04729,2024-09-05,C035,P002,R02,1696,383.92,651128.32,3,Completed
SO04730,2025-09-28,C026,P007,R04,718,125.79,90317.22,28,Delayed
SO04731,2025-12-28,C005,P003,R04,1456,299.07,435445.92,6,Completed
SO04732,2024-02-26,C002,P004,R04,1929,118.18,227969.22,4,Completed
SO04733,2024-09-08,C030,P007,R02,1110,292.17,324308.7,5,Completed
SO04734,2025-08-20,C047,P004,R04,865,147.71,127769.15,21,Completed
SO04735,2024-03-15,C006,P001,R04,513,425.89,218481.57,5,Completed
SO04736,2024-10-18,C012,P002,R01,1290,151.2,195048.0,26,Completed
SO04737,2025-08-05,C001,P007,R01,1337,469.52,627748.24,13,Completed
SO04738,2024-03-16,C048,P006,R04,280,170.73,47804.4,19,Completed
SO04739,2025-01-30,C037,P003,R04,1482,265.0,392730.0,17,Completed
SO04740,2023-01-23,C031,P008,R02,318,338.67,107697.06,7,Completed
SO04741,2025-11-02,C050,P008,R04,1292,142.47,184071.24,22,Completed
SO04742,2025-03-16,C002,P001,R04,354,169.71,60077.34,23,Completed
SO04743,2023-08-15,C020,P002,R01,560,327.04,183142.4,5,Completed
SO04744,2025-01-19,C032,P007,R02,1831,381.84,699149.04,26,Completed
SO04745,2025-10-08,C027,P007,R03,1779,373.94,665239.26,19,Completed
SO04746,2023-11-12,C038,P005,R02,1881,255.18,479993.58,14,Completed
SO04747,2023-10-31,C049,P006,R03,1137,295.45,335926.65,27,Delayed
SO04748,2023-06-26,C024,P007,R02,810,185.82,150514.2,20,Completed
SO04749,2024-05-18,C046,P002,R01,1379,247.03,340654.37,15,Completed
SO04750,2025-11-16,C010,P007,R04,819,287.91,235798.29,7,Completed
SO04751,2025-09-17,C016,P001,R03,1612,210.27,338955.24,11,Completed
SO04752,2023-06-10,C009,P004,R02,316,193.61,61180.76,10,Completed
SO04753,2024-10-19,C018,P005,R04,125,76.15,9518.75,6,Completed
SO04754,2023-10-09,C023,P002,R04,764,454.96,347589.44,26,Completed
SO04755,2023-02-14,C049,P007,R03,1920,472.72,907622.4,6,Completed
SO04756,2023-04-18,C023,P004,R04,526,297.52,156495.52,6,Completed
SO04757,2023-06-16,C032,P003,R02,959,397.74,381432.66,7,Completed
SO04758,2023-04-08,C032,P003,R02,1951,244.33,476687.83,25,Completed
SO04759,2025-03-07,C004,P007,R03,894,297.48,265947.12,28,Delayed
SO04760,2024-09-09,C045,P002,R03,936,437.22,409237.92,15,Completed
SO04761,2025-12-01,C017,P007,R03,925,181.9,168257.5,8,Completed
SO04762,2024-04-08,C009,P008,R02,1197,211.19,252794.43,5,Completed
SO04763,2025-11-11,C039,P002,R01,880,87.92,77369.6,9,Completed
SO04764,2025-02-04,C037,P006,R04,1664,23.36,38871.04,25,Completed
SO04765,2023-03-27,C049,P007,R03,1129,356.26,402217.54,7,Completed
SO04766,2024-08-20,C032,P001,R02,224,281.43,63040.32,23,Completed
SO04767,2025-11-24,C014,P007,R03,1110,31.13,34554.3,8,Completed
SO04768,2025-05-04,C029,P003,R02,1147,385.29,441927.63,21,Completed
SO04769,2023-10-05,C004,P008,R03,1575,215.76,339822.0,8,Completed
SO04770,2024-04-12,C028,P006,R04,577,175.63,101338.51,3,Completed
SO04771,2023-08-19,C049,P002,R03,1741,436.02,759110.82,8,Completed
SO04772,2025-07-23,C049,P008,R03,582,24.35,14171.7,29,Delayed
SO04773,2023-11-14,C050,P001,R04,1089,268.36,292244.04,15,Completed
SO04774,2024-10-01,C049,P005,R03,985,99.02,97534.7,5,Completed
SO04775,2023-12-04,C004,P007,R03,712,110.16,78433.92,13,Completed
SO04776,2024-06-08,C037,P004,R04,537,246.11,132161.07,19,Completed
SO04777,2024-06-04,C010,P005,R04,694,398.95,276871.3,27,Delayed
SO04778,2023-06-21,C033,P008,R02,522,426.59,222679.98,24,Completed
SO04779,2024-08-12,C009,P001,R02,415,157.69,65441.35,18,Completed
SO04780,2024-12-22,C009,P001,R02,1008,40.59,40914.72,23,Completed
SO04781,2023-08-11,C009,P002,R02,1252,256.54,321188.08,19,Completed
SO04782,2024-11-21,C015,P007,R04,1856,95.29,176858.24,24,Completed
SO04783,2023-08-10,C037,P004,R04,197,34.47,6790.59,18,Completed
SO04784,2024-01-15,C001,P007,R01,772,72.64,56078.08,15,Completed
SO04785,2024-09-13,C011,P001,R04,992,146.13,144960.96,23,Completed
SO04786,2023-12-25,C036,P003,R04,1677,386.55,648244.35,26,Completed
SO04787,2024-02-01,C021,P006,R01,610,426.44,260128.4,10,Completed
SO04788,2025-01-11,C034,P006,R02,750,185.32,138990.0,11,Completed
SO04789,2025-02-02,C046,P006,R01,1601,352.81,564848.81,4,Completed
SO04790,2023-09-29,C013,P002,R01,66,472.09,31157.94,24,Completed
SO04791,2024-11-08,C050,P001,R04,627,360.11,225788.97,10,Completed
SO04792,2025-02-16,C008,P002,R04,1854,384.93,713660.22,26,Completed
SO04793,2025-12-12,C015,P001,R04,871,282.52,246074.92,7,Completed
SO04794,2023-05-09,C033,P006,R02,306,485.24,148483.44,19,Completed
SO04795,2025-06-11,C020,P003,R01,1760,397.99,700462.4,23,Completed
SO04796,2024-03-25,C004,P003,R03,1115,216.94,241888.1,23,Completed
SO04797,2024-01-18,C045,P003,R03,1295,142.16,184097.2,6,Completed
SO04798,2025-03-06,C035,P007,R02,1935,59.86,115829.1,27,Delayed
SO04799,2023-12-19,C015,P004,R04,1262,258.18,325823.16,28,Delayed
SO04800,2023-08-01,C022,P003,R02,1049,440.47,462053.03,5,Completed
SO04801,2024-03-15,C035,P005,R02,608,360.4,219123.2,17,Completed
SO04802,2023-05-16,C024,P004,R02,201,171.9,34551.9,18,Completed
SO04803,2024-12-02,C041,P003,R02,1497,324.26,485417.22,3,Completed
SO04804,2023-12-07,C026,P003,R04,1638,481.44,788598.72,26,Completed
SO04805,2024-12-14,C044,P003,R01,1644,139.48,229305.12,21,Completed
SO04806,2023-11-13,C025,P001,R01,526,390.35,205324.1,27,Delayed
SO04807,2024-10-16,C046,P007,R01,1753,71.14,124708.42,8,Completed
SO04808,2023-10-19,C044,P007,R01,1043,346.21,361097.03,27,Delayed
SO04809,2025-07-20,C006,P001,R04,1382,489.39,676336.98,23,Completed
SO04810,2025-07-17,C008,P004,R04,1585,282.82,448269.7,28,Delayed
SO04811,2025-06-24,C042,P008,R04,1536,478.15,734438.4,16,Completed
SO04812,2024-03-26,C017,P006,R03,1086,185.58,201539.88,15,Completed
SO04813,2023-02-04,C032,P007,R02,1085,152.99,165994.15,23,Completed
SO04814,2025-07-23,C033,P007,R02,1255,136.39,171169.45,21,Completed
SO04815,2024-11-16,C012,P004,R01,1119,476.74,533472.06,8,Completed
SO04816,2023-04-18,C022,P003,R02,1053,225.98,237956.94,15,Completed
SO04817,2024-07-31,C019,P002,R04,186,287.52,53478.72,3,Completed
SO04818,2023-07-01,C019,P003,R04,618,228.15,140996.7,18,Completed
SO04819,2023-01-10,C027,P002,R03,855,306.66,262194.3,13,Completed
SO04820,2024-02-06,C009,P002,R02,794,472.38,375069.72,17,Completed
SO04821,2023-01-08,C018,P002,R04,1562,390.39,609789.18,5,Completed
SO04822,2024-03-28,C029,P001,R02,1702,398.11,677583.22,23,Completed
SO04823,2024-01-13,C040,P007,R01,300,22.21,6663.0,3,Completed
SO04824,2025-02-12,C044,P007,R01,1431,417.63,597628.53,7,Completed
SO04825,2024-07-22,C001,P004,R01,1639,377.06,618001.34,20,Completed
SO04826,2023-07-31,C015,P003,R04,68,192.04,13058.72,18,Completed
SO04827,2025-11-13,C016,P008,R03,845,325.52,275064.4,5,Completed
SO04828,2024-09-01,C045,P003,R03,515,275.72,141995.8,17,Completed
SO04829,2024-08-30,C040,P001,R01,1676,88.23,147873.48,12,Completed
SO04830,2024-01-24,C024,P001,R02,1274,356.57,454270.18,8,Completed
SO04831,2025-03-08,C038,P004,R02,477,24.34,11610.18,7,Completed
SO04832,2023-12-03,C012,P004,R01,1716,297.02,509686.32,11,Completed
SO04833,2023-09-06,C002,P006,R04,1319,22.37,29506.03,4,Completed
SO04834,2025-03-14,C030,P001,R02,1258,452.63,569408.54,22,Completed
SO04835,2023-10-26,C024,P001,R02,1283,259.15,332489.45,4,Completed
SO04836,2023-07-11,C049,P007,R03,417,279.48,116543.16,5,Completed
SO04837,2024-03-12,C019,P006,R04,365,399.93,145974.45,18,Completed
SO04838,2024-06-04,C041,P006,R02,718,44.68,32080.24,25,Completed
SO04839,2024-12-07,C008,P006,R04,541,401.94,217449.54,6,Completed
SO04840,2025-02-19,C028,P005,R04,1163,140.06,162889.78,16,Completed
SO04841,2023-08-21,C048,P001,R04,788,64.04,50463.52,22,Completed
SO04842,2025-10-17,C012,P002,R01,964,141.28,136193.92,15,Completed
SO04843,2023-08-08,C007,P008,R02,781,107.6,84035.6,7,Completed
SO04844,2024-03-11,C050,P008,R04,1752,208.75,365730.0,22,Completed
SO04845,2024-06-16,C002,P001,R04,1854,308.7,572329.8,19,Completed
SO04846,2024-03-20,C023,P008,R04,1382,173.03,239127.46,18,Completed
SO04847,2024-01-31,C020,P003,R01,1037,39.98,41459.26,7,Completed
SO04848,2024-06-19,C038,P008,R02,1501,53.57,80408.57,4,Completed
SO04849,2025-05-21,C047,P008,R04,779,473.87,369144.73,10,Completed
SO04850,2024-11-22,C050,P007,R04,1401,375.56,526159.56,29,Delayed
SO04851,2025-07-06,C007,P003,R02,934,374.74,350007.16,14,Completed
SO04852,2023-12-27,C006,P005,R04,1670,57.23,95574.1,17,Completed
SO04853,2025-07-26,C043,P001,R04,1731,184.11,318694.41,11,Completed
SO04854,2023-06-29,C037,P003,R04,986,211.54,208578.44,12,Completed
SO04855,2024-01-23,C041,P006,R02,725,58.97,42753.25,12,Completed
SO04856,2024-02-06,C026,P001,R04,1383,368.56,509718.48,17,Completed
SO04857,2023-06-24,C046,P005,R01,1316,58.82,77407.12,13,Completed
SO04858,2023-10-18,C008,P005,R04,1033,199.52,206104.16,20,Completed
SO04859,2023-10-08,C017,P007,R03,990,497.2,492228.0,11,Completed
SO04860,2024-01-10,C019,P001,R04,1094,291.36,318747.84,7,Completed
SO04861,2024-04-23,C044,P001,R01,650,57.94,37661.0,16,Completed
SO04862,2024-12-07,C027,P005,R03,866,162.75,140941.5,14,Completed
SO04863,2023-12-19,C035,P004,R02,1604,228.01,365728.04,10,Completed
SO04864,2023-03-07,C033,P008,R02,1517,28.97,43947.49,22,Completed
SO04865,2025-08-31,C003,P001,R03,1398,489.77,684698.46,23,Completed
SO04866,2025-10-06,C039,P001,R01,1281,233.7,299369.7,12,Completed
SO04867,2025-08-30,C045,P002,R03,76,336.38,25564.88,16,Completed
SO04868,2024-06-21,C042,P001,R04,683,241.73,165101.59,13,Completed
SO04869,2023-05-15,C001,P002,R01,509,285.21,145171.89,16,Completed
SO04870,2025-11-16,C032,P005,R02,513,137.63,70604.19,19,Completed
SO04871,2024-08-27,C015,P008,R04,914,87.68,80139.52,12,Completed
SO04872,2024-08-24,C017,P002,R03,928,483.62,448799.36,25,Completed
SO04873,2023-09-20,C050,P002,R04,399,244.31,97479.69,25,Completed
SO04874,2025-03-26,C012,P005,R01,805,294.04,236702.2,10,Completed
SO04875,2023-01-23,C047,P007,R04,875,21.43,18751.25,18,Completed
SO04876,2023-01-13,C043,P003,R04,1363,174.14,237352.82,5,Completed
SO04877,2025-05-25,C018,P004,R04,836,430.31,359739.16,26,Completed
SO04878,2024-06-11,C001,P006,R01,212,364.16,77201.92,9,Completed
SO04879,2023-08-28,C013,P006,R01,373,66.09,24651.57,3,Completed
SO04880,2024-12-20,C009,P005,R02,213,255.16,54349.08,12,Completed
SO04881,2023-06-15,C021,P006,R01,709,111.52,79067.68,5,Completed
SO04882,2025-06-27,C044,P007,R01,1594,210.21,335074.74,4,Completed
SO04883,2023-05-26,C002,P001,R04,1941,402.43,781116.63,21,Completed
SO04884,2024-03-31,C026,P007,R04,1862,268.9,500691.8,21,Completed
SO04885,2024-09-24,C011,P006,R04,716,96.77,69287.32,18,Completed
SO04886,2024-03-13,C038,P001,R02,232,485.76,112696.32,12,Completed
SO04887,2024-09-15,C003,P004,R03,1079,107.56,116057.24,26,Completed
SO04888,2024-01-14,C033,P002,R02,154,334.91,51576.14,25,Completed
SO04889,2023-01-18,C028,P002,R04,870,408.13,355073.1,25,Completed
SO04890,2023-10-26,C035,P003,R02,1436,240.86,345874.96,16,Completed
SO04891,2023-01-25,C034,P008,R02,1641,361.14,592630.74,3,Completed
SO04892,2024-07-22,C042,P008,R04,1932,29.73,57438.36,5,Completed
SO04893,2023-04-09,C047,P007,R04,1094,462.36,505821.84,28,Delayed
SO04894,2024-12-12,C012,P001,R01,1682,484.0,814088.0,18,Completed
SO04895,2024-04-07,C040,P008,R01,1992,369.06,735167.52,12,Completed
SO04896,2025-05-20,C004,P006,R03,434,277.05,120239.7,7,Completed
SO04897,2024-06-28,C002,P002,R04,841,265.18,223016.38,12,Completed
SO04898,2024-06-14,C034,P008,R02,1205,338.3,407651.5,3,Completed
SO04899,2025-10-15,C050,P004,R04,667,486.92,324775.64,16,Completed
SO04900,2025-10-03,C050,P008,R04,1740,357.13,621406.2,6,Completed
SO04901,2025-02-14,C017,P006,R03,1440,245.54,353577.6,17,Completed
SO04902,2023-03-23,C010,P004,R04,504,423.47,213428.88,9,Completed
SO04903,2023-02-28,C005,P005,R04,1470,116.36,171049.2,10,Completed
SO04904,2024-12-22,C010,P008,R04,1819,220.08,400325.52,14,Completed
SO04905,2024-10-23,C046,P007,R01,1122,332.64,373222.08,11,Completed
SO04906,2025-10-19,C033,P007,R02,1673,204.33,341844.09,9,Completed
SO04907,2024-10-04,C025,P005,R01,931,412.69,384214.39,18,Completed
SO04908,2023-10-23,C019,P004,R04,916,228.31,209131.96,28,Delayed
SO04909,2025-03-12,C030,P003,R02,1113,204.81,227953.53,7,Completed
SO04910,2025-04-29,C036,P007,R04,1972,33.41,65884.52,18,Completed
SO04911,2023-05-31,C041,P005,R02,418,47.73,19951.14,25,Completed
SO04912,2023-10-13,C044,P004,R01,1836,441.18,810006.48,25,Completed
SO04913,2023-12-19,C002,P008,R04,1921,136.01,261275.21,3,Completed
SO04914,2024-05-07,C042,P007,R04,285,403.06,114872.1,21,Completed
SO04915,2025-10-22,C028,P003,R04,1964,231.43,454528.52,6,Completed
SO04916,2023-07-07,C046,P006,R01,462,413.62,191092.44,19,Completed
SO04917,2024-04-21,C020,P008,R01,672,362.9,243868.8,19,Completed
SO04918,2023-11-29,C025,P007,R01,1039,274.29,284987.31,6,Completed
SO04919,2025-03-16,C049,P007,R03,815,385.28,314003.2,28,Delayed
SO04920,2025-01-30,C038,P005,R02,1020,447.29,456235.8,27,Delayed
SO04921,2024-07-07,C004,P002,R03,1572,264.04,415070.88,26,Completed
SO04922,2023-12-30,C043,P008,R04,1602,201.83,323331.66,20,Completed
SO04923,2025-08-05,C009,P008,R02,1872,65.99,123533.28,18,Completed
SO04924,2024-12-19,C030,P008,R02,843,327.68,276234.24,20,Completed
SO04925,2025-11-30,C038,P002,R02,540,72.33,39058.2,22,Completed
SO04926,2024-12-05,C039,P005,R01,138,401.55,55413.9,20,Completed
SO04927,2025-08-19,C009,P006,R02,1472,479.99,706545.28,5,Completed
SO04928,2024-10-28,C034,P004,R02,917,212.3,194679.1,25,Completed
SO04929,2024-10-24,C012,P008,R01,1161,336.62,390815.82,14,Completed
SO04930,2024-12-22,C033,P004,R02,411,213.4,87707.4,25,Completed
SO04931,2023-05-06,C031,P003,R02,796,407.49,324362.04,13,Completed
SO04932,2024-01-11,C002,P006,R04,742,207.33,153838.86,5,Completed
SO04933,2023-12-16,C032,P005,R02,1705,156.56,266934.8,14,Completed
SO04934,2024-05-16,C003,P008,R03,1555,141.81,220514.55,8,Completed
SO04935,2025-09-06,C008,P001,R04,1319,433.02,571153.38,15,Completed
SO04936,2025-04-08,C032,P004,R02,803,62.03,49810.09,17,Completed
SO04937,2024-11-28,C047,P008,R04,1934,284.7,550609.8,14,Completed
SO04938,2025-02-04,C020,P003,R01,1037,308.79,320215.23,17,Completed
SO04939,2023-11-25,C042,P004,R04,1178,108.86,128237.08,11,Completed
SO04940,2023-11-23,C033,P003,R02,561,237.59,133287.99,29,Delayed
SO04941,2025-11-15,C029,P005,R02,1136,122.72,139409.92,26,Completed
SO04942,2024-12-11,C016,P005,R03,1071,241.84,259010.64,16,Completed
SO04943,2023-12-24,C035,P002,R02,1008,447.76,451342.08,9,Completed
SO04944,2025-06-29,C022,P006,R02,1567,54.58,85526.86,13,Completed
SO04945,2023-07-22,C009,P005,R02,275,325.03,89383.25,5,Completed
SO04946,2024-11-27,C007,P005,R02,177,241.38,42724.26,13,Completed
SO04947,2024-10-23,C042,P001,R04,1668,420.32,701093.76,7,Completed
SO04948,2023-10-03,C049,P002,R03,192,237.41,45582.72,13,Completed
SO04949,2024-10-16,C037,P007,R04,1703,326.82,556574.46,27,Delayed
SO04950,2023-05-16,C029,P004,R02,1203,449.17,540351.51,24,Completed
SO04951,2025-02-04,C003,P008,R03,676,216.95,146658.2,11,Completed
SO04952,2023-09-21,C017,P004,R03,1354,273.47,370278.38,6,Completed
SO04953,2025-09-12,C025,P004,R01,1250,359.37,449212.5,15,Completed
SO04954,2024-10-06,C038,P008,R02,652,220.63,143850.76,17,Completed
SO04955,2024-07-01,C033,P007,R02,1216,494.22,600971.52,22,Completed
SO04956,2024-04-17,C046,P003,R01,693,438.98,304213.14,25,Completed
SO04957,2024-09-29,C013,P005,R01,686,108.27,74273.22,12,Completed
SO04958,2023-09-11,C011,P003,R04,982,248.05,243585.1,15,Completed
SO04959,2024-03-11,C020,P006,R01,349,182.45,63675.05,10,Completed
SO04960,2025-12-06,C019,P006,R04,849,66.39,56365.11,11,Completed
SO04961,2025-09-13,C020,P002,R01,619,164.49,101819.31,8,Completed
SO04962,2023-06-12,C037,P006,R04,1314,482.18,633584.52,27,Delayed
SO04963,2025-12-06,C045,P001,R03,960,316.29,303638.4,7,Completed
SO04964,2024-06-25,C028,P005,R04,959,484.78,464904.02,25,Completed
SO04965,2023-06-20,C038,P002,R02,566,264.27,149576.82,15,Completed
SO04966,2023-07-25,C037,P003,R04,714,190.0,135660.0,23,Completed
SO04967,2024-03-14,C029,P001,R02,1120,215.87,241774.4,25,Completed
SO04968,2025-08-15,C046,P005,R01,1119,283.88,317661.72,25,Completed
SO04969,2025-05-30,C004,P008,R03,482,414.32,199702.24,18,Completed
SO04970,2024-03-28,C035,P004,R02,1104,415.07,458237.28,5,Completed
SO04971,2025-10-10,C030,P003,R02,1863,481.45,896941.35,9,Completed
SO04972,2025-07-17,C007,P002,R02,1608,263.05,422984.4,10,Completed
SO04973,2025-02-17,C022,P004,R02,1813,246.75,447357.75,21,Completed
SO04974,2023-03-10,C042,P002,R04,1256,497.3,624608.8,26,Completed
SO04975,2024-03-06,C002,P006,R04,587,167.02,98040.74,8,Completed
SO04976,2025-08-26,C014,P003,R03,79,312.49,24686.71,7,Completed
SO04977,2025-01-07,C028,P002,R04,171,372.92,63769.32,21,Completed
SO04978,2024-09-12,C044,P006,R01,162,421.25,68242.5,17,Completed
SO04979,2025-07-22,C017,P007,R03,740,364.33,269604.2,15,Completed
SO04980,2025-03-17,C036,P004,R04,748,168.67,126165.16,11,Completed
SO04981,2025-03-02,C046,P002,R01,1381,176.54,243801.74,7,Completed
SO04982,2025-04-27,C017,P008,R03,538,58.16,31290.08,4,Completed
SO04983,2024-08-16,C041,P001,R02,1542,89.94,138687.48,5,Completed
SO04984,2023-03-20,C023,P005,R04,173,372.88,64508.24,16,Completed
SO04985,2025-04-10,C019,P002,R04,1149,184.57,212070.93,15,Completed
SO04986,2023-03-19,C031,P001,R02,1722,205.01,353027.22,10,Completed
SO04987,2023-07-29,C035,P007,R02,798,260.67,208014.66,13,Completed
SO04988,2025-01-03,C045,P006,R03,160,226.93,36308.8,17,Completed
SO04989,2025-08-13,C013,P005,R01,1757,133.62,234770.34,25,Completed
SO04990,2023-12-08,C035,P006,R02,97,221.81,21515.57,29,Delayed
SO04991,2025-02-17,C003,P008,R03,1748,50.08,87539.84,9,Completed
SO04992,2023-11-28,C001,P003,R01,1693,419.19,709688.67,9,Completed
SO04993,2023-11-23,C015,P001,R04,608,109.66,66673.28,19,Completed
SO04994,2023-06-30,C029,P008,R02,1728,486.66,840948.48,8,Completed
SO04995,2023-10-07,C003,P006,R03,1796,407.37,731636.52,19,Completed
SO04996,2023-07-22,C039,P007,R01,498,310.7,154728.6,27,Delayed
SO04997,2023-04-14,C040,P003,R01,1425,52.58,74926.5,23,Completed
SO04998,2024-05-04,C008,P006,R04,1004,183.6,184334.4,25,Completed
SO04999,2025-01-19,C013,P005,R01,624,347.83,217045.92,5,Completed
SO05000,2025-08-18,C031,P002,R02,630,184.3,116109.0,14,Completed
SO05001,2024-02-17,C048,P006,R04,1851,287.1,531422.1,12,Completed
SO05002,2025-01-02,C046,P003,R01,442,206.26,91166.92,6,Completed
SO05003,2025-09-15,C022,P006,R02,96,351.74,33767.04,21,Completed
SO05004,2023-05-15,C031,P001,R02,237,85.56,20277.72,5,Completed
SO05005,2023-04-08,C049,P006,R03,345,23.55,8124.75,17,Completed
SO05006,2025-08-29,C026,P001,R04,105,142.8,14994.0,11,Completed
SO05007,2023-02-06,C006,P003,R04,1970,259.47,511155.9,24,Completed
SO05008,2025-03-17,C041,P001,R02,1625,447.27,726813.75,20,Completed
SO05009,2024-04-25,C002,P006,R04,892,385.74,344080.08,23,Completed
SO05010,2025-06-20,C039,P001,R01,582,41.92,24397.44,9,Completed
SO05011,2023-03-30,C014,P005,R03,1529,251.08,383901.32,9,Completed
SO05012,2023-11-11,C017,P003,R03,385,487.51,187691.35,5,Completed
SO05013,2025-03-09,C003,P008,R03,1959,335.22,656695.98,16,Completed
SO05014,2025-05-13,C028,P006,R04,1984,445.2,883276.8,12,Completed
SO05015,2025-11-22,C038,P004,R02,546,234.06,127796.76,23,Completed
SO05016,2024-11-05,C022,P002,R02,626,239.17,149720.42,24,Completed
SO05017,2024-04-29,C011,P008,R04,1904,224.8,428019.2,25,Completed
SO05018,2024-06-25,C020,P002,R01,1473,159.95,235606.35,20,Completed
SO05019,2024-08-03,C049,P005,R03,1147,461.85,529741.95,11,Completed
SO05020,2025-06-24,C050,P003,R04,393,310.47,122014.71,6,Completed
SO05021,2025-10-02,C008,P008,R04,1130,84.59,95586.7,18,Completed
SO05022,2023-08-09,C001,P003,R01,1852,185.39,343342.28,17,Completed
SO05023,2023-08-05,C044,P003,R01,1799,482.03,867171.97,21,Completed
SO05024,2023-05-07,C038,P007,R02,890,440.42,391973.8,23,Completed
SO05025,2024-12-01,C010,P006,R04,541,46.74,25286.34,15,Completed
SO05026,2024-09-26,C007,P008,R02,1544,236.14,364600.16,3,Completed
SO05027,2024-04-21,C048,P006,R04,1713,396.73,679598.49,4,Completed
SO05028,2024-10-09,C028,P008,R04,1909,107.96,206095.64,14,Completed
SO05029,2023-04-12,C030,P002,R02,1911,221.52,423324.72,10,Completed
SO05030,2025-08-24,C024,P005,R02,1956,276.51,540853.56,27,Delayed
SO05031,2023-08-25,C009,P006,R02,1113,479.52,533705.76,3,Completed
SO05032,2023-12-21,C010,P006,R04,1739,143.73,249946.47,14,Completed
SO05033,2023-03-30,C004,P001,R03,823,479.74,394826.02,4,Completed
SO05034,2025-08-06,C003,P002,R03,1620,155.51,251926.2,8,Completed
SO05035,2024-03-01,C010,P002,R04,149,230.65,34366.85,15,Completed
SO05036,2024-04-18,C029,P006,R02,1300,48.0,62400.0,23,Completed
SO05037,2023-08-27,C043,P003,R04,1746,202.61,353757.06,13,Completed
SO05038,2025-06-08,C038,P001,R02,1208,439.34,530722.72,9,Completed
SO05039,2023-04-11,C042,P006,R04,1447,182.96,264743.12,19,Completed
SO05040,2023-01-09,C032,P001,R02,1931,211.98,409333.38,7,Completed
SO05041,2023-03-12,C031,P006,R02,1563,104.18,162833.34,27,Delayed
SO05042,2023-06-26,C030,P005,R02,270,329.59,88989.3,21,Completed
SO05043,2023-02-10,C033,P004,R02,941,75.81,71337.21,8,Completed
SO05044,2025-04-06,C003,P003,R03,639,240.83,153890.37,6,Completed
SO05045,2024-12-18,C001,P001,R01,497,267.57,132982.29,20,Completed
SO05046,2024-10-30,C007,P008,R02,703,306.86,215722.58,5,Completed
SO05047,2024-02-13,C001,P006,R01,1239,288.37,357290.43,29,Delayed
SO05048,2024-09-06,C038,P001,R02,735,379.46,278903.1,11,Completed
SO05049,2023-12-02,C022,P005,R02,1312,127.11,166768.32,10,Completed
SO05050,2025-10-09,C046,P003,R01,1539,114.7,176523.3,21,Completed
SO05051,2024-12-03,C005,P005,R04,121,324.59,39275.39,13,Completed
SO05052,2024-06-19,C037,P007,R04,1539,466.0,717174.0,18,Completed
SO05053,2025-11-27,C003,P001,R03,692,74.88,51816.96,17,Completed
SO05054,2023-02-24,C050,P008,R04,753,315.35,237458.55,27,Delayed
SO05055,2025-10-06,C037,P004,R04,572,163.14,93316.08,23,Completed
SO05056,2025-02-22,C032,P001,R02,867,70.93,61496.31,25,Completed
SO05057,2025-08-01,C021,P005,R01,678,129.84,88031.52,3,Completed
SO05058,2023-12-31,C050,P005,R04,1779,468.89,834155.31,12,Completed
SO05059,2024-09-20,C005,P007,R04,346,443.83,153565.18,15,Completed
SO05060,2024-08-27,C027,P001,R03,754,399.03,300868.62,10,Completed
SO05061,2023-08-04,C044,P006,R01,170,421.4,71638.0,27,Delayed
SO05062,2024-06-03,C027,P005,R03,801,306.02,245122.02,6,Completed
SO05063,2024-03-29,C048,P004,R04,1377,418.78,576660.06,25,Completed
SO05064,2025-05-30,C031,P002,R02,810,421.8,341658.0,13,Completed
SO05065,2025-02-03,C008,P007,R04,1115,293.48,327230.2,11,Completed
SO05066,2023-11-12,C018,P006,R04,1800,189.91,341838.0,29,Delayed
SO05067,2024-12-30,C038,P005,R02,492,477.32,234841.44,21,Completed
SO05068,2025-07-21,C028,P005,R04,417,467.83,195085.11,13,Completed
SO05069,2024-11-07,C035,P001,R02,1436,55.36,79496.96,18,Completed
SO05070,2025-02-06,C042,P005,R04,1678,190.84,320229.52,28,Delayed
SO05071,2025-09-09,C047,P005,R04,1883,101.11,190390.13,28,Delayed
SO05072,2023-08-04,C048,P005,R04,1854,406.13,752965.02,17,Completed
SO05073,2023-12-14,C030,P007,R02,1079,445.91,481136.89,24,Completed
SO05074,2024-01-13,C018,P004,R04,634,94.02,59608.68,22,Completed
SO05075,2023-08-09,C005,P004,R04,1566,386.84,605791.44,24,Completed
SO05076,2025-11-06,C009,P001,R02,56,244.78,13707.68,21,Completed
SO05077,2023-10-22,C022,P008,R02,1301,181.7,236391.7,28,Delayed
SO05078,2024-01-30,C035,P006,R02,75,443.76,33282.0,18,Completed
SO05079,2025-09-24,C042,P007,R04,694,341.24,236820.56,5,Completed
SO05080,2025-11-12,C034,P001,R02,860,178.43,153449.8,9,Completed
SO05081,2025-09-25,C013,P003,R01,1694,372.02,630201.88,12,Completed
SO05082,2024-10-19,C029,P002,R02,463,44.19,20459.97,9,Completed
SO05083,2023-01-28,C022,P002,R02,1745,297.48,519102.6,13,Completed
SO05084,2023-07-05,C032,P003,R02,366,53.39,19540.74,10,Completed
SO05085,2023-06-18,C042,P004,R04,810,42.67,34562.7,19,Completed
SO05086,2024-09-12,C014,P003,R03,1488,97.81,145541.28,22,Completed
SO05087,2025-05-03,C005,P008,R04,1601,324.99,520308.99,15,Completed
SO05088,2024-06-13,C005,P006,R04,1222,486.88,594967.36,25,Completed
SO05089,2024-09-14,C048,P001,R04,1775,491.44,872306.0,4,Completed
SO05090,2023-04-18,C018,P005,R04,1783,217.89,388497.87,14,Completed
SO05091,2024-02-08,C026,P005,R04,361,203.64,73514.04,4,Completed
SO05092,2024-12-11,C030,P001,R02,1991,336.81,670588.71,14,Completed
SO05093,2025-04-05,C004,P005,R03,731,68.72,50234.32,11,Completed
SO05094,2025-09-11,C016,P006,R03,1416,341.8,483988.8,28,Delayed
SO05095,2023-12-08,C029,P005,R02,1711,355.95,609030.45,5,Completed
SO05096,2024-11-07,C021,P006,R01,185,233.43,43184.55,22,Completed
SO05097,2025-04-09,C005,P001,R04,1414,72.16,102034.24,24,Completed
SO05098,2024-05-01,C015,P006,R04,1495,378.58,565977.1,18,Completed
SO05099,2025-01-10,C004,P005,R03,580,131.23,76113.4,29,Delayed
SO05100,2023-08-01,C048,P008,R04,1994,140.23,279618.62,12,Completed
SO05101,2025-05-27,C007,P004,R02,989,383.53,379311.17,29,Delayed
SO05102,2023-08-29,C003,P006,R03,943,53.09,50063.87,29,Delayed
SO05103,2023-08-12,C039,P006,R01,501,458.16,229538.16,3,Completed
SO05104,2023-02-21,C024,P006,R02,1467,297.65,436652.55,15,Completed
SO05105,2025-10-14,C018,P003,R04,67,226.57,15180.19,5,Completed
SO05106,2024-05-31,C009,P005,R02,172,394.13,67790.36,29,Delayed
SO05107,2025-02-22,C006,P001,R04,88,366.44,32246.72,12,Completed
SO05108,2024-12-28,C031,P001,R02,804,22.73,18274.92,11,Completed
SO05109,2024-10-14,C008,P004,R04,96,406.74,39047.04,18,Completed
SO05110,2023-06-07,C008,P003,R04,1660,301.31,500174.6,9,Completed
SO05111,2025-12-29,C016,P008,R03,256,140.16,35880.96,16,Completed
SO05112,2024-12-16,C009,P006,R02,503,389.05,195692.15,18,Completed
SO05113,2023-11-05,C003,P005,R03,172,472.69,81302.68,25,Completed
SO05114,2023-03-01,C049,P003,R03,1941,187.15,363258.15,4,Completed
SO05115,2024-11-01,C007,P002,R02,141,435.84,61453.44,29,Delayed
SO05116,2023-04-24,C044,P004,R01,1506,96.15,144801.9,5,Completed
SO05117,2025-07-15,C038,P008,R02,1116,452.73,505246.68,23,Completed
SO05118,2023-02-23,C038,P004,R02,1980,330.36,654112.8,3,Completed
SO05119,2023-06-08,C021,P002,R01,595,230.96,137421.2,11,Completed
SO05120,2025-02-11,C035,P001,R02,1755,418.04,733660.2,11,Completed
SO05121,2024-03-30,C033,P006,R02,1122,458.06,513943.32,29,Delayed
SO05122,2024-03-11,C026,P001,R04,1143,361.95,413708.85,12,Completed
SO05123,2025-02-03,C010,P008,R04,1194,353.56,422150.64,26,Completed
SO05124,2024-10-10,C015,P001,R04,486,349.87,170036.82,7,Completed
SO05125,2024-05-09,C046,P006,R01,1736,432.55,750906.8,12,Completed
SO05126,2023-02-15,C032,P001,R02,1116,279.47,311888.52,17,Completed
SO05127,2025-10-09,C017,P002,R03,1605,473.85,760529.25,17,Completed
SO05128,2025-11-01,C026,P002,R04,1607,143.94,231311.58,14,Completed
SO05129,2025-07-18,C014,P008,R03,1289,107.02,137948.78,27,Delayed
SO05130,2023-03-28,C009,P006,R02,628,189.6,119068.8,14,Completed
SO05131,2025-01-29,C023,P003,R04,1416,350.81,496746.96,13,Completed
SO05132,2025-11-18,C018,P001,R04,574,405.64,232837.36,10,Completed
SO05133,2025-06-16,C012,P005,R01,1095,166.72,182558.4,26,Completed
SO05134,2025-12-20,C003,P008,R03,1264,479.17,605670.88,25,Completed
SO05135,2023-10-31,C008,P006,R04,1332,321.72,428531.04,23,Completed
SO05136,2025-10-16,C034,P008,R02,1674,121.46,203324.04,26,Completed
SO05137,2025-02-07,C036,P002,R04,612,432.4,264628.8,24,Completed
SO05138,2024-05-30,C028,P006,R04,73,139.94,10215.62,6,Completed
SO05139,2024-09-19,C048,P003,R04,1331,247.26,329103.06,18,Completed
SO05140,2025-06-21,C024,P001,R02,1362,160.8,219009.6,20,Completed
SO05141,2024-07-31,C007,P008,R02,394,219.11,86329.34,10,Completed
SO05142,2023-01-13,C024,P007,R02,384,160.63,61681.92,13,Completed
SO05143,2023-07-21,C006,P007,R04,902,467.97,422108.94,24,Completed
SO05144,2024-06-15,C028,P005,R04,1536,168.23,258401.28,20,Completed
SO05145,2025-09-11,C024,P006,R02,1904,215.72,410730.88,12,Completed
SO05146,2023-09-11,C026,P001,R04,793,337.9,267954.7,24,Completed
SO05147,2024-11-14,C012,P008,R01,1643,111.12,182570.16,23,Completed
SO05148,2023-02-17,C029,P005,R02,1632,204.72,334103.04,11,Completed
SO05149,2023-10-02,C026,P006,R04,422,382.99,161621.78,12,Completed
SO05150,2025-07-10,C028,P003,R04,1680,452.01,759376.8,9,Completed
SO05151,2023-08-09,C047,P006,R04,1061,378.06,401121.66,18,Completed
SO05152,2024-12-16,C025,P001,R01,1662,178.95,297414.9,10,Completed
SO05153,2025-08-30,C029,P008,R02,1899,238.75,453386.25,4,Completed
SO05154,2023-05-11,C025,P004,R01,1071,160.9,172323.9,11,Completed
SO05155,2024-08-13,C026,P005,R04,204,283.08,57748.32,15,Completed
SO05156,2023-02-08,C003,P003,R03,1806,49.67,89704.02,18,Completed
SO05157,2024-07-12,C025,P008,R01,989,430.32,425586.48,5,Completed
SO05158,2024-06-18,C029,P002,R02,636,24.95,15868.2,7,Completed
SO05159,2023-12-13,C035,P003,R02,708,67.0,47436.0,5,Completed
SO05160,2024-07-06,C030,P002,R02,1326,421.44,558829.44,18,Completed
SO05161,2024-02-14,C015,P008,R04,1201,305.54,366953.54,16,Completed
SO05162,2024-01-14,C011,P006,R04,60,496.41,29784.6,26,Completed
SO05163,2023-10-15,C022,P002,R02,270,444.76,120085.2,4,Completed
SO05164,2023-07-20,C011,P008,R04,312,348.05,108591.6,4,Completed
SO05165,2024-10-10,C014,P008,R03,510,389.24,198512.4,15,Completed
SO05166,2024-04-26,C006,P004,R04,1099,196.46,215909.54,16,Completed
SO05167,2024-09-11,C039,P008,R01,1250,82.79,103487.5,28,Delayed
SO05168,2025-07-19,C014,P004,R03,1402,391.3,548602.6,28,Delayed
SO05169,2024-08-14,C048,P002,R04,356,490.63,174664.28,17,Completed
SO05170,2023-08-10,C007,P003,R02,395,428.38,169210.1,20,Completed
SO05171,2024-11-03,C001,P006,R01,830,468.12,388539.6,14,Completed
SO05172,2025-01-20,C008,P001,R04,492,331.02,162861.84,15,Completed
SO05173,2023-12-25,C039,P008,R01,1588,478.99,760636.12,8,Completed
SO05174,2025-04-07,C032,P006,R02,416,370.64,154186.24,20,Completed
SO05175,2024-08-28,C049,P006,R03,232,266.29,61779.28,24,Completed
SO05176,2024-09-14,C017,P003,R03,913,28.36,25892.68,8,Completed
SO05177,2023-01-12,C037,P007,R04,457,239.97,109666.29,17,Completed
SO05178,2023-11-20,C035,P004,R02,471,467.35,220121.85,20,Completed
SO05179,2024-07-22,C043,P007,R04,293,232.03,67984.79,25,Completed
SO05180,2024-08-13,C018,P001,R04,503,80.22,40350.66,27,Delayed
SO05181,2025-12-09,C028,P001,R04,1408,235.97,332245.76,6,Completed
SO05182,2024-12-03,C012,P002,R01,184,383.13,70495.92,25,Completed
SO05183,2025-12-25,C045,P003,R03,214,164.12,35121.68,28,Delayed
SO05184,2025-11-26,C029,P005,R02,1659,203.13,336992.67,4,Completed
SO05185,2025-11-28,C005,P001,R04,1234,116.28,143489.52,27,Delayed
SO05186,2023-07-23,C041,P003,R02,525,318.13,167018.25,7,Completed
SO05187,2024-04-01,C049,P006,R03,1544,107.65,166211.6,23,Completed
SO05188,2023-10-08,C005,P006,R04,1929,219.09,422624.61,4,Completed
SO05189,2024-07-26,C023,P002,R04,1844,355.17,654933.48,28,Delayed
SO05190,2023-08-22,C047,P007,R04,1366,389.75,532398.5,16,Completed
SO05191,2024-12-07,C031,P001,R02,1296,178.71,231608.16,3,Completed
SO05192,2024-05-30,C043,P002,R04,801,129.74,103921.74,12,Completed
SO05193,2024-05-16,C024,P004,R02,1950,452.08,881556.0,9,Completed
SO05194,2025-12-15,C010,P006,R04,1964,263.81,518122.84,13,Completed
SO05195,2025-03-17,C047,P006,R04,600,253.63,152178.0,9,Completed
SO05196,2024-08-26,C033,P003,R02,794,449.12,356601.28,29,Delayed
SO05197,2024-10-18,C043,P003,R04,588,444.59,261418.92,19,Completed
SO05198,2023-09-16,C032,P001,R02,503,281.62,141654.86,6,Completed
SO05199,2024-01-24,C017,P001,R03,289,39.2,11328.8,19,Completed
SO05200,2023-12-18,C008,P004,R04,246,496.42,122119.32,7,Completed
SO05201,2024-01-23,C030,P007,R02,1330,184.41,245265.3,22,Completed
SO05202,2025-02-08,C008,P001,R04,1487,387.82,576688.34,17,Completed
SO05203,2023-09-18,C033,P001,R02,560,234.2,131152.0,22,Completed
SO05204,2024-11-20,C032,P001,R02,854,196.28,167623.12,6,Completed
SO05205,2023-01-04,C031,P003,R02,528,452.71,239030.88,6,Completed
SO05206,2024-09-07,C009,P003,R02,340,62.38,21209.2,26,Completed
SO05207,2024-06-24,C041,P005,R02,1109,269.41,298775.69,27,Delayed
SO05208,2023-06-03,C016,P003,R03,799,44.77,35771.23,28,Delayed
SO05209,2025-12-15,C047,P002,R04,1417,362.88,514200.96,23,Completed
SO05210,2024-08-08,C009,P003,R02,1597,153.41,244995.77,21,Completed
SO05211,2025-12-13,C047,P001,R04,438,22.91,10034.58,13,Completed
SO05212,2024-01-24,C010,P002,R04,1258,41.0,51578.0,13,Completed
SO05213,2023-05-02,C044,P002,R01,395,323.57,127810.15,14,Completed
SO05214,2025-03-02,C044,P006,R01,1577,305.57,481883.89,15,Completed
SO05215,2024-10-30,C006,P002,R04,1371,191.31,262286.01,8,Completed
SO05216,2024-11-03,C042,P001,R04,115,81.16,9333.4,12,Completed
SO05217,2024-07-27,C025,P006,R01,650,198.95,129317.5,29,Delayed
SO05218,2023-03-13,C043,P005,R04,594,283.56,168434.64,26,Completed
SO05219,2025-01-31,C026,P004,R04,1486,442.06,656901.16,24,Completed
SO05220,2024-05-26,C048,P008,R04,365,439.27,160333.55,17,Completed
SO05221,2023-01-26,C013,P005,R01,1129,261.71,295470.59,6,Completed
SO05222,2023-04-26,C021,P006,R01,817,147.92,120850.64,24,Completed
SO05223,2024-06-03,C026,P007,R04,79,438.17,34615.43,24,Completed
SO05224,2023-11-01,C036,P007,R04,1918,403.05,773049.9,11,Completed
SO05225,2025-12-03,C031,P003,R02,1979,38.34,75874.86,7,Completed
SO05226,2023-08-25,C011,P003,R04,993,462.26,459024.18,6,Completed
SO05227,2025-06-27,C033,P003,R02,1191,347.16,413467.56,17,Completed
SO05228,2025-12-07,C031,P005,R02,1744,62.24,108546.56,18,Completed
SO05229,2025-07-16,C037,P008,R04,683,346.14,236413.62,29,Delayed
SO05230,2023-10-20,C042,P004,R04,1178,141.86,167111.08,3,Completed
SO05231,2025-08-07,C026,P005,R04,808,216.69,175085.52,22,Completed
SO05232,2023-03-16,C028,P005,R04,1894,290.43,550074.42,19,Completed
SO05233,2024-12-28,C017,P004,R03,1111,362.07,402259.77,18,Completed
SO05234,2024-03-09,C042,P007,R04,1483,277.7,411829.1,18,Completed
SO05235,2024-06-25,C014,P005,R03,1825,227.43,415059.75,14,Completed
SO05236,2025-03-10,C011,P008,R04,275,114.41,31462.75,28,Delayed
SO05237,2023-03-11,C044,P005,R01,1669,261.31,436126.39,27,Delayed
SO05238,2024-10-09,C001,P004,R01,1587,145.45,230829.15,27,Delayed
SO05239,2024-01-14,C032,P003,R02,1366,284.65,388831.9,27,Delayed
SO05240,2024-10-13,C003,P008,R03,518,469.85,243382.3,10,Completed
SO05241,2023-03-28,C037,P002,R04,60,232.88,13972.8,28,Delayed
SO05242,2024-07-29,C013,P001,R01,653,69.66,45487.98,12,Completed
SO05243,2024-08-20,C028,P006,R04,755,471.99,356352.45,13,Completed
SO05244,2024-09-11,C031,P002,R02,831,352.82,293193.42,9,Completed
SO05245,2025-11-22,C012,P005,R01,1550,28.49,44159.5,26,Completed
SO05246,2023-10-13,C007,P001,R02,365,92.54,33777.1,22,Completed
SO05247,2024-08-18,C013,P005,R01,88,48.87,4300.56,17,Completed
SO05248,2023-04-26,C030,P007,R02,689,72.24,49773.36,15,Completed
SO05249,2025-07-18,C042,P002,R04,1869,233.98,437308.62,23,Completed
SO05250,2023-11-08,C022,P004,R02,1674,51.82,86746.68,12,Completed
SO05251,2023-09-28,C032,P002,R02,294,117.3,34486.2,5,Completed
SO05252,2024-02-10,C023,P008,R04,1668,379.88,633639.84,5,Completed
SO05253,2025-11-23,C007,P008,R02,997,382.21,381063.37,27,Delayed
SO05254,2023-01-11,C011,P005,R04,1583,109.43,173227.69,23,Completed
SO05255,2024-08-20,C008,P005,R04,1256,190.7,239519.2,5,Completed
SO05256,2025-10-15,C013,P006,R01,965,387.96,374381.4,25,Completed
SO05257,2024-11-13,C008,P007,R04,1821,308.86,562434.06,14,Completed
SO05258,2024-11-28,C015,P008,R04,167,299.58,50029.86,15,Completed
SO05259,2023-05-05,C005,P004,R04,651,323.14,210364.14,18,Completed
SO05260,2024-11-23,C039,P001,R01,1359,22.15,30101.85,21,Completed
SO05261,2023-07-17,C024,P003,R02,1635,230.22,376409.7,27,Delayed
SO05262,2023-07-23,C035,P004,R02,1421,391.26,555980.46,28,Delayed
SO05263,2024-03-27,C004,P003,R03,397,249.96,99234.12,25,Completed
SO05264,2025-01-09,C043,P001,R04,1553,88.89,138046.17,11,Completed
SO05265,2025-11-13,C015,P003,R04,236,77.74,18346.64,6,Completed
SO05266,2024-12-16,C023,P002,R04,1340,274.24,367481.6,15,Completed
SO05267,2023-09-07,C047,P008,R04,585,37.74,22077.9,12,Completed
SO05268,2024-08-09,C011,P008,R04,1928,230.11,443652.08,27,Delayed
SO05269,2025-03-08,C003,P002,R03,762,340.37,259361.94,25,Completed
SO05270,2023-10-27,C017,P001,R03,1498,458.64,687042.72,7,Completed
SO05271,2025-06-28,C017,P006,R03,547,479.18,262111.46,7,Completed
SO05272,2025-09-13,C019,P006,R04,76,465.28,35361.28,9,Completed
SO05273,2024-11-18,C008,P008,R04,1488,167.68,249507.84,6,Completed
SO05274,2025-03-06,C023,P007,R04,1021,255.79,261161.59,17,Completed
SO05275,2024-03-01,C022,P005,R02,396,79.06,31307.76,11,Completed
SO05276,2024-09-28,C033,P008,R02,1680,255.7,429576.0,9,Completed
SO05277,2025-01-12,C016,P003,R03,189,119.89,22659.21,28,Delayed
SO05278,2025-05-29,C017,P004,R03,1951,298.16,581710.16,28,Delayed
SO05279,2023-01-26,C009,P002,R02,1416,486.41,688756.56,6,Completed
SO05280,2025-01-09,C028,P005,R04,799,23.49,18768.51,18,Completed
SO05281,2024-02-13,C023,P004,R04,1119,161.55,180774.45,11,Completed
SO05282,2023-12-20,C013,P004,R01,87,473.86,41225.82,11,Completed
SO05283,2025-03-27,C010,P003,R04,577,210.43,121418.11,20,Completed
SO05284,2025-05-03,C050,P007,R04,1976,401.9,794154.4,7,Completed
SO05285,2025-04-30,C036,P007,R04,1188,318.17,377985.96,25,Completed
SO05286,2024-11-19,C013,P001,R01,1935,359.33,695303.55,13,Completed
SO05287,2025-01-04,C013,P001,R01,359,383.08,137525.72,3,Completed
SO05288,2024-02-19,C029,P005,R02,1045,193.3,201998.5,7,Completed
SO05289,2025-08-30,C007,P003,R02,250,465.42,116355.0,22,Completed
SO05290,2025-11-09,C044,P006,R01,969,273.25,264779.25,6,Completed
SO05291,2023-06-28,C022,P003,R02,1580,35.92,56753.6,27,Delayed
SO05292,2023-08-04,C032,P006,R02,594,483.0,286902.0,29,Delayed
SO05293,2024-05-02,C048,P003,R04,131,245.66,32181.46,10,Completed
SO05294,2024-12-05,C002,P003,R04,1316,429.1,564695.6,24,Completed
SO05295,2024-09-06,C006,P003,R04,574,154.05,88424.7,23,Completed
SO05296,2023-11-12,C022,P001,R02,1390,268.85,373701.5,28,Delayed
SO05297,2024-03-26,C012,P001,R01,594,417.45,247965.3,6,Completed
SO05298,2025-11-08,C008,P006,R04,773,346.38,267751.74,12,Completed
SO05299,2023-07-14,C047,P005,R04,1641,125.46,205879.86,14,Completed
SO05300,2023-10-06,C005,P003,R04,1524,239.79,365439.96,26,Completed
SO05301,2023-06-29,C042,P008,R04,641,138.11,88528.51,13,Completed
SO05302,2024-10-03,C011,P002,R04,1004,144.67,145248.68,24,Completed
SO05303,2024-07-24,C035,P001,R02,1512,231.16,349513.92,14,Completed
SO05304,2023-03-15,C036,P001,R04,1330,361.97,481420.1,28,Delayed
SO05305,2023-04-05,C040,P008,R01,1732,277.98,481461.36,14,Completed
SO05306,2025-11-01,C030,P004,R02,1580,394.66,623562.8,21,Completed
SO05307,2024-04-22,C007,P006,R02,724,408.1,295464.4,13,Completed
SO05308,2024-11-02,C021,P006,R01,96,164.61,15802.56,26,Completed
SO05309,2023-08-30,C037,P002,R04,274,345.89,94773.86,16,Completed
SO05310,2023-03-27,C012,P005,R01,424,201.98,85639.52,15,Completed
SO05311,2023-04-25,C047,P005,R04,685,125.87,86220.95,18,Completed
SO05312,2024-05-09,C007,P003,R02,265,202.23,53590.95,26,Completed
SO05313,2025-03-19,C028,P008,R04,883,329.47,290922.01,8,Completed
SO05314,2023-07-12,C023,P007,R04,1669,303.44,506441.36,19,Completed
SO05315,2025-12-17,C040,P007,R01,1941,353.26,685677.66,15,Completed
SO05316,2025-02-05,C005,P001,R04,1324,442.98,586505.52,15,Completed
SO05317,2024-09-17,C037,P004,R04,1236,252.22,311743.92,5,Completed
SO05318,2025-12-28,C018,P002,R04,1551,229.67,356218.17,28,Delayed
SO05319,2023-04-21,C022,P005,R02,526,476.59,250686.34,12,Completed
SO05320,2025-05-30,C006,P006,R04,1922,101.88,195813.36,20,Completed
SO05321,2025-02-15,C041,P003,R02,880,459.24,404131.2,17,Completed
SO05322,2023-12-11,C034,P002,R02,1681,181.92,305807.52,15,Completed
SO05323,2024-03-03,C020,P005,R01,1746,219.93,383997.78,20,Completed
SO05324,2024-09-22,C032,P008,R02,964,473.19,456155.16,8,Completed
SO05325,2025-01-17,C017,P006,R03,1947,46.59,90710.73,21,Completed
SO05326,2025-12-11,C024,P007,R02,507,32.63,16543.41,11,Completed
SO05327,2024-05-04,C043,P006,R04,1964,459.61,902674.04,9,Completed
SO05328,2023-12-03,C032,P005,R02,297,74.66,22174.02,16,Completed
SO05329,2024-02-13,C029,P008,R02,1771,412.67,730838.57,18,Completed
SO05330,2024-09-22,C036,P004,R04,733,354.17,259606.61,12,Completed
SO05331,2024-03-23,C006,P005,R04,398,37.03,14737.94,4,Completed
SO05332,2025-09-19,C011,P002,R04,1153,375.75,433239.75,24,Completed
SO05333,2024-06-29,C025,P004,R01,1682,422.08,709938.56,28,Delayed
SO05334,2024-05-29,C033,P006,R02,674,91.04,61360.96,4,Completed
SO05335,2024-02-07,C041,P002,R02,1604,167.05,267948.2,22,Completed
SO05336,2023-04-12,C004,P007,R03,1166,114.92,133996.72,15,Completed
SO05337,2023-04-12,C028,P001,R04,453,122.71,55587.63,29,Delayed
SO05338,2023-09-12,C001,P006,R01,1172,79.21,92834.12,13,Completed
SO05339,2024-05-15,C012,P001,R01,572,225.63,129060.36,15,Completed
SO05340,2023-01-14,C017,P001,R03,701,123.63,86664.63,22,Completed
SO05341,2025-01-04,C045,P005,R03,1281,156.25,200156.25,22,Completed
SO05342,2024-10-04,C032,P003,R02,332,42.03,13953.96,18,Completed
SO05343,2023-03-01,C024,P008,R02,417,87.27,36391.59,8,Completed
SO05344,2023-08-17,C017,P002,R03,651,303.04,197279.04,9,Completed
SO05345,2023-09-28,C021,P004,R01,1392,188.27,262071.84,12,Completed
SO05346,2023-02-16,C009,P006,R02,274,445.02,121935.48,13,Completed
SO05347,2024-11-25,C050,P002,R04,791,203.89,161276.99,22,Completed
SO05348,2024-10-09,C035,P006,R02,702,325.78,228697.56,10,Completed
SO05349,2024-10-13,C004,P003,R03,1713,146.89,251622.57,16,Completed
SO05350,2024-10-13,C028,P002,R04,698,439.71,306917.58,19,Completed
SO05351,2025-04-16,C026,P005,R04,205,73.23,15012.15,26,Completed
SO05352,2023-12-29,C040,P005,R01,1130,330.66,373645.8,29,Delayed
SO05353,2023-12-23,C036,P006,R04,314,394.41,123844.74,29,Delayed
SO05354,2025-12-21,C047,P002,R04,1400,438.55,613970.0,16,Completed
SO05355,2024-07-16,C018,P008,R04,1904,328.01,624531.04,29,Delayed
SO05356,2023-08-28,C023,P003,R04,552,72.02,39755.04,6,Completed
SO05357,2025-06-17,C034,P008,R02,1223,215.68,263776.64,9,Completed
SO05358,2025-06-25,C034,P001,R02,1757,328.72,577561.04,3,Completed
SO05359,2023-05-10,C048,P003,R04,295,215.54,63584.3,16,Completed
SO05360,2025-05-11,C019,P006,R04,332,444.07,147431.24,25,Completed
SO05361,2023-06-23,C029,P006,R02,1458,30.03,43783.74,14,Completed
SO05362,2024-11-04,C015,P005,R04,650,369.05,239882.5,10,Completed
SO05363,2025-11-09,C041,P001,R02,594,61.28,36400.32,25,Completed
SO05364,2023-10-18,C014,P003,R03,851,29.14,24798.14,25,Completed
SO05365,2024-06-09,C021,P001,R01,1837,242.35,445196.95,16,Completed
SO05366,2025-05-17,C022,P002,R02,1655,249.83,413468.65,6,Completed
SO05367,2023-02-02,C033,P005,R02,1426,375.53,535505.78,14,Completed
SO05368,2023-08-09,C031,P005,R02,381,474.51,180788.31,29,Delayed
SO05369,2025-12-14,C046,P007,R01,1685,34.23,57677.55,10,Completed
SO05370,2023-12-05,C021,P008,R01,1481,328.19,486049.39,21,Completed
SO05371,2025-01-07,C029,P001,R02,648,284.06,184070.88,14,Completed
SO05372,2024-06-18,C042,P004,R04,728,64.71,47108.88,21,Completed
SO05373,2024-08-20,C042,P002,R04,1367,32.89,44960.63,10,Completed
SO05374,2023-04-17,C006,P002,R04,590,318.1,187679.0,4,Completed
SO05375,2023-11-26,C022,P008,R02,1798,145.71,261986.58,11,Completed
SO05376,2024-06-01,C029,P004,R02,1468,156.05,229081.4,9,Completed
SO05377,2024-06-24,C040,P007,R01,69,130.66,9015.54,7,Completed
SO05378,2025-07-30,C009,P004,R02,1484,92.93,137908.12,16,Completed
SO05379,2025-03-16,C026,P001,R04,1625,29.77,48376.25,22,Completed
SO05380,2023-11-02,C047,P001,R04,571,430.7,245929.7,27,Delayed
SO05381,2024-08-14,C023,P008,R04,1591,195.27,310674.57,13,Completed
SO05382,2025-02-01,C030,P005,R02,1396,27.85,38878.6,24,Completed
SO05383,2023-02-19,C045,P007,R03,1908,208.02,396902.16,26,Completed
SO05384,2023-06-20,C046,P008,R01,1116,496.61,554216.76,27,Delayed
SO05385,2024-01-20,C010,P001,R04,948,225.9,214153.2,29,Delayed
SO05386,2025-09-16,C024,P002,R02,351,169.57,59519.07,9,Completed
SO05387,2023-11-05,C016,P007,R03,740,133.89,99078.6,7,Completed
SO05388,2024-09-27,C013,P002,R01,1886,100.55,189637.3,21,Completed
SO05389,2023-09-22,C044,P006,R01,1289,240.04,309411.56,25,Completed
SO05390,2024-09-07,C032,P002,R02,329,333.07,109580.03,20,Completed
SO05391,2023-12-04,C024,P005,R02,812,58.13,47201.56,20,Completed
SO05392,2025-03-02,C017,P002,R03,1542,379.85,585728.7,14,Completed
SO05393,2025-12-05,C042,P002,R04,143,139.61,19964.23,28,Delayed
SO05394,2023-07-20,C047,P007,R04,1963,443.93,871434.59,24,Completed
SO05395,2025-11-19,C042,P007,R04,90,176.72,15904.8,5,Completed
SO05396,2024-02-01,C045,P004,R03,1751,427.89,749235.39,5,Completed
SO05397,2025-10-05,C018,P003,R04,347,118.11,40984.17,23,Completed
SO05398,2024-09-22,C043,P006,R04,268,384.77,103118.36,27,Delayed
SO05399,2025-07-04,C021,P003,R01,629,198.75,125013.75,27,Delayed
SO05400,2025-01-08,C016,P005,R03,1762,415.57,732234.34,24,Completed
SO05401,2024-07-03,C030,P008,R02,109,181.8,19816.2,19,Completed
SO05402,2024-07-06,C042,P003,R04,1398,183.87,257050.26,9,Completed
SO05403,2024-07-14,C015,P005,R04,1590,359.2,571128.0,22,Completed
SO05404,2024-01-13,C044,P005,R01,289,264.45,76426.05,11,Completed
SO05405,2025-05-07,C007,P002,R02,885,345.96,306174.6,5,Completed
SO05406,2025-09-01,C039,P003,R01,1243,345.99,430065.57,5,Completed
SO05407,2023-01-03,C026,P005,R04,148,434.5,64306.0,22,Completed
SO05408,2024-07-02,C002,P006,R04,1448,325.98,472019.04,17,Completed
SO05409,2025-04-23,C010,P008,R04,1701,449.17,764038.17,21,Completed
SO05410,2024-06-06,C017,P006,R03,617,87.85,54203.45,19,Completed
SO05411,2024-03-07,C017,P008,R03,1968,117.88,231987.84,21,Completed
SO05412,2023-12-21,C021,P007,R01,85,484.74,41202.9,9,Completed
SO05413,2025-11-15,C024,P006,R02,1342,418.88,562136.96,7,Completed
SO05414,2023-11-27,C046,P002,R01,1467,413.92,607220.64,11,Completed
SO05415,2024-05-01,C028,P005,R04,1021,458.98,468618.58,21,Completed
SO05416,2024-12-18,C050,P008,R04,1484,209.29,310586.36,28,Delayed
SO05417,2023-06-23,C027,P002,R03,223,298.16,66489.68,24,Completed
SO05418,2024-08-30,C011,P005,R04,1799,490.88,883093.12,13,Completed
SO05419,2023-02-11,C022,P002,R02,1887,61.7,116427.9,7,Completed
SO05420,2024-11-04,C015,P005,R04,1823,253.9,462859.7,14,Completed
SO05421,2024-05-21,C039,P006,R01,938,79.79,74843.02,17,Completed
SO05422,2023-12-23,C026,P007,R04,1817,376.75,684554.75,20,Completed
SO05423,2025-09-23,C001,P003,R01,382,158.44,60524.08,7,Completed
SO05424,2023-12-21,C005,P003,R04,1404,25.38,35633.52,7,Completed
SO05425,2023-02-06,C005,P007,R04,1039,422.44,438915.16,16,Completed
SO05426,2023-08-30,C012,P006,R01,261,111.21,29025.81,7,Completed
SO05427,2025-07-13,C039,P008,R01,628,24.03,15090.84,27,Delayed
SO05428,2025-12-30,C038,P005,R02,660,456.59,301349.4,5,Completed
SO05429,2023-05-23,C039,P007,R01,579,55.56,32169.24,20,Completed
SO05430,2024-04-12,C026,P005,R04,1509,200.36,302343.24,8,Completed
SO05431,2023-02-25,C013,P008,R01,809,469.37,379720.33,15,Completed
SO05432,2024-11-16,C006,P005,R04,609,214.73,130770.57,25,Completed
SO05433,2025-12-14,C022,P007,R02,1924,446.61,859277.64,18,Completed
SO05434,2025-10-23,C047,P004,R04,394,224.18,88326.92,22,Completed
SO05435,2024-09-29,C047,P005,R04,381,323.7,123329.7,6,Completed
SO05436,2024-03-04,C023,P005,R04,1344,420.92,565716.48,23,Completed
SO05437,2023-02-24,C013,P006,R01,1477,466.64,689227.28,20,Completed
SO05438,2025-10-11,C027,P001,R03,467,458.71,214217.57,18,Completed
SO05439,2023-11-12,C015,P003,R04,1854,499.03,925201.62,7,Completed
SO05440,2023-01-19,C030,P008,R02,968,41.67,40336.56,21,Completed
SO05441,2024-03-01,C026,P002,R04,322,480.51,154724.22,15,Completed
SO05442,2025-11-23,C049,P006,R03,1986,313.14,621896.04,24,Completed
SO05443,2025-07-20,C032,P003,R02,889,419.35,372802.15,29,Delayed
SO05444,2025-11-20,C025,P005,R01,1040,276.51,287570.4,15,Completed
SO05445,2024-05-04,C050,P008,R04,1534,58.93,90398.62,3,Completed
SO05446,2024-03-29,C040,P007,R01,136,337.04,45837.44,22,Completed
SO05447,2023-03-12,C030,P001,R02,1824,352.72,643361.28,24,Completed
SO05448,2024-09-09,C025,P006,R01,1287,265.92,342239.04,20,Completed
SO05449,2025-06-30,C023,P008,R04,1179,304.26,358722.54,14,Completed
SO05450,2024-11-14,C016,P003,R03,1934,183.95,355759.3,29,Delayed
SO05451,2024-05-17,C010,P003,R04,554,313.81,173850.74,5,Completed
SO05452,2024-08-08,C025,P001,R01,443,394.03,174555.29,10,Completed
SO05453,2023-04-14,C030,P003,R02,1881,264.68,497863.08,20,Completed
SO05454,2023-10-11,C018,P006,R04,804,323.62,260190.48,8,Completed
SO05455,2023-10-09,C020,P005,R01,722,227.24,164067.28,18,Completed
SO05456,2023-12-28,C042,P007,R04,1915,358.48,686489.2,29,Delayed
SO05457,2024-01-17,C007,P008,R02,367,241.06,88469.02,28,Delayed
SO05458,2024-12-13,C009,P008,R02,1081,401.1,433589.1,5,Completed
SO05459,2023-06-17,C004,P006,R03,610,319.59,194949.9,11,Completed
SO05460,2023-04-25,C029,P004,R02,907,202.19,183386.33,3,Completed
SO05461,2023-02-04,C026,P006,R04,1443,203.7,293939.1,11,Completed
SO05462,2025-07-31,C040,P005,R01,263,182.18,47913.34,10,Completed
SO05463,2025-11-19,C039,P006,R01,1299,265.41,344767.59,26,Completed
SO05464,2025-05-09,C029,P004,R02,1608,250.91,403463.28,29,Delayed
SO05465,2023-12-30,C005,P001,R04,1516,300.25,455179.0,5,Completed
SO05466,2023-12-25,C026,P007,R04,617,190.04,117254.68,9,Completed
SO05467,2024-09-24,C020,P005,R01,1550,383.33,594161.5,11,Completed
SO05468,2025-02-20,C048,P007,R04,516,447.37,230842.92,13,Completed
SO05469,2023-03-26,C029,P001,R02,184,235.31,43297.04,5,Completed
SO05470,2024-12-09,C012,P007,R01,1560,287.54,448562.4,15,Completed
SO05471,2023-10-08,C044,P005,R01,770,299.62,230707.4,7,Completed
SO05472,2024-11-14,C019,P007,R04,1650,205.81,339586.5,10,Completed
SO05473,2023-03-07,C001,P003,R01,1832,100.55,184207.6,9,Completed
SO05474,2024-10-26,C025,P006,R01,287,225.54,64729.98,13,Completed
SO05475,2025-04-15,C050,P007,R04,1687,65.7,110835.9,9,Completed
SO05476,2023-04-29,C012,P003,R01,185,487.37,90163.45,20,Completed
SO05477,2023-09-08,C015,P002,R04,463,112.45,52064.35,27,Delayed
SO05478,2025-09-16,C039,P007,R01,1689,441.85,746284.65,5,Completed
SO05479,2024-01-28,C013,P006,R01,1392,177.95,247706.4,20,Completed
SO05480,2023-06-22,C005,P008,R04,164,188.16,30858.24,21,Completed
SO05481,2024-04-07,C039,P008,R01,1001,427.85,428277.85,16,Completed
SO05482,2025-05-11,C011,P006,R04,1191,376.6,448530.6,5,Completed
SO05483,2025-10-09,C047,P004,R04,1752,412.23,722226.96,29,Delayed
SO05484,2023-11-02,C012,P005,R01,1982,379.08,751336.56,13,Completed
SO05485,2025-05-25,C036,P008,R04,691,161.15,111354.65,6,Completed
SO05486,2024-11-14,C012,P005,R01,235,139.44,32768.4,14,Completed
SO05487,2025-06-14,C034,P008,R02,1582,369.22,584106.04,28,Delayed
SO05488,2024-01-19,C035,P005,R02,197,71.01,13988.97,22,Completed
SO05489,2025-02-10,C007,P003,R02,1453,402.61,584992.33,20,Completed
SO05490,2025-03-24,C010,P002,R04,416,426.02,177224.32,12,Completed
SO05491,2024-03-08,C023,P006,R04,127,162.52,20640.04,8,Completed
SO05492,2023-05-14,C047,P003,R04,130,294.81,38325.3,9,Completed
SO05493,2025-06-21,C026,P005,R04,236,487.79,115118.44,7,Completed
SO05494,2024-08-19,C035,P001,R02,1487,56.03,83316.61,26,Completed
SO05495,2025-04-21,C032,P008,R02,1836,257.08,471998.88,20,Completed
SO05496,2023-05-08,C035,P004,R02,238,353.77,84197.26,21,Completed
SO05497,2023-02-19,C049,P003,R03,1245,81.14,101019.3,20,Completed
SO05498,2025-08-22,C015,P008,R04,1416,322.6,456801.6,10,Completed
SO05499,2024-09-16,C005,P004,R04,339,200.82,68077.98,25,Completed
SO05500,2024-12-25,C006,P005,R04,1290,150.53,194183.7,20,Completed
SO05501,2025-11-23,C027,P007,R03,1336,374.47,500291.92,22,Completed
SO05502,2024-01-11,C029,P001,R02,750,211.84,158880.0,7,Completed
SO05503,2025-07-30,C034,P004,R02,305,415.75,126803.75,8,Completed
SO05504,2024-03-08,C022,P004,R02,1339,154.66,207089.74,4,Completed
SO05505,2023-12-31,C031,P005,R02,1899,402.74,764803.26,19,Completed
SO05506,2023-11-25,C008,P006,R04,342,290.01,99183.42,8,Completed
SO05507,2023-12-08,C007,P004,R02,668,367.82,245703.76,26,Completed
SO05508,2024-04-29,C029,P007,R02,479,140.63,67361.77,16,Completed
SO05509,2025-10-14,C034,P006,R02,1973,149.71,295377.83,3,Completed
SO05510,2023-08-08,C023,P002,R04,669,463.95,310382.55,7,Completed
SO05511,2025-07-26,C029,P008,R02,1693,168.51,285287.43,25,Completed
SO05512,2024-05-02,C024,P006,R02,730,359.35,262325.5,29,Delayed
SO05513,2023-11-12,C029,P007,R02,1656,182.76,302650.56,23,Completed
SO05514,2025-02-01,C025,P005,R01,1198,193.56,231884.88,15,Completed
SO05515,2023-11-24,C001,P001,R01,1347,135.04,181898.88,23,Completed
SO05516,2023-09-25,C017,P005,R03,1947,216.19,420921.93,22,Completed
SO05517,2025-06-06,C028,P005,R04,1318,261.81,345065.58,11,Completed
SO05518,2023-08-11,C011,P008,R04,1039,44.91,46661.49,26,Completed
SO05519,2025-03-15,C035,P004,R02,763,101.72,77612.36,16,Completed
SO05520,2025-03-12,C038,P005,R02,553,68.72,38002.16,26,Completed
SO05521,2024-07-12,C013,P006,R01,793,178.69,141701.17,8,Completed
SO05522,2025-07-27,C048,P002,R04,975,326.8,318630.0,8,Completed
SO05523,2023-12-24,C046,P004,R01,1180,106.36,125504.8,4,Completed
SO05524,2023-06-09,C009,P005,R02,1771,163.08,288814.68,18,Completed
SO05525,2023-09-04,C029,P007,R02,449,177.29,79603.21,13,Completed
SO05526,2023-11-10,C018,P004,R04,1900,482.83,917377.0,15,Completed
SO05527,2024-10-20,C023,P001,R04,573,357.07,204601.11,17,Completed
SO05528,2025-01-06,C008,P002,R04,1232,266.3,328081.6,29,Delayed
SO05529,2024-12-07,C023,P008,R04,873,38.45,33566.85,4,Completed
SO05530,2024-08-24,C016,P008,R03,606,366.86,222317.16,28,Delayed
SO05531,2025-03-11,C039,P003,R01,1456,499.81,727723.36,15,Completed
SO05532,2025-08-09,C031,P008,R02,1459,210.44,307031.96,17,Completed
SO05533,2024-04-15,C003,P007,R03,296,143.1,42357.6,23,Completed
SO05534,2023-10-30,C039,P001,R01,220,132.94,29246.8,10,Completed
SO05535,2025-12-05,C032,P001,R02,447,216.07,96583.29,26,Completed
SO05536,2025-07-28,C045,P002,R03,953,129.03,122965.59,3,Completed
SO05537,2023-03-12,C032,P006,R02,793,341.68,270952.24,14,Completed
SO05538,2023-04-15,C011,P003,R04,1686,480.01,809296.86,20,Completed
SO05539,2024-12-22,C001,P001,R01,487,138.72,67556.64,11,Completed
SO05540,2024-10-22,C031,P003,R02,652,140.1,91345.2,12,Completed
SO05541,2024-11-20,C005,P001,R04,965,263.62,254393.3,19,Completed
SO05542,2024-06-12,C034,P001,R02,345,236.89,81727.05,27,Delayed
SO05543,2023-09-11,C008,P002,R04,177,161.65,28612.05,28,Delayed
SO05544,2025-08-21,C015,P005,R04,1317,451.2,594230.4,11,Completed
SO05545,2023-02-24,C047,P003,R04,1805,380.68,687127.4,4,Completed
SO05546,2025-03-17,C050,P008,R04,1350,69.17,93379.5,10,Completed
SO05547,2023-11-16,C006,P007,R04,1087,98.04,106569.48,10,Completed
SO05548,2024-05-21,C046,P006,R01,1509,203.43,306975.87,4,Completed
SO05549,2024-10-23,C032,P007,R02,893,203.12,181386.16,18,Completed
SO05550,2023-08-16,C039,P006,R01,1011,340.85,344599.35,10,Completed
SO05551,2024-03-29,C041,P004,R02,1590,60.04,95463.6,6,Completed
SO05552,2024-10-19,C015,P006,R04,453,356.57,161526.21,4,Completed
SO05553,2024-10-20,C050,P003,R04,1161,87.96,102121.56,29,Delayed
SO05554,2025-02-07,C050,P003,R04,178,82.29,14647.62,24,Completed
SO05555,2023-02-01,C043,P006,R04,887,33.17,29421.79,16,Completed
SO05556,2023-10-07,C049,P003,R03,1828,281.6,514764.8,17,Completed
SO05557,2024-02-28,C050,P001,R04,59,381.48,22507.32,12,Completed
SO05558,2024-07-10,C033,P004,R02,499,159.16,79420.84,3,Completed
SO05559,2024-12-21,C018,P007,R04,899,398.58,358323.42,16,Completed
SO05560,2024-03-03,C019,P004,R04,366,465.32,170307.12,20,Completed
SO05561,2025-02-22,C015,P006,R04,651,227.83,148317.33,22,Completed
SO05562,2025-12-16,C028,P002,R04,1345,326.41,439021.45,27,Delayed
SO05563,2025-03-18,C005,P001,R04,1020,112.33,114576.6,13,Completed
SO05564,2023-10-24,C026,P004,R04,1275,176.27,224744.25,21,Completed
SO05565,2025-05-12,C050,P003,R04,1141,282.53,322366.73,9,Completed
SO05566,2025-09-12,C022,P007,R02,1504,490.97,738418.88,9,Completed
SO05567,2024-09-03,C040,P005,R01,1371,293.07,401798.97,4,Completed
SO05568,2025-03-21,C028,P002,R04,1332,67.93,90482.76,17,Completed
SO05569,2024-10-08,C050,P006,R04,1135,316.79,359556.65,17,Completed
SO05570,2023-05-01,C043,P008,R04,1032,373.71,385668.72,9,Completed
SO05571,2024-04-24,C044,P003,R01,1953,126.64,247327.92,18,Completed
SO05572,2025-10-12,C020,P003,R01,277,159.79,44261.83,10,Completed
SO05573,2025-03-22,C037,P007,R04,773,58.92,45545.16,22,Completed
SO05574,2024-11-19,C015,P006,R04,599,274.85,164635.15,13,Completed
SO05575,2025-07-24,C024,P006,R02,1595,489.74,781135.3,11,Completed
SO05576,2025-04-17,C020,P005,R01,575,124.67,71685.25,26,Completed
SO05577,2025-02-04,C043,P002,R04,1089,440.49,479693.61,20,Completed
SO05578,2023-07-09,C047,P001,R04,1956,88.78,173653.68,20,Completed
SO05579,2025-10-20,C010,P003,R04,925,326.16,301698.0,24,Completed
SO05580,2023-01-07,C017,P003,R03,138,259.61,35826.18,8,Completed
SO05581,2024-07-11,C026,P006,R04,1489,409.12,609179.68,18,Completed
SO05582,2025-07-08,C018,P007,R04,1753,370.68,649802.04,13,Completed
SO05583,2023-04-27,C003,P006,R03,436,345.37,150581.32,11,Completed
SO05584,2024-04-14,C020,P004,R01,1856,126.96,235637.76,9,Completed
SO05585,2024-10-06,C036,P006,R04,82,227.74,18674.68,13,Completed
SO05586,2025-12-17,C025,P001,R01,1181,225.48,266291.88,11,Completed
SO05587,2023-01-09,C022,P001,R02,148,386.76,57240.48,15,Completed
SO05588,2023-08-05,C021,P008,R01,589,249.91,147196.99,19,Completed
SO05589,2024-02-24,C042,P001,R04,1349,190.28,256687.72,22,Completed
SO05590,2024-12-23,C049,P006,R03,1846,44.93,82940.78,19,Completed
SO05591,2025-06-06,C023,P005,R04,930,424.68,394952.4,23,Completed
SO05592,2023-04-07,C028,P005,R04,131,367.93,48198.83,8,Completed
SO05593,2023-03-04,C044,P004,R01,223,20.32,4531.36,11,Completed
SO05594,2023-09-15,C005,P001,R04,651,169.01,110025.51,16,Completed
SO05595,2025-09-29,C047,P004,R04,896,428.45,383891.2,21,Completed
SO05596,2024-07-29,C023,P004,R04,1854,382.58,709303.32,12,Completed
SO05597,2024-06-28,C022,P004,R02,1711,460.46,787847.06,11,Completed
SO05598,2024-11-21,C024,P004,R02,1337,312.9,418347.3,9,Completed
SO05599,2024-05-16,C013,P006,R01,1929,462.61,892374.69,25,Completed
SO05600,2024-08-26,C024,P007,R02,1884,330.58,622812.72,15,Completed
SO05601,2024-02-11,C003,P008,R03,1615,333.4,538441.0,8,Completed
SO05602,2023-01-16,C035,P004,R02,1661,259.54,431095.94,27,Delayed
SO05603,2024-09-21,C049,P003,R03,410,333.56,136759.6,10,Completed
SO05604,2024-08-25,C004,P003,R03,538,342.59,184313.42,16,Completed
SO05605,2023-03-26,C039,P005,R01,1421,485.97,690563.37,6,Completed
SO05606,2024-05-12,C022,P007,R02,614,185.0,113590.0,21,Completed
SO05607,2025-07-01,C011,P002,R04,1115,335.26,373814.9,11,Completed
SO05608,2025-11-19,C033,P003,R02,1522,390.81,594812.82,28,Delayed
SO05609,2024-06-29,C013,P001,R01,1296,223.01,289020.96,25,Completed
SO05610,2023-11-03,C002,P007,R04,1780,306.31,545231.8,23,Completed
SO05611,2023-05-19,C004,P003,R03,111,95.56,10607.16,20,Completed
SO05612,2024-06-07,C012,P008,R01,89,288.42,25669.38,26,Completed
SO05613,2023-06-17,C005,P003,R04,837,72.49,60674.13,23,Completed
SO05614,2024-06-02,C030,P007,R02,259,316.3,81921.7,13,Completed
SO05615,2025-08-24,C021,P008,R01,775,305.49,236754.75,7,Completed
SO05616,2024-11-16,C002,P005,R04,376,402.99,151524.24,7,Completed
SO05617,2023-11-24,C030,P006,R02,155,57.81,8960.55,5,Completed
SO05618,2024-04-06,C039,P005,R01,586,302.2,177089.2,17,Completed
SO05619,2023-02-26,C036,P007,R04,1251,80.86,101155.86,25,Completed
SO05620,2023-02-05,C017,P007,R03,1903,289.57,551051.71,11,Completed
SO05621,2024-02-27,C033,P005,R02,1372,208.47,286020.84,5,Completed
SO05622,2023-11-25,C040,P008,R01,463,79.08,36614.04,8,Completed
SO05623,2023-07-19,C010,P008,R04,593,447.86,265580.98,15,Completed
SO05624,2023-05-14,C007,P002,R02,626,63.69,39869.94,28,Delayed
SO05625,2023-11-27,C026,P004,R04,639,120.72,77140.08,28,Delayed
SO05626,2025-05-12,C005,P005,R04,938,256.95,241019.1,18,Completed
SO05627,2024-10-19,C015,P002,R04,1291,405.37,523332.67,13,Completed
SO05628,2025-04-29,C018,P002,R04,227,406.06,92175.62,4,Completed
SO05629,2024-03-05,C013,P002,R01,1474,416.63,614112.62,24,Completed
SO05630,2025-06-29,C014,P001,R03,550,232.84,128062.0,7,Completed
SO05631,2024-11-26,C029,P001,R02,1162,317.12,368493.44,20,Completed
SO05632,2025-09-10,C004,P002,R03,1733,434.52,753023.16,8,Completed
SO05633,2024-08-16,C045,P003,R03,1178,456.62,537898.36,16,Completed
SO05634,2025-11-14,C001,P003,R01,392,59.03,23139.76,11,Completed
SO05635,2023-05-29,C036,P006,R04,478,334.96,160110.88,25,Completed
SO05636,2023-10-07,C001,P004,R01,200,300.99,60198.0,4,Completed
SO05637,2023-12-17,C019,P007,R04,1869,102.29,191180.01,13,Completed
SO05638,2025-08-14,C037,P005,R04,420,287.44,120724.8,28,Delayed
SO05639,2025-05-15,C041,P003,R02,1215,212.81,258564.15,4,Completed
SO05640,2025-06-24,C033,P002,R02,872,161.96,141229.12,22,Completed
SO05641,2023-08-25,C009,P001,R02,1688,147.09,248287.92,19,Completed
SO05642,2024-03-14,C002,P003,R04,1988,357.73,711167.24,10,Completed
SO05643,2023-04-07,C022,P006,R02,117,410.71,48053.07,3,Completed
SO05644,2023-09-23,C001,P007,R01,617,347.55,214438.35,22,Completed
SO05645,2025-05-29,C039,P002,R01,980,319.09,312708.2,16,Completed
SO05646,2024-05-10,C005,P002,R04,386,452.71,174746.06,13,Completed
SO05647,2024-09-17,C004,P002,R03,936,409.26,383067.36,16,Completed
SO05648,2025-06-18,C011,P001,R04,1766,191.43,338065.38,27,Delayed
SO05649,2024-09-21,C026,P001,R04,1033,178.08,183956.64,4,Completed
SO05650,2024-11-22,C016,P005,R03,1641,268.2,440116.2,19,Completed
SO05651,2025-04-19,C035,P002,R02,591,490.48,289873.68,20,Completed
SO05652,2025-03-22,C041,P002,R02,359,441.72,158577.48,29,Delayed
SO05653,2024-02-29,C021,P008,R01,1449,485.54,703547.46,27,Delayed
SO05654,2025-07-23,C048,P005,R04,1655,26.94,44585.7,26,Completed
SO05655,2024-12-26,C029,P001,R02,950,371.58,353001.0,10,Completed
SO05656,2023-12-19,C025,P005,R01,625,140.99,88118.75,17,Completed
SO05657,2024-01-25,C005,P005,R04,516,279.37,144154.92,14,Completed
SO05658,2024-01-07,C003,P006,R03,1160,151.88,176180.8,28,Delayed
SO05659,2025-01-19,C004,P002,R03,618,253.69,156780.42,18,Completed
SO05660,2025-10-20,C048,P003,R04,1581,481.28,760903.68,10,Completed
SO05661,2025-08-11,C030,P004,R02,828,160.9,133225.2,29,Delayed
SO05662,2025-11-25,C001,P007,R01,1458,251.95,367343.1,18,Completed
SO05663,2025-12-31,C004,P005,R03,1668,52.0,86736.0,5,Completed
SO05664,2024-01-13,C033,P002,R02,1209,124.11,150048.99,28,Delayed
SO05665,2023-09-03,C029,P003,R02,348,158.55,55175.4,11,Completed
SO05666,2025-05-28,C028,P006,R04,734,177.29,130130.86,17,Completed
SO05667,2025-05-02,C006,P008,R04,809,45.11,36493.99,9,Completed
SO05668,2025-09-03,C001,P007,R01,1318,405.23,534093.14,21,Completed
SO05669,2024-01-03,C032,P006,R02,490,53.73,26327.7,21,Completed
SO05670,2024-02-11,C030,P005,R02,1928,189.74,365818.72,29,Delayed
SO05671,2025-03-15,C002,P006,R04,1323,377.42,499326.66,8,Completed
SO05672,2024-05-05,C032,P004,R02,1602,126.2,202172.4,19,Completed
SO05673,2024-11-10,C020,P001,R01,751,434.7,326459.7,13,Completed
SO05674,2025-08-27,C035,P003,R02,70,47.08,3295.6,23,Completed
SO05675,2025-05-03,C009,P001,R02,1425,473.14,674224.5,16,Completed
SO05676,2025-03-27,C007,P003,R02,207,91.5,18940.5,29,Delayed
SO05677,2024-07-27,C046,P004,R01,269,420.34,113071.46,9,Completed
SO05678,2023-09-06,C023,P001,R04,1315,445.99,586476.85,20,Completed
SO05679,2025-09-09,C008,P002,R04,1747,259.91,454062.77,13,Completed
SO05680,2024-09-08,C047,P008,R04,324,172.4,55857.6,22,Completed
SO05681,2025-10-26,C048,P003,R04,1895,456.4,864878.0,19,Completed
SO05682,2025-12-21,C033,P003,R02,558,211.86,118217.88,28,Delayed
SO05683,2023-09-02,C043,P008,R04,439,156.2,68571.8,20,Completed
SO05684,2024-12-26,C038,P007,R02,1137,420.12,477676.44,27,Delayed
SO05685,2023-04-27,C006,P002,R04,1706,325.35,555047.1,27,Delayed
SO05686,2024-06-01,C034,P003,R02,1011,77.87,78726.57,19,Completed
SO05687,2025-07-18,C017,P006,R03,494,94.23,46549.62,13,Completed
SO05688,2024-12-17,C023,P008,R04,1877,320.93,602385.61,26,Completed
SO05689,2023-07-21,C030,P001,R02,354,403.43,142814.22,29,Delayed
SO05690,2023-10-26,C014,P006,R03,939,77.54,72810.06,23,Completed
SO05691,2024-12-30,C011,P003,R04,1181,490.58,579374.98,25,Completed
SO05692,2023-02-14,C006,P005,R04,209,242.16,50611.44,14,Completed
SO05693,2024-04-09,C044,P002,R01,1262,308.45,389263.9,11,Completed
SO05694,2025-11-12,C001,P003,R01,1144,499.24,571130.56,23,Completed
SO05695,2024-11-27,C049,P004,R03,659,279.21,183999.39,27,Delayed
SO05696,2023-06-03,C006,P005,R04,494,175.55,86721.7,9,Completed
SO05697,2024-03-02,C031,P008,R02,1204,297.68,358406.72,24,Completed
SO05698,2024-10-30,C048,P004,R04,535,397.95,212903.25,10,Completed
SO05699,2024-03-25,C042,P001,R04,1960,261.54,512618.4,16,Completed
SO05700,2023-09-22,C009,P003,R02,638,268.65,171398.7,23,Completed
SO05701,2025-03-12,C045,P001,R03,414,242.81,100523.34,16,Completed
SO05702,2024-10-11,C044,P001,R01,687,250.13,171839.31,11,Completed
SO05703,2024-07-26,C026,P008,R04,1134,259.78,294590.52,20,Completed
SO05704,2025-03-10,C002,P007,R04,1209,164.7,199122.3,20,Completed
SO05705,2023-03-26,C039,P007,R01,914,342.04,312624.56,3,Completed
SO05706,2023-04-05,C036,P008,R04,1896,471.1,893205.6,7,Completed
SO05707,2024-07-04,C040,P002,R01,1485,59.22,87941.7,9,Completed
SO05708,2025-01-05,C022,P003,R02,1927,231.81,446697.87,3,Completed
SO05709,2024-04-13,C001,P007,R01,763,351.1,267889.3,6,Completed
SO05710,2025-06-05,C011,P001,R04,296,106.62,31559.52,24,Completed
SO05711,2024-04-24,C038,P004,R02,1316,101.58,133679.28,28,Delayed
SO05712,2025-04-03,C015,P005,R04,196,102.36,20062.56,27,Delayed
SO05713,2023-05-05,C007,P008,R02,339,463.4,157092.6,25,Completed
SO05714,2025-01-18,C027,P008,R03,1139,166.95,190156.05,6,Completed
SO05715,2023-12-19,C011,P006,R04,1625,395.53,642736.25,18,Completed
SO05716,2025-05-06,C009,P003,R02,1953,266.43,520337.79,14,Completed
SO05717,2023-01-06,C046,P001,R01,351,391.12,137283.12,8,Completed
SO05718,2023-04-01,C019,P005,R04,1532,493.44,755950.08,13,Completed
SO05719,2023-03-16,C044,P004,R01,453,151.7,68720.1,7,Completed
SO05720,2025-08-02,C047,P001,R04,1037,467.1,484382.7,4,Completed
SO05721,2024-05-31,C023,P008,R04,341,453.4,154609.4,14,Completed
SO05722,2024-12-29,C016,P004,R03,1087,419.27,455746.49,19,Completed
SO05723,2023-05-31,C038,P002,R02,1698,76.02,129081.96,23,Completed
SO05724,2024-12-14,C034,P002,R02,1157,177.66,205552.62,6,Completed
SO05725,2023-06-11,C007,P008,R02,1159,355.45,411966.55,5,Completed
SO05726,2025-12-24,C035,P001,R02,1938,134.69,261029.22,23,Completed
SO05727,2023-03-21,C048,P005,R04,1743,313.96,547232.28,19,Completed
SO05728,2023-06-13,C013,P006,R01,1840,480.95,884948.0,16,Completed
SO05729,2024-09-15,C048,P002,R04,1414,462.21,653564.94,14,Completed
SO05730,2024-10-31,C001,P007,R01,315,52.57,16559.55,28,Delayed
SO05731,2024-08-15,C015,P003,R04,956,359.74,343911.44,14,Completed
SO05732,2025-11-14,C048,P004,R04,614,379.34,232914.76,8,Completed
SO05733,2023-03-08,C033,P006,R02,229,90.13,20639.77,21,Completed
SO05734,2023-12-02,C022,P002,R02,1035,332.52,344158.2,8,Completed
SO05735,2024-11-14,C022,P006,R02,1951,302.71,590587.21,14,Completed
SO05736,2025-04-04,C047,P006,R04,104,373.44,38837.76,27,Delayed
SO05737,2024-03-03,C025,P007,R01,1519,75.57,114790.83,10,Completed
SO05738,2024-07-19,C033,P002,R02,732,220.9,161698.8,23,Completed
SO05739,2025-11-18,C020,P001,R01,1780,69.06,122926.8,20,Completed
SO05740,2025-07-13,C017,P008,R03,1777,205.81,365724.37,12,Completed
SO05741,2024-12-29,C040,P008,R01,78,455.75,35548.5,27,Delayed
SO05742,2025-08-14,C006,P005,R04,1831,38.58,70639.98,27,Delayed
SO05743,2024-09-13,C024,P002,R02,1081,181.42,196115.02,26,Completed
SO05744,2024-09-14,C032,P006,R02,785,346.2,271767.0,3,Completed
SO05745,2023-02-02,C015,P007,R04,748,117.46,87860.08,7,Completed
SO05746,2025-07-15,C040,P005,R01,916,285.09,261142.44,18,Completed
SO05747,2023-12-19,C036,P007,R04,1393,40.56,56500.08,29,Delayed
SO05748,2024-12-15,C017,P001,R03,444,180.77,80261.88,27,Delayed
SO05749,2023-05-08,C041,P007,R02,1281,498.99,639206.19,6,Completed
SO05750,2024-07-30,C001,P008,R01,961,308.66,296622.26,12,Completed
SO05751,2025-03-21,C009,P003,R02,1142,114.44,130690.48,7,Completed
SO05752,2025-11-07,C005,P005,R04,1654,65.24,107906.96,11,Completed
SO05753,2025-05-19,C043,P004,R04,832,193.81,161249.92,25,Completed
SO05754,2023-03-30,C020,P004,R01,1515,389.91,590713.65,14,Completed
SO05755,2024-12-22,C013,P002,R01,1203,337.22,405675.66,13,Completed
SO05756,2024-04-02,C016,P007,R03,656,339.41,222652.96,10,Completed
SO05757,2023-01-07,C019,P006,R04,507,112.77,57174.39,24,Completed
SO05758,2023-11-20,C019,P007,R04,766,25.53,19555.98,10,Completed
SO05759,2024-11-21,C005,P007,R04,978,161.46,157907.88,21,Completed
SO05760,2024-08-10,C028,P005,R04,1755,442.62,776798.1,9,Completed
SO05761,2024-05-16,C012,P001,R01,735,287.42,211253.7,22,Completed
SO05762,2024-01-17,C023,P008,R04,455,486.55,221380.25,13,Completed
SO05763,2023-02-17,C007,P004,R02,390,471.99,184076.1,27,Delayed
SO05764,2024-07-19,C017,P001,R03,722,413.34,298431.48,15,Completed
SO05765,2024-10-25,C045,P006,R03,289,43.4,12542.6,3,Completed
SO05766,2023-10-25,C018,P008,R04,108,217.49,23488.92,27,Delayed
SO05767,2024-12-04,C005,P003,R04,1465,388.79,569577.35,26,Completed
SO05768,2025-11-16,C050,P005,R04,583,228.21,133046.43,9,Completed
SO05769,2023-02-01,C005,P002,R04,178,354.25,63056.5,29,Delayed
SO05770,2025-09-03,C029,P001,R02,1054,202.27,213192.58,13,Completed
SO05771,2023-03-11,C023,P007,R04,1196,252.9,302468.4,21,Completed
SO05772,2024-01-15,C006,P005,R04,1303,360.75,470057.25,27,Delayed
SO05773,2024-11-08,C025,P001,R01,1407,194.66,273886.62,25,Completed
SO05774,2023-04-27,C015,P006,R04,181,229.88,41608.28,8,Completed
SO05775,2024-12-05,C023,P006,R04,1455,197.6,287508.0,26,Completed
SO05776,2024-02-24,C042,P002,R04,1898,318.71,604911.58,29,Delayed
SO05777,2024-03-18,C021,P008,R01,1261,127.07,160235.27,15,Completed
SO05778,2024-11-15,C017,P008,R03,545,260.95,142217.75,21,Completed
SO05779,2024-08-14,C009,P001,R02,625,398.64,249150.0,27,Delayed
SO05780,2025-10-26,C029,P003,R02,1877,413.11,775407.47,24,Completed
SO05781,2024-11-25,C044,P005,R01,1114,338.73,377345.22,11,Completed
SO05782,2023-12-04,C046,P006,R01,1005,276.61,277993.05,22,Completed
SO05783,2023-07-13,C044,P002,R01,1007,233.17,234802.19,10,Completed
SO05784,2023-12-09,C026,P004,R04,1103,251.53,277437.59,13,Completed
SO05785,2024-09-07,C034,P006,R02,1981,293.55,581522.55,5,Completed
SO05786,2025-01-31,C005,P004,R04,894,164.86,147384.84,3,Completed
SO05787,2023-12-08,C029,P004,R02,368,198.11,72904.48,18,Completed
SO05788,2024-12-17,C017,P006,R03,1293,157.96,204242.28,19,Completed
SO05789,2023-12-17,C024,P004,R02,1614,24.45,39462.3,14,Completed
SO05790,2024-08-02,C024,P001,R02,805,200.75,161603.75,12,Completed
SO05791,2023-12-20,C038,P004,R02,257,473.01,121563.57,25,Completed
SO05792,2025-08-10,C007,P003,R02,1584,383.31,607163.04,19,Completed
SO05793,2024-04-25,C019,P005,R04,1639,419.8,688052.2,13,Completed
SO05794,2024-06-14,C029,P006,R02,1162,54.51,63340.62,24,Completed
SO05795,2024-07-08,C018,P007,R04,1387,419.52,581874.24,19,Completed
SO05796,2023-08-10,C043,P008,R04,116,157.92,18318.72,17,Completed
SO05797,2023-12-28,C019,P004,R04,128,451.03,57731.84,28,Delayed
SO05798,2023-03-01,C041,P003,R02,1895,296.5,561867.5,25,Completed
SO05799,2025-06-30,C024,P006,R02,1987,459.9,913821.3,17,Completed
SO05800,2024-11-28,C050,P003,R04,1492,202.86,302667.12,27,Delayed
SO05801,2023-08-23,C032,P002,R02,1327,465.47,617678.69,23,Completed
SO05802,2025-01-18,C004,P008,R03,546,34.17,18656.82,4,Completed
SO05803,2023-12-23,C041,P006,R02,1016,302.27,307106.32,14,Completed
SO05804,2023-12-09,C001,P001,R01,559,326.31,182407.29,28,Delayed
SO05805,2023-08-05,C002,P005,R04,1873,91.26,170929.98,20,Completed
SO05806,2023-07-14,C045,P006,R03,201,109.78,22065.78,17,Completed
SO05807,2025-06-29,C038,P001,R02,488,342.63,167203.44,11,Completed
SO05808,2023-06-13,C015,P003,R04,671,86.62,58122.02,8,Completed
SO05809,2024-02-29,C040,P006,R01,1782,494.24,880735.68,13,Completed
SO05810,2024-11-15,C034,P004,R02,1199,205.94,246922.06,17,Completed
SO05811,2023-11-09,C003,P001,R03,372,189.62,70538.64,5,Completed
SO05812,2023-12-08,C003,P003,R03,1883,344.02,647789.66,11,Completed
SO05813,2025-02-07,C034,P001,R02,1467,455.45,668145.15,14,Completed
SO05814,2025-08-31,C047,P007,R04,232,439.54,101973.28,9,Completed
SO05815,2025-07-06,C023,P007,R04,1505,70.01,105365.05,25,Completed
SO05816,2024-04-08,C041,P002,R02,1749,138.46,242166.54,12,Completed
SO05817,2023-12-29,C030,P001,R02,274,255.93,70124.82,25,Completed
SO05818,2024-04-06,C025,P002,R01,126,309.79,39033.54,4,Completed
SO05819,2025-02-02,C014,P003,R03,1080,187.23,202208.4,16,Completed
SO05820,2024-07-25,C017,P004,R03,1058,261.87,277058.46,15,Completed
SO05821,2023-07-03,C018,P007,R04,1296,64.38,83436.48,8,Completed
SO05822,2025-01-18,C035,P006,R02,1256,228.72,287272.32,23,Completed
SO05823,2025-03-15,C014,P001,R03,1557,382.56,595645.92,11,Completed
SO05824,2023-03-09,C013,P004,R01,1651,67.16,110881.16,22,Completed
SO05825,2024-11-08,C018,P005,R04,121,299.98,36297.58,12,Completed
SO05826,2025-05-13,C005,P001,R04,1153,32.59,37576.27,21,Completed
SO05827,2024-03-11,C043,P003,R04,455,101.24,46064.2,26,Completed
SO05828,2023-10-28,C039,P002,R01,182,138.76,25254.32,17,Completed
SO05829,2025-06-24,C029,P003,R02,1779,158.19,281420.01,28,Delayed
SO05830,2025-01-11,C002,P005,R04,374,315.73,118083.02,21,Completed
SO05831,2024-05-08,C035,P007,R02,633,459.32,290749.56,8,Completed
SO05832,2023-11-27,C001,P001,R01,52,64.57,3357.64,26,Completed
SO05833,2024-10-27,C003,P005,R03,1824,364.93,665632.32,13,Completed
SO05834,2023-05-12,C041,P008,R02,479,202.44,96968.76,13,Completed
SO05835,2024-04-04,C047,P003,R04,1255,484.16,607620.8,4,Completed
SO05836,2023-01-25,C027,P002,R03,491,361.69,177589.79,16,Completed
SO05837,2024-12-22,C025,P007,R01,1878,54.04,101487.12,13,Completed
SO05838,2025-05-26,C005,P006,R04,1262,77.89,98297.18,4,Completed
SO05839,2023-08-17,C010,P008,R04,1614,496.86,801932.04,23,Completed
SO05840,2023-01-30,C048,P003,R04,428,253.19,108365.32,8,Completed
SO05841,2023-08-08,C032,P006,R02,1813,495.25,897888.25,9,Completed
SO05842,2023-05-06,C002,P004,R04,1433,100.22,143615.26,20,Completed
SO05843,2023-08-04,C019,P008,R04,566,397.38,224917.08,9,Completed
SO05844,2025-09-23,C011,P002,R04,662,216.19,143117.78,25,Completed
SO05845,2024-07-08,C008,P006,R04,379,48.57,18408.03,13,Completed
SO05846,2023-11-11,C008,P007,R04,919,412.87,379427.53,16,Completed
SO05847,2024-11-29,C002,P008,R04,327,378.4,123736.8,28,Delayed
SO05848,2025-03-22,C008,P008,R04,821,22.96,18850.16,16,Completed
SO05849,2023-12-08,C029,P005,R02,250,400.82,100205.0,22,Completed
SO05850,2024-10-02,C023,P005,R04,1603,373.5,598720.5,24,Completed
SO05851,2024-11-28,C038,P004,R02,743,74.52,55368.36,21,Completed
SO05852,2025-05-25,C039,P006,R01,1996,390.21,778859.16,17,Completed
SO05853,2024-04-05,C035,P003,R02,997,156.98,156509.06,10,Completed
SO05854,2024-10-19,C008,P005,R04,1977,409.18,808948.86,4,Completed
SO05855,2023-03-09,C041,P002,R02,634,104.16,66037.44,8,Completed
SO05856,2025-02-16,C037,P001,R04,483,481.72,232670.76,15,Completed
SO05857,2025-03-14,C040,P003,R01,890,33.34,29672.6,10,Completed
SO05858,2024-08-03,C047,P004,R04,1873,392.84,735789.32,26,Completed
SO05859,2025-09-26,C027,P005,R03,1383,466.82,645612.06,20,Completed
SO05860,2025-03-02,C033,P008,R02,607,407.87,247577.09,3,Completed
SO05861,2024-10-11,C044,P004,R01,1664,477.15,793977.6,6,Completed
SO05862,2023-10-10,C042,P005,R04,189,417.12,78835.68,18,Completed
SO05863,2025-08-09,C011,P008,R04,65,390.29,25368.85,18,Completed
SO05864,2024-02-24,C031,P007,R02,1115,214.05,238665.75,16,Completed
SO05865,2024-09-22,C039,P007,R01,563,411.0,231393.0,26,Completed
SO05866,2025-02-04,C008,P007,R04,1585,403.44,639452.4,7,Completed
SO05867,2023-09-03,C044,P007,R01,708,36.56,25884.48,6,Completed
SO05868,2023-09-10,C050,P008,R04,843,91.12,76814.16,17,Completed
SO05869,2024-06-10,C024,P004,R02,868,202.89,176108.52,8,Completed
SO05870,2024-02-07,C006,P006,R04,1374,216.51,297484.74,18,Completed
SO05871,2023-07-31,C012,P002,R01,548,271.66,148869.68,28,Delayed
SO05872,2024-01-29,C024,P004,R02,1444,405.08,584935.52,6,Completed
SO05873,2025-01-15,C022,P006,R02,691,97.81,67586.71,26,Completed
SO05874,2025-05-02,C001,P004,R01,295,354.79,104663.05,9,Completed
SO05875,2025-08-20,C027,P008,R03,1915,107.83,206494.45,9,Completed
SO05876,2023-01-27,C045,P006,R03,124,362.62,44964.88,11,Completed
SO05877,2023-01-12,C014,P003,R03,358,100.15,35853.7,5,Completed
SO05878,2025-06-17,C034,P001,R02,1128,255.32,288000.96,19,Completed
SO05879,2023-12-30,C043,P005,R04,1281,65.23,83559.63,8,Completed
SO05880,2023-12-22,C022,P001,R02,646,128.61,83082.06,17,Completed
SO05881,2025-01-13,C044,P004,R01,207,176.78,36593.46,25,Completed
SO05882,2025-03-13,C031,P002,R02,815,166.42,135632.3,21,Completed
SO05883,2025-04-17,C022,P004,R02,954,176.53,168409.62,12,Completed
SO05884,2025-02-21,C018,P006,R04,1757,273.55,480627.35,18,Completed
SO05885,2024-12-18,C012,P002,R01,1197,73.19,87608.43,15,Completed
SO05886,2025-10-12,C039,P001,R01,1529,62.76,95960.04,11,Completed
SO05887,2025-08-07,C048,P001,R04,1571,281.12,441639.52,24,Completed
SO05888,2023-01-25,C031,P008,R02,1944,29.59,57522.96,5,Completed
SO05889,2024-08-17,C008,P003,R04,945,69.32,65507.4,26,Completed
SO05890,2024-09-25,C043,P005,R04,1261,368.89,465170.29,13,Completed
SO05891,2025-07-25,C026,P003,R04,1713,442.14,757385.82,11,Completed
SO05892,2024-03-13,C050,P003,R04,1595,423.34,675227.3,12,Completed
SO05893,2024-04-15,C050,P007,R04,1878,307.8,578048.4,8,Completed
SO05894,2023-07-31,C011,P006,R04,1190,264.78,315088.2,5,Completed
SO05895,2025-03-13,C037,P007,R04,1498,216.02,323597.96,15,Completed
SO05896,2025-12-06,C044,P005,R01,1263,174.55,220456.65,29,Delayed
SO05897,2023-01-27,C016,P004,R03,56,109.06,6107.36,14,Completed
SO05898,2023-05-01,C003,P008,R03,313,378.4,118439.2,13,Completed
SO05899,2025-11-25,C026,P003,R04,1414,156.45,221220.3,7,Completed
SO05900,2024-12-14,C047,P007,R04,1241,368.18,456911.38,26,Completed
SO05901,2024-08-01,C011,P006,R04,1752,24.99,43782.48,17,Completed
SO05902,2023-11-06,C001,P007,R01,63,316.03,19909.89,27,Delayed
SO05903,2025-09-17,C049,P003,R03,233,88.34,20583.22,7,Completed
SO05904,2025-02-25,C039,P008,R01,1467,135.53,198822.51,15,Completed
SO05905,2025-07-31,C050,P003,R04,1846,496.15,915892.9,5,Completed
SO05906,2025-09-26,C038,P001,R02,1644,215.86,354873.84,23,Completed
SO05907,2025-08-23,C002,P008,R04,842,181.49,152814.58,8,Completed
SO05908,2025-12-24,C034,P001,R02,411,161.91,66545.01,29,Delayed
SO05909,2023-01-25,C044,P003,R01,773,474.11,366487.03,12,Completed
SO05910,2024-07-27,C035,P001,R02,682,144.55,98583.1,17,Completed
SO05911,2023-05-10,C011,P003,R04,1706,380.56,649235.36,22,Completed
SO05912,2024-12-08,C015,P008,R04,816,446.8,364588.8,28,Delayed
SO05913,2023-09-01,C038,P005,R02,1476,226.33,334063.08,27,Delayed
SO05914,2023-10-28,C012,P007,R01,944,461.18,435353.92,3,Completed
SO05915,2024-10-31,C002,P005,R04,295,41.13,12133.35,20,Completed
SO05916,2023-08-27,C048,P005,R04,728,178.54,129977.12,24,Completed
SO05917,2024-05-31,C006,P005,R04,75,42.1,3157.5,21,Completed
SO05918,2025-08-14,C006,P001,R04,1058,181.01,191508.58,8,Completed
SO05919,2023-09-05,C046,P008,R01,1122,416.21,466987.62,29,Delayed
SO05920,2023-06-25,C005,P002,R04,1326,87.8,116422.8,13,Completed
SO05921,2023-09-02,C022,P003,R02,1023,181.06,185224.38,13,Completed
SO05922,2023-05-12,C021,P004,R01,1238,171.33,212106.54,28,Delayed
SO05923,2025-10-13,C040,P004,R01,646,172.35,111338.1,17,Completed
SO05924,2025-07-21,C036,P003,R04,1444,347.09,501197.96,25,Completed
SO05925,2024-03-19,C006,P005,R04,1710,266.44,455612.4,25,Completed
SO05926,2024-01-21,C025,P001,R01,568,420.93,239088.24,28,Delayed
SO05927,2024-06-29,C038,P001,R02,1787,339.47,606632.89,17,Completed
SO05928,2023-09-18,C033,P007,R02,746,446.77,333290.42,8,Completed
SO05929,2025-03-17,C018,P006,R04,1885,135.64,255681.4,4,Completed
SO05930,2024-11-24,C018,P006,R04,378,348.49,131729.22,3,Completed
SO05931,2025-06-11,C013,P003,R01,174,68.1,11849.4,25,Completed
SO05932,2024-03-28,C016,P001,R03,1694,305.61,517703.34,21,Completed
SO05933,2025-11-20,C023,P001,R04,1109,343.01,380398.09,26,Completed
SO05934,2024-07-28,C050,P002,R04,1284,373.72,479856.48,7,Completed
SO05935,2025-05-03,C043,P002,R04,1734,328.02,568786.68,23,Completed
SO05936,2025-11-09,C016,P001,R03,751,84.29,63301.79,3,Completed
SO05937,2025-01-03,C018,P005,R04,1370,81.02,110997.4,27,Delayed
SO05938,2024-08-30,C004,P007,R03,1802,73.8,132987.6,12,Completed
SO05939,2024-11-05,C048,P004,R04,890,374.95,333705.5,18,Completed
SO05940,2023-10-24,C037,P008,R04,990,176.92,175150.8,6,Completed
SO05941,2025-06-14,C020,P002,R01,536,216.03,115792.08,19,Completed
SO05942,2023-08-21,C019,P002,R04,474,95.91,45461.34,9,Completed
SO05943,2023-11-13,C020,P001,R01,1175,392.46,461140.5,22,Completed
SO05944,2024-10-12,C023,P007,R04,951,227.72,216561.72,24,Completed
SO05945,2024-05-18,C041,P003,R02,724,126.74,91759.76,11,Completed
SO05946,2025-11-04,C032,P001,R02,476,393.3,187210.8,13,Completed
SO05947,2024-10-01,C024,P008,R02,1311,190.85,250204.35,5,Completed
SO05948,2025-11-21,C045,P005,R03,167,35.0,5845.0,24,Completed
SO05949,2024-01-08,C048,P002,R04,993,298.6,296509.8,8,Completed
SO05950,2025-05-15,C003,P008,R03,1777,400.67,711990.59,16,Completed
SO05951,2023-06-14,C026,P001,R04,621,20.91,12985.11,24,Completed
SO05952,2023-12-01,C024,P004,R02,1163,459.36,534235.68,11,Completed
SO05953,2023-09-28,C003,P008,R03,184,73.55,13533.2,26,Completed
SO05954,2025-01-31,C012,P003,R01,1894,162.63,308021.22,11,Completed
SO05955,2024-08-06,C004,P003,R03,456,194.49,88687.44,18,Completed
SO05956,2024-06-02,C039,P006,R01,1256,176.86,222136.16,15,Completed
SO05957,2023-02-13,C024,P004,R02,750,351.38,263535.0,20,Completed
SO05958,2024-04-15,C010,P008,R04,60,483.39,29003.4,13,Completed
SO05959,2023-11-01,C013,P005,R01,1240,177.81,220484.4,15,Completed
SO05960,2025-07-18,C042,P006,R04,334,475.53,158827.02,6,Completed
SO05961,2023-12-09,C041,P003,R02,1079,302.29,326170.91,27,Delayed
SO05962,2024-02-20,C012,P002,R01,603,114.31,68928.93,27,Delayed
SO05963,2023-10-13,C019,P006,R04,519,383.81,199197.39,6,Completed
SO05964,2024-04-06,C016,P004,R03,1267,21.71,27506.57,3,Completed
SO05965,2023-09-05,C014,P004,R03,1371,416.85,571501.35,14,Completed
SO05966,2023-07-18,C001,P001,R01,1730,430.01,743917.3,3,Completed
SO05967,2024-05-21,C006,P002,R04,134,300.42,40256.28,6,Completed
SO05968,2023-03-22,C036,P001,R04,1278,92.87,118687.86,11,Completed
SO05969,2025-09-24,C008,P001,R04,844,171.88,145066.72,13,Completed
SO05970,2024-09-25,C030,P004,R02,1355,156.66,212274.3,3,Completed
SO05971,2023-03-13,C028,P003,R04,1037,351.71,364723.27,24,Completed
SO05972,2024-10-16,C042,P002,R04,1921,271.15,520879.15,27,Delayed
SO05973,2023-05-09,C027,P008,R03,1318,77.59,102263.62,24,Completed
SO05974,2025-11-09,C035,P007,R02,351,212.6,74622.6,5,Completed
SO05975,2024-03-04,C015,P008,R04,139,100.15,13920.85,17,Completed
SO05976,2023-12-27,C041,P002,R02,1312,267.71,351235.52,21,Completed
SO05977,2025-08-10,C033,P008,R02,635,75.63,48025.05,28,Delayed
SO05978,2025-10-01,C001,P006,R01,232,43.41,10071.12,6,Completed
SO05979,2023-12-13,C036,P008,R04,1008,72.43,73009.44,9,Completed
SO05980,2024-09-18,C044,P006,R01,573,252.05,144424.65,22,Completed
SO05981,2024-07-12,C022,P002,R02,1073,220.97,237100.81,16,Completed
SO05982,2023-07-10,C004,P007,R03,229,393.81,90182.49,16,Completed
SO05983,2024-09-27,C003,P004,R03,1307,125.75,164355.25,12,Completed
SO05984,2024-02-08,C036,P005,R04,102,309.06,31524.12,16,Completed
SO05985,2025-01-03,C027,P003,R03,686,404.25,277315.5,5,Completed
SO05986,2025-12-13,C001,P007,R01,1313,315.88,414750.44,26,Completed
SO05987,2024-03-01,C030,P006,R02,1021,104.73,106929.33,29,Delayed
SO05988,2024-05-25,C004,P001,R03,1976,198.91,393046.16,18,Completed
SO05989,2024-12-01,C045,P002,R03,1114,499.99,556988.86,5,Completed
SO05990,2024-05-31,C022,P006,R02,588,329.27,193610.76,24,Completed
SO05991,2025-07-15,C020,P006,R01,521,253.92,132292.32,22,Completed
SO05992,2024-12-10,C005,P001,R04,1715,397.44,681609.6,6,Completed
SO05993,2024-12-20,C020,P002,R01,1530,185.61,283983.3,17,Completed
SO05994,2024-01-22,C038,P001,R02,980,223.58,219108.4,15,Completed
SO05995,2023-02-06,C015,P005,R04,956,322.15,307975.4,17,Completed
SO05996,2023-09-26,C011,P001,R04,1515,421.76,638966.4,18,Completed
SO05997,2024-01-02,C024,P008,R02,1123,451.8,507371.4,8,Completed
SO05998,2024-04-12,C047,P007,R04,239,325.43,77777.77,15,Completed
SO05999,2024-05-16,C028,P007,R04,1945,268.88,522971.6,12,Completed
SO06000,2024-02-26,C001,P001,R01,422,421.75,177978.5,27,Delayed
SO06001,2023-10-07,C028,P007,R04,671,319.89,214646.19,6,Completed
SO06002,2025-07-15,C016,P003,R03,959,225.18,215947.62,4,Completed
SO06003,2024-11-25,C036,P001,R04,1193,145.07,173068.51,14,Completed
SO06004,2024-09-04,C016,P005,R03,117,460.69,53900.73,16,Completed
SO06005,2025-11-08,C019,P002,R04,1356,482.95,654880.2,27,Delayed
SO06006,2024-08-07,C049,P003,R03,201,251.4,50531.4,18,Completed
SO06007,2024-02-06,C049,P007,R03,930,370.33,344406.9,24,Completed
SO06008,2023-04-05,C048,P002,R04,604,493.17,297874.68,10,Completed
SO06009,2025-01-01,C024,P006,R02,989,103.63,102490.07,16,Completed
SO06010,2023-03-13,C025,P002,R01,1597,337.8,539466.6,11,Completed
SO06011,2024-01-11,C042,P005,R04,312,344.24,107402.88,11,Completed
SO06012,2023-12-12,C028,P002,R04,1021,201.24,205466.04,28,Delayed
SO06013,2024-09-09,C019,P004,R04,1097,482.78,529609.66,22,Completed
SO06014,2025-08-21,C044,P001,R01,142,46.75,6638.5,16,Completed
SO06015,2025-10-02,C039,P005,R01,1822,240.71,438573.62,24,Completed
SO06016,2025-04-12,C043,P007,R04,774,369.87,286279.38,29,Delayed
SO06017,2023-03-31,C002,P005,R04,682,348.1,237404.2,17,Completed
SO06018,2023-02-19,C002,P001,R04,587,226.67,133055.29,3,Completed
SO06019,2025-04-27,C007,P006,R02,994,148.07,147181.58,11,Completed
SO06020,2024-02-02,C032,P003,R02,160,394.42,63107.2,21,Completed
SO06021,2024-08-18,C030,P008,R02,1340,58.6,78524.0,28,Delayed
SO06022,2025-01-02,C022,P007,R02,300,290.23,87069.0,25,Completed
SO06023,2024-08-25,C036,P003,R04,1369,214.26,293321.94,20,Completed
SO06024,2023-04-09,C043,P006,R04,354,98.19,34759.26,10,Completed
SO06025,2024-09-13,C013,P003,R01,232,214.83,49840.56,29,Delayed
SO06026,2024-11-24,C021,P002,R01,622,251.64,156520.08,7,Completed
SO06027,2024-10-04,C021,P004,R01,1819,452.17,822497.23,26,Completed
SO06028,2024-01-01,C046,P002,R01,1433,179.67,257467.11,21,Completed
SO06029,2024-09-20,C039,P003,R01,433,54.45,23576.85,12,Completed
SO06030,2023-05-05,C008,P003,R04,1346,315.28,424366.88,29,Delayed
SO06031,2025-05-24,C050,P002,R04,252,203.38,51251.76,18,Completed
SO06032,2024-11-15,C028,P004,R04,386,225.09,86884.74,16,Completed
SO06033,2025-09-11,C025,P005,R01,738,353.67,261008.46,16,Completed
SO06034,2025-11-08,C013,P003,R01,1161,437.91,508413.51,16,Completed
SO06035,2025-12-10,C004,P001,R03,999,224.04,223815.96,15,Completed
SO06036,2025-05-11,C022,P006,R02,706,209.83,148139.98,5,Completed
SO06037,2024-04-12,C039,P005,R01,1298,58.35,75738.3,24,Completed
SO06038,2023-06-12,C013,P001,R01,1902,423.65,805782.3,15,Completed
SO06039,2023-11-09,C029,P006,R02,1835,365.05,669866.75,13,Completed
SO06040,2025-10-07,C039,P002,R01,325,344.91,112095.75,26,Completed
SO06041,2024-09-20,C021,P008,R01,1358,125.91,170985.78,14,Completed
SO06042,2024-09-18,C040,P007,R01,1204,333.03,400968.12,22,Completed
SO06043,2025-03-10,C006,P004,R04,1953,372.69,727863.57,28,Delayed
SO06044,2023-11-11,C047,P006,R04,615,417.15,256547.25,18,Completed
SO06045,2023-03-19,C027,P005,R03,1632,165.04,269345.28,25,Completed
SO06046,2024-12-26,C012,P005,R01,1738,315.21,547834.98,26,Completed
SO06047,2023-11-20,C050,P006,R04,178,231.57,41219.46,12,Completed
SO06048,2024-12-22,C005,P008,R04,1964,224.54,440996.56,15,Completed
SO06049,2023-10-12,C015,P008,R04,1161,425.29,493761.69,28,Delayed
SO06050,2025-07-02,C039,P008,R01,154,316.03,48668.62,26,Completed
SO06051,2025-03-05,C015,P005,R04,765,233.14,178352.1,28,Delayed
SO06052,2025-01-15,C044,P003,R01,955,407.27,388942.85,25,Completed
SO06053,2025-05-16,C015,P001,R04,184,151.94,27956.96,13,Completed
SO06054,2023-06-18,C007,P003,R02,431,279.44,120438.64,15,Completed
SO06055,2024-04-04,C018,P006,R04,1871,152.35,285046.85,18,Completed
SO06056,2025-02-23,C038,P007,R02,813,493.26,401020.38,11,Completed
SO06057,2025-08-17,C049,P006,R03,1184,107.22,126948.48,17,Completed
SO06058,2025-02-27,C012,P004,R01,1736,35.61,61818.96,9,Completed
SO06059,2024-05-24,C028,P001,R04,264,396.71,104731.44,13,Completed
SO06060,2023-03-12,C050,P005,R04,886,310.86,275421.96,10,Completed
SO06061,2023-08-10,C006,P005,R04,962,259.63,249764.06,14,Completed
SO06062,2025-11-22,C034,P003,R02,223,108.34,24159.82,29,Delayed
SO06063,2024-11-09,C022,P001,R02,259,288.19,74641.21,16,Completed
SO06064,2023-01-29,C036,P008,R04,615,358.38,220403.7,18,Completed
SO06065,2023-11-19,C033,P006,R02,952,250.46,238437.92,3,Completed
SO06066,2024-08-31,C047,P007,R04,346,450.46,155859.16,19,Completed
SO06067,2025-01-05,C027,P002,R03,1616,365.88,591262.08,26,Completed
SO06068,2023-03-03,C039,P008,R01,145,86.19,12497.55,3,Completed
SO06069,2023-01-29,C048,P001,R04,878,319.56,280573.68,17,Completed
SO06070,2024-09-16,C038,P005,R02,1760,169.93,299076.8,4,Completed
SO06071,2025-08-16,C030,P002,R02,1953,300.31,586505.43,25,Completed
SO06072,2023-02-02,C033,P001,R02,803,304.62,244609.86,7,Completed
SO06073,2023-05-16,C025,P005,R01,487,286.55,139549.85,23,Completed
SO06074,2023-01-10,C048,P007,R04,415,499.01,207089.15,11,Completed
SO06075,2024-05-08,C042,P001,R04,1419,23.31,33076.89,29,Delayed
SO06076,2023-04-28,C006,P001,R04,181,340.26,61587.06,25,Completed
SO06077,2025-08-08,C003,P003,R03,1080,473.44,511315.2,14,Completed
SO06078,2024-01-08,C006,P002,R04,1948,349.69,681196.12,24,Completed
SO06079,2025-09-11,C016,P002,R03,1940,289.39,561416.6,21,Completed
SO06080,2025-06-23,C048,P001,R04,1360,324.81,441741.6,7,Completed
SO06081,2025-11-28,C010,P002,R04,1603,224.78,360322.34,15,Completed
SO06082,2023-06-20,C048,P008,R04,196,45.92,9000.32,8,Completed
SO06083,2023-11-05,C010,P007,R04,278,375.06,104266.68,27,Delayed
SO06084,2025-11-23,C036,P003,R04,427,410.4,175240.8,26,Completed
SO06085,2024-11-04,C028,P005,R04,1001,216.9,217116.9,4,Completed
SO06086,2024-08-14,C014,P008,R03,171,235.15,40210.65,17,Completed
SO06087,2023-05-03,C011,P002,R04,848,431.63,366022.24,15,Completed
SO06088,2023-02-14,C034,P002,R02,1699,440.42,748273.58,19,Completed
SO06089,2023-10-30,C019,P002,R04,158,138.42,21870.36,5,Completed
SO06090,2025-06-08,C028,P004,R04,253,245.64,62146.92,28,Delayed
SO06091,2024-03-09,C049,P004,R03,1291,469.75,606447.25,25,Completed
SO06092,2024-06-03,C047,P006,R04,1691,258.51,437140.41,5,Completed
SO06093,2023-12-19,C038,P005,R02,380,246.77,93772.6,4,Completed
SO06094,2025-11-24,C006,P003,R04,1556,428.6,666901.6,22,Completed
SO06095,2023-11-28,C023,P002,R04,541,216.71,117240.11,9,Completed
SO06096,2023-12-28,C023,P004,R04,988,470.1,464458.8,28,Delayed
SO06097,2023-12-17,C009,P008,R02,268,139.96,37509.28,8,Completed
SO06098,2024-07-19,C003,P002,R03,1417,395.94,561046.98,18,Completed
SO06099,2025-08-13,C025,P005,R01,381,264.81,100892.61,11,Completed
SO06100,2025-08-07,C010,P001,R04,1212,32.78,39729.36,21,Completed
SO06101,2024-11-19,C008,P002,R04,882,160.68,141719.76,7,Completed
SO06102,2024-07-19,C036,P003,R04,1703,176.93,301311.79,4,Completed
SO06103,2025-07-20,C030,P001,R02,1841,473.71,872100.11,4,Completed
SO06104,2025-07-02,C014,P002,R03,841,122.77,103249.57,16,Completed
SO06105,2023-07-05,C041,P001,R02,148,244.63,36205.24,5,Completed
SO06106,2025-07-24,C038,P006,R02,1292,120.0,155040.0,18,Completed
SO06107,2025-10-07,C019,P003,R04,1808,333.21,602443.68,17,Completed
SO06108,2024-06-09,C033,P006,R02,921,93.67,86270.07,24,Completed
SO06109,2024-01-30,C020,P003,R01,188,166.73,31345.24,9,Completed
SO06110,2024-08-08,C020,P001,R01,322,159.72,51429.84,16,Completed
SO06111,2023-02-25,C025,P004,R01,1645,106.58,175324.1,13,Completed
SO06112,2025-02-09,C025,P005,R01,1740,196.14,341283.6,12,Completed
SO06113,2025-04-17,C004,P006,R03,1288,279.33,359777.04,28,Delayed
SO06114,2024-09-09,C040,P007,R01,1099,211.41,232339.59,10,Completed
SO06115,2023-03-28,C007,P005,R02,1631,48.7,79429.7,29,Delayed
SO06116,2023-05-17,C018,P004,R04,1497,232.09,347438.73,29,Delayed
SO06117,2025-01-02,C013,P005,R01,1682,324.07,545085.74,25,Completed
SO06118,2025-07-06,C019,P003,R04,1390,439.26,610571.4,18,Completed
SO06119,2023-11-23,C022,P006,R02,1162,404.19,469668.78,27,Delayed
SO06120,2025-08-20,C007,P008,R02,749,64.17,48063.33,5,Completed
SO06121,2025-01-25,C002,P001,R04,486,227.63,110628.18,12,Completed
SO06122,2024-04-09,C049,P002,R03,749,376.63,282095.87,14,Completed
SO06123,2023-12-05,C035,P006,R02,1594,163.99,261400.06,3,Completed
SO06124,2025-12-27,C045,P007,R03,76,217.38,16520.88,6,Completed
SO06125,2025-05-22,C009,P003,R02,1602,42.56,68181.12,18,Completed
SO06126,2023-01-30,C004,P004,R03,1322,479.36,633713.92,23,Completed
SO06127,2025-02-22,C028,P001,R04,255,102.03,26017.65,15,Completed
SO06128,2023-08-13,C004,P005,R03,1885,377.14,710908.9,17,Completed
SO06129,2025-09-14,C002,P003,R04,1549,76.18,118002.82,27,Delayed
SO06130,2023-07-07,C049,P006,R03,283,465.66,131781.78,28,Delayed
SO06131,2023-02-14,C019,P008,R04,1680,33.32,55977.6,8,Completed
SO06132,2025-11-28,C007,P007,R02,90,68.4,6156.0,20,Completed
SO06133,2025-12-12,C013,P008,R01,345,326.34,112587.3,11,Completed
SO06134,2023-11-27,C032,P004,R02,828,208.17,172364.76,18,Completed
SO06135,2024-05-07,C050,P005,R04,1034,271.97,281216.98,28,Delayed
SO06136,2024-11-12,C035,P003,R02,773,434.26,335682.98,16,Completed
SO06137,2023-04-10,C022,P004,R02,414,469.71,194459.94,27,Delayed
SO06138,2024-12-18,C023,P005,R04,518,318.44,164951.92,22,Completed
SO06139,2025-08-08,C032,P006,R02,690,150.58,103900.2,18,Completed
SO06140,2023-01-12,C050,P005,R04,141,201.71,28441.11,22,Completed
SO06141,2023-12-26,C027,P003,R03,1565,434.58,680117.7,26,Completed
SO06142,2024-11-30,C033,P007,R02,1842,263.78,485882.76,26,Completed
SO06143,2023-03-09,C044,P005,R01,874,370.78,324061.72,22,Completed
SO06144,2024-02-11,C039,P005,R01,1592,280.2,446078.4,28,Delayed
SO06145,2025-04-15,C024,P001,R02,1514,310.96,470793.44,28,Delayed
SO06146,2025-01-02,C032,P008,R02,759,36.24,27506.16,23,Completed
SO06147,2024-12-26,C011,P003,R04,932,157.36,146659.52,13,Completed
SO06148,2024-05-04,C031,P003,R02,934,471.15,440054.1,14,Completed
SO06149,2025-07-16,C026,P008,R04,590,424.6,250514.0,10,Completed
SO06150,2025-04-01,C047,P002,R04,1711,60.06,102762.66,12,Completed
SO06151,2025-01-25,C026,P006,R04,1350,318.71,430258.5,11,Completed
SO06152,2023-07-31,C048,P006,R04,1936,419.94,813003.84,9,Completed
SO06153,2025-11-06,C045,P004,R03,418,236.03,98660.54,10,Completed
SO06154,2023-05-06,C003,P001,R03,1686,66.64,112355.04,27,Delayed
SO06155,2023-03-10,C048,P005,R04,1706,256.83,438151.98,20,Completed
SO06156,2023-05-13,C002,P008,R04,346,483.77,167384.42,11,Completed
SO06157,2025-08-09,C013,P006,R01,233,468.97,109270.01,7,Completed
SO06158,2024-09-05,C033,P004,R02,1866,363.47,678235.02,26,Completed
SO06159,2025-10-26,C026,P002,R04,808,171.72,138749.76,13,Completed
SO06160,2023-12-19,C021,P007,R01,1556,410.64,638955.84,12,Completed
SO06161,2023-03-16,C026,P005,R04,1684,489.88,824957.92,16,Completed
SO06162,2025-09-29,C001,P008,R01,1520,100.09,152136.8,8,Completed
SO06163,2024-09-07,C005,P005,R04,396,420.97,166704.12,27,Delayed
SO06164,2024-09-16,C043,P005,R04,93,411.15,38236.95,25,Completed
SO06165,2023-07-09,C029,P003,R02,1219,102.61,125081.59,12,Completed
SO06166,2024-08-24,C004,P005,R03,1296,88.33,114475.68,28,Delayed
SO06167,2023-07-27,C020,P001,R01,1634,488.71,798552.14,15,Completed
SO06168,2025-06-14,C039,P001,R01,1379,268.06,369654.74,24,Completed
SO06169,2023-05-09,C002,P005,R04,883,54.27,47920.41,17,Completed
SO06170,2024-04-11,C016,P006,R03,1670,178.01,297276.7,26,Completed
SO06171,2025-05-12,C049,P004,R03,1571,224.03,351951.13,14,Completed
SO06172,2024-12-06,C007,P007,R02,353,235.57,83156.21,18,Completed
SO06173,2023-07-10,C043,P008,R04,1139,194.04,221011.56,11,Completed
SO06174,2025-02-02,C010,P003,R04,1929,39.89,76947.81,26,Completed
SO06175,2023-12-19,C004,P001,R03,1747,141.34,246920.98,8,Completed
SO06176,2023-01-28,C005,P007,R04,892,185.08,165091.36,21,Completed
SO06177,2024-09-27,C027,P005,R03,435,335.04,145742.4,24,Completed
SO06178,2025-03-02,C020,P002,R01,1032,472.21,487320.72,15,Completed
SO06179,2023-03-02,C014,P001,R03,818,138.48,113276.64,3,Completed
SO06180,2024-04-18,C005,P007,R04,1046,298.21,311927.66,22,Completed
SO06181,2024-04-08,C047,P003,R04,1148,252.55,289927.4,29,Delayed
SO06182,2024-07-26,C026,P002,R04,86,89.85,7727.1,21,Completed
SO06183,2024-05-30,C049,P002,R03,228,247.95,56532.6,6,Completed
SO06184,2023-01-27,C007,P003,R02,1650,26.95,44467.5,6,Completed
SO06185,2025-11-16,C035,P005,R02,1376,266.12,366181.12,7,Completed
SO06186,2025-07-30,C029,P005,R02,1602,57.61,92291.22,19,Completed
SO06187,2023-08-29,C027,P004,R03,698,286.19,199760.62,29,Delayed
SO06188,2024-12-14,C011,P004,R04,1960,376.76,738449.6,3,Completed
SO06189,2024-12-08,C016,P004,R03,830,385.02,319566.6,13,Completed
SO06190,2025-04-27,C019,P006,R04,1433,140.77,201723.41,17,Completed
SO06191,2025-09-17,C033,P003,R02,1949,188.87,368107.63,7,Completed
SO06192,2025-09-17,C019,P005,R04,1841,395.97,728980.77,9,Completed
SO06193,2024-10-24,C005,P001,R04,1141,238.2,271786.2,18,Completed
SO06194,2024-02-27,C009,P001,R02,1902,135.25,257245.5,14,Completed
SO06195,2023-11-28,C033,P005,R02,507,471.66,239131.62,20,Completed
SO06196,2023-05-11,C019,P003,R04,871,78.7,68547.7,15,Completed
SO06197,2025-10-31,C025,P004,R01,474,494.44,234364.56,16,Completed
SO06198,2024-06-05,C032,P006,R02,1554,302.58,470209.32,9,Completed
SO06199,2023-11-25,C011,P003,R04,836,490.01,409648.36,29,Delayed
SO06200,2023-05-02,C047,P002,R04,1581,463.69,733093.89,8,Completed
SO06201,2025-11-28,C038,P001,R02,425,183.95,78178.75,24,Completed
SO06202,2024-05-20,C047,P001,R04,786,172.71,135750.06,28,Delayed
SO06203,2023-06-14,C003,P003,R03,79,386.02,30495.58,27,Delayed
SO06204,2025-08-04,C043,P007,R04,1414,428.66,606125.24,16,Completed
SO06205,2025-04-04,C018,P004,R04,1834,323.03,592437.02,6,Completed
SO06206,2024-01-16,C036,P003,R04,771,283.45,218539.95,10,Completed
SO06207,2024-08-23,C007,P004,R02,70,55.1,3857.0,15,Completed
SO06208,2025-06-14,C014,P008,R03,1686,456.22,769186.92,6,Completed
SO06209,2023-11-10,C034,P007,R02,606,332.3,201373.8,18,Completed
SO06210,2024-03-18,C013,P006,R01,433,444.13,192308.29,17,Completed
SO06211,2025-07-02,C002,P003,R04,1369,456.23,624578.87,12,Completed
SO06212,2025-07-28,C040,P002,R01,1729,48.43,83735.47,19,Completed
SO06213,2025-05-18,C015,P004,R04,400,22.96,9184.0,16,Completed
SO06214,2025-09-21,C026,P001,R04,188,74.36,13979.68,12,Completed
SO06215,2024-02-21,C006,P006,R04,1953,357.23,697670.19,18,Completed
SO06216,2025-01-23,C022,P008,R02,1810,67.38,121957.8,10,Completed
SO06217,2025-11-30,C043,P008,R04,1453,394.32,572946.96,11,Completed
SO06218,2023-03-12,C037,P004,R04,1796,204.74,367713.04,29,Delayed
SO06219,2024-03-23,C009,P005,R02,1292,93.03,120194.76,10,Completed
SO06220,2023-10-12,C015,P005,R04,791,328.92,260175.72,13,Completed
SO06221,2025-10-03,C042,P004,R04,1230,458.73,564237.9,18,Completed
SO06222,2023-05-29,C049,P006,R03,560,102.85,57596.0,8,Completed
SO06223,2025-07-19,C001,P003,R01,1829,317.78,581219.62,28,Delayed
SO06224,2023-05-01,C009,P002,R02,1142,251.51,287224.42,29,Delayed
SO06225,2024-07-20,C047,P006,R04,506,90.54,45813.24,19,Completed
SO06226,2023-06-07,C025,P007,R01,826,435.66,359855.16,15,Completed
SO06227,2025-04-16,C030,P002,R02,1240,193.84,240361.6,14,Completed
SO06228,2023-05-28,C001,P005,R01,1567,133.19,208708.73,13,Completed
SO06229,2023-10-03,C034,P006,R02,496,311.06,154285.76,13,Completed
SO06230,2025-04-07,C016,P004,R03,1451,253.75,368191.25,8,Completed
SO06231,2023-04-26,C011,P004,R04,441,256.89,113288.49,3,Completed
SO06232,2025-06-05,C014,P002,R03,436,462.38,201597.68,3,Completed
SO06233,2025-09-23,C007,P003,R02,1207,412.57,497971.99,10,Completed
SO06234,2024-04-02,C028,P003,R04,1516,21.46,32533.36,21,Completed
SO06235,2025-05-03,C045,P003,R03,1961,313.33,614440.13,23,Completed
SO06236,2023-02-28,C040,P008,R01,127,343.93,43679.11,8,Completed
SO06237,2024-10-01,C038,P008,R02,1793,104.84,187978.12,6,Completed
SO06238,2024-04-27,C021,P004,R01,883,334.68,295522.44,12,Completed
SO06239,2024-07-06,C021,P005,R01,1074,178.78,192009.72,14,Completed
SO06240,2024-09-19,C018,P004,R04,66,367.39,24247.74,20,Completed
SO06241,2023-05-22,C018,P005,R04,502,174.18,87438.36,24,Completed
SO06242,2024-02-20,C001,P001,R01,90,97.51,8775.9,22,Completed
SO06243,2023-12-02,C046,P007,R01,353,451.35,159326.55,24,Completed
SO06244,2025-09-24,C025,P002,R01,857,374.46,320912.22,12,Completed
SO06245,2025-10-14,C010,P003,R04,229,423.28,96931.12,9,Completed
SO06246,2025-07-30,C040,P007,R01,272,475.92,129450.24,21,Completed
SO06247,2024-04-02,C050,P002,R04,1263,379.71,479573.73,13,Completed
SO06248,2023-10-03,C001,P008,R01,291,96.66,28128.06,21,Completed
SO06249,2023-09-28,C018,P008,R04,441,154.37,68077.17,25,Completed
SO06250,2023-01-21,C028,P003,R04,1237,153.3,189632.1,16,Completed
SO06251,2024-03-30,C038,P003,R02,1338,146.14,195535.32,10,Completed
SO06252,2025-10-21,C045,P001,R03,966,165.14,159525.24,11,Completed
SO06253,2023-07-28,C006,P003,R04,1000,84.55,84550.0,6,Completed
SO06254,2023-10-27,C027,P001,R03,1003,386.24,387398.72,9,Completed
SO06255,2023-04-11,C040,P003,R01,1016,208.79,212130.64,3,Completed
SO06256,2025-12-12,C043,P001,R04,1857,176.53,327816.21,8,Completed
SO06257,2024-03-26,C014,P004,R03,498,212.4,105775.2,16,Completed
SO06258,2023-09-22,C036,P008,R04,782,71.41,55842.62,11,Completed
SO06259,2023-10-16,C023,P001,R04,1749,424.08,741715.92,9,Completed
SO06260,2024-11-27,C024,P005,R02,496,397.16,196991.36,29,Delayed
SO06261,2025-12-08,C004,P007,R03,552,499.87,275928.24,19,Completed
SO06262,2025-01-20,C014,P007,R03,1867,101.95,190340.65,3,Completed
SO06263,2024-06-23,C008,P008,R04,1263,281.52,355559.76,11,Completed
SO06264,2024-02-09,C049,P005,R03,1167,365.74,426818.58,29,Delayed
SO06265,2023-11-10,C040,P005,R01,1087,297.64,323534.68,12,Completed
SO06266,2023-07-27,C003,P004,R03,960,220.62,211795.2,13,Completed
SO06267,2023-04-14,C038,P002,R02,453,233.12,105603.36,26,Completed
SO06268,2023-07-25,C039,P006,R01,202,331.25,66912.5,7,Completed
SO06269,2024-06-27,C033,P004,R02,1042,270.22,281569.24,25,Completed
SO06270,2023-06-11,C019,P003,R04,1107,134.83,149256.81,7,Completed
SO06271,2023-07-19,C022,P003,R02,1839,229.87,422730.93,26,Completed
SO06272,2023-07-25,C014,P001,R03,633,239.32,151489.56,25,Completed
SO06273,2024-03-17,C028,P008,R04,1295,109.95,142385.25,9,Completed
SO06274,2024-12-31,C033,P002,R02,636,43.66,27767.76,19,Completed
SO06275,2025-10-01,C010,P001,R04,283,368.53,104293.99,9,Completed
SO06276,2024-06-10,C019,P001,R04,623,188.68,117547.64,13,Completed
SO06277,2025-03-19,C022,P006,R02,1194,457.13,545813.22,29,Delayed
SO06278,2023-07-29,C008,P005,R04,1288,415.42,535060.96,5,Completed
SO06279,2024-09-21,C042,P005,R04,310,159.43,49423.3,19,Completed
SO06280,2025-11-28,C014,P007,R03,1821,396.48,721990.08,24,Completed
SO06281,2023-03-26,C046,P006,R01,1208,466.55,563592.4,17,Completed
SO06282,2025-01-16,C048,P002,R04,922,127.12,117204.64,9,Completed
SO06283,2024-05-25,C046,P007,R01,1329,192.76,256178.04,10,Completed
SO06284,2025-12-28,C006,P006,R04,555,417.4,231657.0,23,Completed
SO06285,2025-05-06,C005,P002,R04,1250,149.27,186587.5,14,Completed
SO06286,2024-02-18,C013,P005,R01,1533,143.55,220062.15,15,Completed
SO06287,2023-04-27,C013,P005,R01,254,102.59,26057.86,6,Completed
SO06288,2025-02-07,C035,P007,R02,1388,384.42,533574.96,27,Delayed
SO06289,2024-04-26,C041,P008,R02,663,365.03,242014.89,3,Completed
SO06290,2023-10-13,C038,P004,R02,1656,343.47,568786.32,4,Completed
SO06291,2023-11-20,C007,P008,R02,1873,226.1,423485.3,5,Completed
SO06292,2023-10-21,C031,P005,R02,897,412.5,370012.5,23,Completed
SO06293,2023-12-19,C007,P002,R02,487,85.65,41711.55,20,Completed
SO06294,2024-01-07,C002,P008,R04,232,39.53,9170.96,28,Delayed
SO06295,2024-12-19,C009,P008,R02,1903,388.42,739163.26,12,Completed
SO06296,2024-01-03,C035,P005,R02,1563,387.95,606365.85,7,Completed
SO06297,2025-01-14,C001,P003,R01,1520,263.26,400155.2,28,Delayed
SO06298,2025-12-05,C032,P001,R02,1953,411.98,804596.94,28,Delayed
SO06299,2025-03-11,C006,P008,R04,1064,29.34,31217.76,7,Completed
SO06300,2023-07-03,C032,P002,R02,509,168.68,85858.12,29,Delayed
SO06301,2023-11-04,C016,P006,R03,1960,76.55,150038.0,11,Completed
SO06302,2023-05-28,C041,P005,R02,718,466.16,334702.88,20,Completed
SO06303,2024-09-16,C038,P003,R02,586,405.99,237910.14,4,Completed
SO06304,2025-09-04,C036,P008,R04,1741,332.89,579561.49,23,Completed
SO06305,2025-09-25,C044,P002,R01,79,348.64,27542.56,28,Delayed
SO06306,2024-08-31,C009,P006,R02,1817,297.5,540557.5,23,Completed
SO06307,2023-02-24,C004,P007,R03,1380,169.01,233233.8,15,Completed
SO06308,2023-05-12,C008,P004,R04,499,133.2,66466.8,12,Completed
SO06309,2025-12-05,C030,P003,R02,1119,68.16,76271.04,12,Completed
SO06310,2023-08-04,C049,P006,R03,124,286.42,35516.08,20,Completed
SO06311,2024-02-10,C008,P003,R04,157,274.38,43077.66,28,Delayed
SO06312,2024-01-19,C004,P003,R03,617,55.9,34490.3,13,Completed
SO06313,2025-05-28,C035,P004,R02,1821,305.98,557189.58,3,Completed
SO06314,2023-07-27,C005,P001,R04,1270,408.54,518845.8,12,Completed
SO06315,2025-10-11,C034,P003,R02,1313,378.17,496537.21,7,Completed
SO06316,2024-07-04,C009,P007,R02,1000,175.82,175820.0,28,Delayed
SO06317,2023-02-24,C026,P007,R04,1458,398.0,580284.0,28,Delayed
SO06318,2024-08-04,C006,P001,R04,389,144.14,56070.46,6,Completed
SO06319,2025-08-08,C050,P003,R04,1271,142.2,180736.2,22,Completed
SO06320,2023-09-16,C010,P004,R04,72,275.05,19803.6,27,Delayed
SO06321,2023-09-23,C047,P002,R04,247,225.77,55765.19,5,Completed
SO06322,2025-07-28,C014,P007,R03,1651,447.5,738822.5,10,Completed
SO06323,2023-09-05,C047,P005,R04,469,186.22,87337.18,26,Completed
SO06324,2023-08-30,C041,P005,R02,1824,242.04,441480.96,6,Completed
SO06325,2023-02-15,C037,P002,R04,108,106.23,11472.84,9,Completed
SO06326,2024-03-15,C015,P001,R04,312,390.45,121820.4,6,Completed
SO06327,2024-06-13,C042,P006,R04,964,396.69,382409.16,23,Completed
SO06328,2024-12-11,C013,P007,R01,111,450.19,49971.09,26,Completed
SO06329,2025-10-03,C010,P004,R04,1489,318.35,474023.15,13,Completed
SO06330,2023-02-14,C025,P006,R01,525,103.62,54400.5,9,Completed
SO06331,2024-11-25,C050,P004,R04,355,217.73,77294.15,26,Completed
SO06332,2024-07-30,C025,P001,R01,723,68.22,49323.06,22,Completed
SO06333,2024-03-21,C010,P005,R04,136,123.6,16809.6,11,Completed
SO06334,2023-03-21,C005,P004,R04,1894,427.97,810575.18,7,Completed
SO06335,2024-08-27,C043,P008,R04,930,48.16,44788.8,26,Completed
SO06336,2025-06-29,C039,P004,R01,198,142.19,28153.62,23,Completed
SO06337,2023-11-02,C039,P001,R01,1901,479.5,911529.5,14,Completed
SO06338,2024-07-31,C029,P005,R02,1403,491.69,689841.07,5,Completed
SO06339,2025-09-17,C027,P003,R03,1612,345.87,557542.44,17,Completed
SO06340,2023-04-23,C040,P006,R01,587,434.27,254916.49,18,Completed
SO06341,2025-12-23,C029,P002,R02,1751,52.77,92400.27,18,Completed
SO06342,2023-06-07,C033,P004,R02,163,227.85,37139.55,24,Completed
SO06343,2025-12-27,C036,P004,R04,636,132.41,84212.76,9,Completed
SO06344,2024-07-14,C026,P002,R04,529,70.8,37453.2,21,Completed
SO06345,2023-01-22,C022,P005,R02,1216,421.45,512483.2,6,Completed
SO06346,2023-10-03,C016,P003,R03,737,24.61,18137.57,19,Completed
SO06347,2024-05-05,C037,P007,R04,1885,168.15,316962.75,28,Delayed
SO06348,2023-06-26,C049,P007,R03,273,200.37,54701.01,11,Completed
SO06349,2023-07-10,C048,P008,R04,112,213.17,23875.04,8,Completed
SO06350,2024-10-16,C011,P001,R04,1863,427.84,797065.92,7,Completed
SO06351,2023-09-08,C021,P003,R01,189,198.87,37586.43,9,Completed
SO06352,2023-06-28,C020,P005,R01,1305,319.14,416477.7,14,Completed
SO06353,2023-11-09,C017,P003,R03,1451,354.7,514669.7,3,Completed
SO06354,2023-10-17,C041,P003,R02,1255,465.01,583587.55,3,Completed
SO06355,2023-10-14,C026,P004,R04,113,339.36,38347.68,10,Completed
SO06356,2025-09-29,C034,P005,R02,1993,94.86,189055.98,23,Completed
SO06357,2025-11-11,C030,P008,R02,554,232.86,129004.44,26,Completed
SO06358,2025-06-20,C002,P001,R04,852,487.38,415247.76,24,Completed
SO06359,2024-09-11,C021,P004,R01,445,44.5,19802.5,24,Completed
SO06360,2024-07-20,C014,P003,R03,594,270.62,160748.28,15,Completed
SO06361,2023-08-23,C024,P006,R02,1505,88.3,132891.5,15,Completed
SO06362,2024-11-04,C010,P002,R04,1549,251.76,389976.24,14,Completed
SO06363,2025-06-25,C047,P002,R04,1750,105.91,185342.5,11,Completed
SO06364,2023-03-05,C022,P005,R02,1397,448.69,626819.93,15,Completed
SO06365,2025-04-22,C020,P007,R01,1374,423.75,582232.5,24,Completed
SO06366,2024-08-28,C010,P003,R04,1442,422.48,609216.16,15,Completed
SO06367,2023-09-01,C033,P007,R02,1459,81.1,118324.9,15,Completed
SO06368,2025-11-18,C017,P004,R03,548,64.58,35389.84,22,Completed
SO06369,2023-11-21,C037,P002,R04,263,120.42,31670.46,18,Completed
SO06370,2025-02-14,C030,P005,R02,1841,474.27,873131.07,8,Completed
SO06371,2024-11-15,C041,P007,R02,1932,303.1,585589.2,22,Completed
SO06372,2024-12-01,C023,P005,R04,1594,413.07,658433.58,17,Completed
SO06373,2023-04-29,C019,P007,R04,374,122.49,45811.26,29,Delayed
SO06374,2024-11-12,C049,P001,R03,1146,229.7,263236.2,3,Completed
SO06375,2025-04-21,C004,P008,R03,1976,83.93,165845.68,7,Completed
SO06376,2024-09-23,C032,P008,R02,976,445.97,435266.72,5,Completed
SO06377,2025-05-31,C015,P001,R04,1124,475.74,534731.76,23,Completed
SO06378,2025-11-25,C003,P007,R03,1458,344.59,502412.22,18,Completed
SO06379,2025-05-15,C031,P002,R02,1250,496.49,620612.5,5,Completed
SO06380,2025-09-18,C005,P003,R04,220,319.36,70259.2,16,Completed
SO06381,2025-10-15,C007,P004,R02,385,499.41,192272.85,9,Completed
SO06382,2025-04-15,C050,P006,R04,236,328.02,77412.72,29,Delayed
SO06383,2025-02-24,C037,P005,R04,985,50.99,50225.15,11,Completed
SO06384,2025-10-26,C007,P004,R02,1585,296.46,469889.1,24,Completed
SO06385,2023-07-05,C015,P002,R04,582,369.78,215211.96,10,Completed
SO06386,2024-08-09,C020,P003,R01,306,251.49,76955.94,13,Completed
SO06387,2024-08-29,C015,P003,R04,645,83.4,53793.0,17,Completed
SO06388,2025-05-22,C039,P008,R01,1346,100.26,134949.96,11,Completed
SO06389,2025-04-13,C004,P001,R03,1089,418.07,455278.23,25,Completed
SO06390,2024-12-24,C040,P002,R01,1449,391.61,567442.89,26,Completed
SO06391,2023-05-20,C014,P002,R03,639,231.24,147762.36,17,Completed
SO06392,2023-05-30,C020,P002,R01,1346,419.42,564539.32,8,Completed
SO06393,2024-02-20,C029,P003,R02,1583,390.55,618240.65,28,Delayed
SO06394,2023-11-14,C035,P003,R02,158,139.57,22052.06,22,Completed
SO06395,2023-12-07,C036,P005,R04,901,152.41,137321.41,29,Delayed
SO06396,2023-03-12,C049,P003,R03,1366,298.94,408352.04,11,Completed
SO06397,2024-08-26,C037,P008,R04,109,20.94,2282.46,17,Completed
SO06398,2023-05-16,C007,P002,R02,1192,184.32,219709.44,15,Completed
SO06399,2024-01-24,C039,P003,R01,251,313.58,78708.58,28,Delayed
SO06400,2025-06-23,C029,P002,R02,1756,250.26,439456.56,26,Completed
SO06401,2023-02-01,C014,P004,R03,1125,58.36,65655.0,28,Delayed
SO06402,2023-08-30,C039,P008,R01,397,338.5,134384.5,4,Completed
SO06403,2025-07-04,C032,P003,R02,1509,457.59,690503.31,4,Completed
SO06404,2023-11-14,C044,P008,R01,1762,279.01,491615.62,8,Completed
SO06405,2024-05-05,C046,P006,R01,563,37.2,20943.6,19,Completed
SO06406,2024-04-07,C050,P004,R04,774,407.4,315327.6,19,Completed
SO06407,2024-10-19,C004,P005,R03,1379,454.6,626893.4,18,Completed
SO06408,2025-03-28,C038,P006,R02,970,368.7,357639.0,21,Completed
SO06409,2025-10-03,C007,P004,R02,1514,99.68,150915.52,5,Completed
SO06410,2025-06-17,C026,P006,R04,1505,471.39,709441.95,19,Completed
SO06411,2024-09-07,C028,P005,R04,1768,448.55,793036.4,11,Completed
SO06412,2025-01-03,C042,P007,R04,1533,439.92,674397.36,3,Completed
SO06413,2023-10-26,C034,P007,R02,85,257.76,21909.6,25,Completed
SO06414,2023-07-31,C039,P005,R01,1131,227.14,256895.34,6,Completed
SO06415,2025-10-07,C039,P007,R01,1191,51.09,60848.19,8,Completed
SO06416,2025-10-25,C003,P006,R03,429,372.73,159901.17,10,Completed
SO06417,2025-10-04,C021,P003,R01,1700,411.67,699839.0,13,Completed
SO06418,2025-07-21,C001,P001,R01,240,269.56,64694.4,29,Delayed
SO06419,2023-08-07,C017,P005,R03,90,467.06,42035.4,11,Completed
SO06420,2024-08-03,C014,P004,R03,1795,177.17,318020.15,20,Completed
SO06421,2025-05-29,C026,P006,R04,1549,485.35,751807.15,22,Completed
SO06422,2024-11-18,C040,P005,R01,450,402.7,181215.0,8,Completed
SO06423,2023-04-03,C017,P003,R03,1326,30.36,40257.36,24,Completed
SO06424,2024-11-04,C030,P006,R02,635,128.82,81800.7,9,Completed
SO06425,2025-07-28,C022,P001,R02,490,65.23,31962.7,12,Completed
SO06426,2024-03-14,C011,P003,R04,1275,194.43,247898.25,16,Completed
SO06427,2023-08-19,C030,P006,R02,1623,475.16,771184.68,29,Delayed
SO06428,2023-03-27,C037,P005,R04,1658,140.38,232750.04,13,Completed
SO06429,2023-06-08,C015,P002,R04,1582,137.51,217540.82,11,Completed
SO06430,2024-10-02,C048,P001,R04,537,138.26,74245.62,7,Completed
SO06431,2025-12-17,C047,P004,R04,1455,490.42,713561.1,9,Completed
SO06432,2023-03-23,C011,P008,R04,1235,487.55,602124.25,16,Completed
SO06433,2025-02-16,C009,P006,R02,1304,420.79,548710.16,16,Completed
SO06434,2024-03-03,C027,P002,R03,398,377.39,150201.22,19,Completed
SO06435,2025-12-21,C010,P001,R04,1469,329.29,483727.01,20,Completed
SO06436,2024-08-24,C010,P007,R04,909,470.97,428111.73,11,Completed
SO06437,2023-12-21,C043,P007,R04,1022,390.97,399571.34,18,Completed
SO06438,2025-12-16,C029,P001,R02,1905,397.34,756932.7,26,Completed
SO06439,2025-05-09,C032,P002,R02,994,476.37,473511.78,25,Completed
SO06440,2024-08-14,C034,P005,R02,236,391.55,92405.8,14,Completed
SO06441,2025-01-04,C034,P002,R02,1511,382.88,578531.68,24,Completed
SO06442,2024-09-02,C044,P002,R01,1944,370.32,719902.08,5,Completed
SO06443,2025-07-30,C039,P003,R01,1844,460.94,849973.36,21,Completed
SO06444,2023-10-23,C019,P005,R04,54,411.4,22215.6,4,Completed
SO06445,2023-01-06,C008,P008,R04,1244,136.03,169221.32,11,Completed
SO06446,2023-05-05,C022,P007,R02,334,314.59,105073.06,29,Delayed
SO06447,2024-06-01,C017,P005,R03,1319,458.33,604537.27,5,Completed
SO06448,2023-01-24,C027,P003,R03,75,325.16,24387.0,4,Completed
SO06449,2023-08-20,C002,P006,R04,1832,111.5,204268.0,13,Completed
SO06450,2024-03-04,C007,P002,R02,1364,27.37,37332.68,28,Delayed
SO06451,2025-06-29,C011,P004,R04,1703,280.44,477589.32,27,Delayed
SO06452,2024-01-03,C001,P006,R01,1734,167.0,289578.0,11,Completed
SO06453,2025-04-17,C045,P002,R03,1317,317.24,417805.08,22,Completed
SO06454,2023-07-15,C010,P008,R04,796,453.65,361105.4,12,Completed
SO06455,2025-07-21,C031,P008,R02,429,184.85,79300.65,19,Completed
SO06456,2023-07-06,C018,P001,R04,1636,476.32,779259.52,3,Completed
SO06457,2025-02-23,C006,P001,R04,1531,198.79,304347.49,14,Completed
SO06458,2024-01-11,C025,P005,R01,812,361.34,293408.08,15,Completed
SO06459,2025-02-25,C019,P008,R04,1845,467.66,862832.7,19,Completed
SO06460,2025-03-03,C030,P006,R02,1297,129.17,167533.49,26,Completed
SO06461,2023-07-24,C041,P002,R02,1835,170.88,313564.8,5,Completed
SO06462,2024-03-01,C037,P003,R04,289,263.88,76261.32,25,Completed
SO06463,2023-10-04,C041,P008,R02,1472,71.06,104600.32,18,Completed
SO06464,2025-06-14,C036,P003,R04,1907,150.31,286641.17,4,Completed
SO06465,2025-03-09,C008,P001,R04,813,73.03,59373.39,24,Completed
SO06466,2025-03-26,C001,P001,R01,1560,149.36,233001.6,10,Completed
SO06467,2023-06-21,C040,P006,R01,484,212.39,102796.76,25,Completed
SO06468,2025-05-02,C004,P004,R03,1721,119.97,206468.37,17,Completed
SO06469,2023-02-18,C035,P003,R02,218,58.88,12835.84,9,Completed
SO06470,2025-01-29,C027,P001,R03,1522,478.45,728200.9,4,Completed
SO06471,2023-05-31,C029,P005,R02,1921,344.63,662034.23,24,Completed
SO06472,2024-10-11,C013,P003,R01,386,453.4,175012.4,25,Completed
SO06473,2023-06-17,C047,P005,R04,608,419.24,254897.92,6,Completed
SO06474,2023-04-19,C012,P005,R01,1675,436.02,730333.5,8,Completed
SO06475,2023-05-10,C025,P002,R01,400,406.89,162756.0,5,Completed
SO06476,2024-06-11,C045,P006,R03,971,399.68,388089.28,19,Completed
SO06477,2025-02-26,C041,P003,R02,377,206.63,77899.51,26,Completed
SO06478,2025-09-29,C030,P008,R02,178,120.6,21466.8,6,Completed
SO06479,2023-08-17,C006,P008,R04,1877,402.77,755999.29,28,Delayed
SO06480,2024-09-05,C028,P001,R04,1451,203.91,295873.41,8,Completed
SO06481,2023-07-20,C005,P006,R04,1969,145.03,285564.07,21,Completed
SO06482,2025-04-28,C028,P006,R04,498,498.92,248462.16,10,Completed
SO06483,2024-07-01,C024,P005,R02,1402,239.44,335694.88,23,Completed
SO06484,2024-08-31,C045,P008,R03,447,20.7,9252.9,25,Completed
SO06485,2023-11-15,C012,P003,R01,1183,153.43,181507.69,16,Completed
SO06486,2024-04-25,C010,P005,R04,1198,204.91,245482.18,29,Delayed
SO06487,2024-10-02,C007,P002,R02,514,144.44,74242.16,22,Completed
SO06488,2024-09-11,C005,P003,R04,830,180.68,149964.4,19,Completed
SO06489,2024-11-20,C041,P005,R02,1894,397.5,752865.0,17,Completed
SO06490,2025-02-12,C015,P006,R04,1586,197.64,313457.04,6,Completed
SO06491,2023-09-22,C004,P003,R03,825,113.67,93777.75,22,Completed
SO06492,2024-10-10,C044,P002,R01,1275,345.41,440397.75,4,Completed
SO06493,2023-04-09,C004,P002,R03,1506,381.48,574508.88,18,Completed
SO06494,2025-03-13,C006,P008,R04,1682,64.98,109296.36,14,Completed
SO06495,2025-04-20,C005,P007,R04,1912,343.11,656026.32,10,Completed
SO06496,2025-09-27,C040,P002,R01,605,408.87,247366.35,24,Completed
SO06497,2023-10-09,C005,P005,R04,447,448.09,200296.23,23,Completed
SO06498,2025-04-11,C048,P003,R04,837,424.61,355398.57,26,Completed
SO06499,2024-09-30,C041,P007,R02,1925,174.84,336567.0,7,Completed
SO06500,2025-09-26,C013,P001,R01,1757,62.51,109830.07,26,Completed
SO06501,2023-02-08,C024,P006,R02,196,154.03,30189.88,18,Completed
SO06502,2024-04-28,C022,P002,R02,763,41.58,31725.54,8,Completed
SO06503,2025-12-17,C048,P004,R04,1631,449.69,733444.39,24,Completed
SO06504,2023-11-05,C037,P005,R04,743,327.71,243488.53,19,Completed
SO06505,2025-10-05,C050,P003,R04,1805,223.61,403616.05,16,Completed
SO06506,2025-03-09,C028,P006,R04,1245,324.15,403566.75,9,Completed
SO06507,2023-08-03,C050,P008,R04,1322,463.04,612138.88,29,Delayed
SO06508,2025-04-06,C017,P002,R03,1054,273.23,287984.42,29,Delayed
SO06509,2024-08-02,C009,P001,R02,1603,156.8,251350.4,13,Completed
SO06510,2024-12-30,C023,P008,R04,774,247.19,191325.06,29,Delayed
SO06511,2023-07-29,C043,P005,R04,1341,300.4,402836.4,23,Completed
SO06512,2025-02-07,C047,P002,R04,761,208.96,159018.56,11,Completed
SO06513,2024-07-04,C044,P001,R01,856,286.69,245406.64,17,Completed
SO06514,2024-08-31,C037,P002,R04,1039,362.92,377073.88,3,Completed
SO06515,2025-10-10,C010,P005,R04,1999,493.98,987466.02,14,Completed
SO06516,2025-04-25,C009,P008,R02,1596,228.76,365100.96,19,Completed
SO06517,2023-06-08,C039,P005,R01,122,50.74,6190.28,20,Completed
SO06518,2024-07-30,C018,P003,R04,1798,374.37,673117.26,11,Completed
SO06519,2023-03-30,C010,P003,R04,77,165.04,12708.08,28,Delayed
SO06520,2025-10-22,C014,P008,R03,459,291.28,133697.52,22,Completed
SO06521,2025-05-29,C006,P006,R04,1093,211.46,231125.78,15,Completed
SO06522,2023-04-01,C006,P007,R04,833,406.51,338622.83,25,Completed
SO06523,2025-09-18,C036,P001,R04,320,403.55,129136.0,16,Completed
SO06524,2024-02-05,C023,P006,R04,841,350.03,294375.23,6,Completed
SO06525,2024-04-30,C003,P007,R03,209,425.98,89029.82,18,Completed
SO06526,2023-08-31,C009,P008,R02,1277,392.67,501439.59,26,Completed
SO06527,2025-08-13,C041,P003,R02,637,164.84,105003.08,13,Completed
SO06528,2024-11-27,C001,P007,R01,903,420.02,379278.06,24,Completed
SO06529,2024-09-03,C023,P001,R04,333,421.76,140446.08,14,Completed
SO06530,2023-02-03,C043,P004,R04,1971,209.71,413338.41,4,Completed
SO06531,2023-02-28,C019,P001,R04,717,288.84,207098.28,21,Completed
SO06532,2025-07-03,C017,P005,R03,1271,175.48,223035.08,11,Completed
SO06533,2024-12-27,C005,P001,R04,285,263.72,75160.2,6,Completed
SO06534,2025-08-03,C030,P002,R02,1187,198.95,236153.65,15,Completed
SO06535,2023-12-03,C031,P006,R02,777,305.44,237326.88,11,Completed
SO06536,2025-03-09,C042,P002,R04,571,29.9,17072.9,11,Completed
SO06537,2024-05-08,C046,P003,R01,702,419.12,294222.24,16,Completed
SO06538,2024-11-02,C018,P002,R04,878,24.55,21554.9,22,Completed
SO06539,2023-04-29,C043,P005,R04,1982,403.95,800628.9,27,Delayed
SO06540,2024-06-15,C022,P001,R02,1111,475.83,528647.13,23,Completed
SO06541,2025-11-12,C011,P005,R04,403,145.52,58644.56,19,Completed
SO06542,2024-05-11,C021,P006,R01,850,33.91,28823.5,22,Completed
SO06543,2025-01-07,C007,P001,R02,1198,204.75,245290.5,18,Completed
SO06544,2024-09-06,C014,P006,R03,1053,177.12,186507.36,27,Delayed
SO06545,2024-03-21,C017,P008,R03,1938,348.54,675470.52,23,Completed
SO06546,2025-07-29,C030,P008,R02,195,205.62,40095.9,11,Completed
SO06547,2025-01-27,C031,P005,R02,670,470.98,315556.6,15,Completed
SO06548,2023-02-20,C012,P003,R01,1003,64.52,64713.56,26,Completed
SO06549,2024-01-16,C042,P005,R04,1603,451.32,723465.96,15,Completed
SO06550,2024-12-24,C028,P006,R04,1333,352.87,470375.71,9,Completed
SO06551,2023-10-07,C025,P002,R01,1164,278.14,323754.96,9,Completed
SO06552,2023-10-05,C047,P001,R04,432,337.67,145873.44,29,Delayed
SO06553,2023-06-05,C042,P006,R04,299,344.94,103137.06,20,Completed
SO06554,2023-08-27,C044,P005,R01,1993,138.82,276668.26,3,Completed
SO06555,2024-09-01,C009,P003,R02,1829,118.94,217541.26,14,Completed
SO06556,2025-03-19,C028,P002,R04,105,345.52,36279.6,7,Completed
SO06557,2025-07-25,C026,P002,R04,584,319.9,186821.6,24,Completed
SO06558,2025-03-26,C048,P002,R04,1440,222.07,319780.8,16,Completed
SO06559,2023-03-31,C024,P001,R02,778,32.81,25526.18,29,Delayed
SO06560,2023-01-07,C049,P002,R03,1273,320.97,408594.81,21,Completed
SO06561,2024-01-07,C013,P001,R01,411,315.41,129633.51,9,Completed
SO06562,2025-04-20,C003,P007,R03,1861,230.44,428848.84,15,Completed
SO06563,2024-06-30,C028,P007,R04,1172,245.45,287667.4,11,Completed
SO06564,2023-09-02,C041,P001,R02,1994,377.8,753333.2,14,Completed
SO06565,2023-02-25,C035,P001,R02,1565,95.55,149535.75,4,Completed
SO06566,2024-06-28,C047,P005,R04,127,451.13,57293.51,14,Completed
SO06567,2023-05-13,C033,P006,R02,1477,281.11,415199.47,24,Completed
SO06568,2025-08-04,C001,P001,R01,1010,477.17,481941.7,25,Completed
SO06569,2025-10-16,C015,P003,R04,191,45.75,8738.25,3,Completed
SO06570,2025-10-15,C026,P006,R04,1460,373.5,545310.0,29,Delayed
SO06571,2023-12-31,C025,P003,R01,1312,356.97,468344.64,25,Completed
SO06572,2025-02-05,C033,P002,R02,1259,162.19,204197.21,25,Completed
SO06573,2023-04-09,C014,P005,R03,515,276.7,142500.5,16,Completed
SO06574,2025-11-27,C048,P002,R04,152,91.54,13914.08,8,Completed
SO06575,2024-12-01,C026,P004,R04,1730,108.75,188137.5,21,Completed
SO06576,2023-03-15,C044,P005,R01,901,67.23,60574.23,6,Completed
SO06577,2023-08-30,C019,P006,R04,878,396.83,348416.74,15,Completed
SO06578,2024-01-31,C048,P006,R04,627,309.17,193849.59,25,Completed
SO06579,2025-04-19,C030,P007,R02,832,341.1,283795.2,27,Delayed
SO06580,2023-01-13,C014,P007,R03,1899,204.82,388953.18,26,Completed
SO06581,2025-12-14,C028,P004,R04,1601,478.58,766206.58,18,Completed
SO06582,2025-07-04,C034,P003,R02,343,234.67,80491.81,17,Completed
SO06583,2025-12-29,C003,P001,R03,818,133.03,108818.54,14,Completed
SO06584,2024-09-01,C017,P007,R03,602,234.64,141253.28,17,Completed
SO06585,2024-09-09,C043,P004,R04,1775,64.57,114611.75,18,Completed
SO06586,2024-08-07,C033,P007,R02,131,469.13,61456.03,11,Completed
SO06587,2023-10-25,C030,P008,R02,1844,194.54,358731.76,29,Delayed
SO06588,2024-07-04,C016,P002,R03,740,249.14,184363.6,29,Delayed
SO06589,2025-01-22,C028,P008,R04,564,113.73,64143.72,3,Completed
SO06590,2024-03-10,C050,P001,R04,1567,61.62,96558.54,26,Completed
SO06591,2023-08-11,C025,P001,R01,1979,376.64,745370.56,3,Completed
SO06592,2023-01-17,C038,P008,R02,818,362.48,296508.64,7,Completed
SO06593,2024-05-03,C045,P006,R03,1579,163.73,258529.67,27,Delayed
SO06594,2025-06-18,C002,P005,R04,784,52.94,41504.96,21,Completed
SO06595,2023-12-17,C046,P005,R01,1465,259.21,379742.65,9,Completed
SO06596,2025-02-16,C033,P006,R02,587,138.41,81246.67,13,Completed
SO06597,2023-12-03,C037,P001,R04,811,203.28,164860.08,15,Completed
SO06598,2023-06-11,C036,P005,R04,998,499.36,498361.28,27,Delayed
SO06599,2023-09-20,C014,P005,R03,1525,30.25,46131.25,15,Completed
SO06600,2025-12-17,C019,P008,R04,267,205.75,54935.25,11,Completed
SO06601,2025-05-05,C018,P008,R04,1001,248.06,248308.06,27,Delayed
SO06602,2025-12-02,C010,P007,R04,748,44.92,33600.16,28,Delayed
SO06603,2024-07-31,C049,P003,R03,1412,296.36,418460.32,16,Completed
SO06604,2024-06-08,C021,P001,R01,1879,74.31,139628.49,24,Completed
SO06605,2024-11-19,C036,P006,R04,260,83.05,21593.0,9,Completed
SO06606,2025-08-09,C022,P003,R02,1062,170.19,180741.78,20,Completed
SO06607,2024-08-26,C017,P005,R03,1255,35.82,44954.1,27,Delayed
SO06608,2025-05-20,C015,P002,R04,108,214.88,23207.04,28,Delayed
SO06609,2023-02-04,C045,P008,R03,1912,88.22,168676.64,22,Completed
SO06610,2023-12-26,C024,P008,R02,694,105.81,73432.14,18,Completed
SO06611,2023-09-04,C017,P008,R03,324,332.97,107882.28,17,Completed
SO06612,2024-08-12,C030,P006,R02,1734,160.62,278515.08,14,Completed
SO06613,2025-12-18,C011,P004,R04,1992,370.35,737737.2,11,Completed
SO06614,2025-10-05,C040,P002,R01,1057,333.08,352065.56,21,Completed
SO06615,2023-11-28,C015,P007,R04,1501,479.15,719204.15,4,Completed
SO06616,2023-04-14,C031,P001,R02,269,398.47,107188.43,27,Delayed
SO06617,2025-06-06,C050,P006,R04,1215,220.15,267482.25,23,Completed
SO06618,2025-11-10,C039,P001,R01,354,435.67,154227.18,16,Completed
SO06619,2025-09-12,C021,P004,R01,922,109.8,101235.6,27,Delayed
SO06620,2025-11-27,C004,P007,R03,1622,134.73,218532.06,11,Completed
SO06621,2024-11-30,C006,P002,R04,1868,390.09,728688.12,23,Completed
SO06622,2025-02-11,C043,P005,R04,1684,215.22,362430.48,12,Completed
SO06623,2024-12-31,C008,P003,R04,1925,230.73,444155.25,19,Completed
SO06624,2023-02-02,C037,P004,R04,872,384.03,334874.16,7,Completed
SO06625,2024-10-30,C027,P008,R03,1945,461.25,897131.25,14,Completed
SO06626,2024-01-06,C025,P005,R01,491,400.45,196620.95,12,Completed
SO06627,2023-01-06,C012,P007,R01,744,452.31,336518.64,6,Completed
SO06628,2023-12-19,C038,P005,R02,1292,210.05,271384.6,3,Completed
SO06629,2023-08-20,C018,P008,R04,1783,176.86,315341.38,19,Completed
SO06630,2024-06-04,C024,P003,R02,261,110.26,28777.86,12,Completed
SO06631,2024-12-12,C016,P006,R03,1078,270.64,291749.92,26,Completed
SO06632,2023-06-16,C007,P002,R02,1851,49.02,90736.02,16,Completed
SO06633,2024-12-20,C022,P002,R02,362,105.75,38281.5,16,Completed
SO06634,2025-04-24,C022,P008,R02,935,401.55,375449.25,15,Completed
SO06635,2023-10-10,C026,P002,R04,1837,113.15,207856.55,6,Completed
SO06636,2023-01-26,C006,P008,R04,371,203.97,75672.87,17,Completed
SO06637,2025-12-02,C007,P007,R02,583,287.56,167647.48,12,Completed
SO06638,2025-05-08,C025,P003,R01,1990,90.0,179100.0,10,Completed
SO06639,2025-01-19,C021,P002,R01,1836,148.2,272095.2,4,Completed
SO06640,2025-08-16,C028,P003,R04,700,336.72,235704.0,23,Completed
SO06641,2024-01-02,C022,P008,R02,1279,418.25,534941.75,24,Completed
SO06642,2024-10-16,C024,P003,R02,1908,28.66,54683.28,21,Completed
SO06643,2025-12-20,C023,P001,R04,375,222.11,83291.25,20,Completed
SO06644,2023-12-30,C033,P008,R02,970,453.98,440360.6,21,Completed
SO06645,2024-02-27,C049,P004,R03,340,437.51,148753.4,29,Delayed
SO06646,2023-11-27,C030,P007,R02,1327,81.03,107526.81,5,Completed
SO06647,2025-09-04,C013,P004,R01,1016,493.21,501101.36,15,Completed
SO06648,2025-08-05,C030,P007,R02,1020,204.76,208855.2,12,Completed
SO06649,2025-07-21,C019,P007,R04,1597,413.74,660742.78,9,Completed
SO06650,2025-04-23,C003,P003,R03,314,245.15,76977.1,3,Completed
SO06651,2023-07-14,C049,P007,R03,916,85.66,78464.56,5,Completed
SO06652,2023-12-15,C028,P002,R04,1219,236.35,288110.65,24,Completed
SO06653,2025-06-17,C033,P001,R02,693,358.83,248669.19,22,Completed
SO06654,2023-12-29,C004,P007,R03,1091,475.03,518257.73,3,Completed
SO06655,2023-10-18,C018,P002,R04,1630,99.79,162657.7,5,Completed
SO06656,2023-01-30,C011,P006,R04,1082,398.88,431588.16,21,Completed
SO06657,2025-05-17,C031,P006,R02,283,213.68,60471.44,27,Delayed
SO06658,2023-04-19,C028,P002,R04,726,248.8,180628.8,19,Completed
SO06659,2023-11-10,C023,P006,R04,207,134.53,27847.71,11,Completed
SO06660,2024-11-23,C037,P001,R04,1054,95.3,100446.2,8,Completed
SO06661,2024-07-21,C021,P008,R01,128,262.25,33568.0,7,Completed
SO06662,2025-08-06,C031,P007,R02,339,444.4,150651.6,16,Completed
SO06663,2023-11-02,C038,P005,R02,607,272.48,165395.36,13,Completed
SO06664,2025-10-12,C045,P005,R03,1859,196.12,364587.08,4,Completed
SO06665,2023-11-29,C043,P007,R04,1035,320.36,331572.6,7,Completed
SO06666,2023-07-28,C048,P006,R04,698,270.99,189151.02,22,Completed
SO06667,2023-12-19,C008,P007,R04,1352,367.29,496576.08,7,Completed
SO06668,2023-11-30,C045,P001,R03,1629,140.35,228630.15,17,Completed
SO06669,2025-01-23,C023,P002,R04,1522,332.98,506795.56,9,Completed
SO06670,2023-12-04,C032,P004,R02,850,364.82,310097.0,22,Completed
SO06671,2025-03-20,C048,P003,R04,988,490.34,484455.92,4,Completed
SO06672,2023-07-23,C048,P005,R04,1517,154.14,233830.38,19,Completed
SO06673,2024-07-02,C045,P001,R03,1798,25.0,44950.0,27,Delayed
SO06674,2023-09-04,C007,P006,R02,731,169.35,123794.85,8,Completed
SO06675,2023-01-13,C036,P003,R04,1907,20.49,39074.43,5,Completed
SO06676,2024-05-12,C044,P003,R01,1234,273.94,338041.96,8,Completed
SO06677,2024-06-18,C037,P001,R04,401,251.09,100687.09,16,Completed
SO06678,2023-09-19,C038,P003,R02,342,457.4,156430.8,12,Completed
SO06679,2023-05-02,C038,P006,R02,854,33.32,28455.28,29,Delayed
SO06680,2024-09-01,C008,P005,R04,1973,239.1,471744.3,22,Completed
SO06681,2023-03-14,C012,P003,R01,1983,250.82,497376.06,8,Completed
SO06682,2023-01-03,C001,P005,R01,108,469.37,50691.96,28,Delayed
SO06683,2024-08-10,C044,P008,R01,1631,368.83,601561.73,26,Completed
SO06684,2025-02-06,C042,P002,R04,927,146.3,135620.1,6,Completed
SO06685,2024-11-13,C046,P003,R01,1633,148.43,242386.19,9,Completed
SO06686,2024-11-01,C020,P002,R01,193,234.39,45237.27,21,Completed
SO06687,2023-03-28,C007,P005,R02,864,225.25,194616.0,13,Completed
SO06688,2023-02-24,C014,P004,R03,130,306.21,39807.3,22,Completed
SO06689,2025-07-03,C040,P002,R01,1039,234.62,243770.18,3,Completed
SO06690,2023-04-11,C049,P006,R03,1649,234.67,386970.83,7,Completed
SO06691,2024-01-09,C040,P006,R01,713,472.82,337120.66,6,Completed
SO06692,2025-03-29,C003,P003,R03,1165,154.22,179666.3,27,Delayed
SO06693,2023-07-18,C022,P005,R02,1546,266.41,411869.86,26,Completed
SO06694,2024-10-10,C014,P005,R03,1097,79.18,86860.46,21,Completed
SO06695,2024-05-04,C023,P007,R04,311,142.46,44305.06,28,Delayed
SO06696,2025-08-11,C014,P006,R03,1410,435.28,613744.8,23,Completed
SO06697,2025-05-04,C046,P002,R01,1721,129.61,223058.81,15,Completed
SO06698,2023-07-11,C048,P006,R04,113,432.48,48870.24,15,Completed
SO06699,2023-04-25,C034,P008,R02,559,355.15,198528.85,8,Completed
SO06700,2024-06-07,C018,P001,R04,109,430.45,46919.05,19,Completed
SO06701,2024-05-08,C019,P006,R04,907,189.45,171831.15,5,Completed
SO06702,2025-01-04,C023,P008,R04,968,104.66,101310.88,12,Completed
SO06703,2025-01-18,C008,P005,R04,1943,184.65,358774.95,16,Completed
SO06704,2024-08-21,C042,P003,R04,850,189.32,160922.0,16,Completed
SO06705,2023-01-31,C008,P001,R04,802,64.87,52025.74,20,Completed
SO06706,2024-09-18,C009,P006,R02,344,458.21,157624.24,26,Completed
SO06707,2023-01-22,C034,P006,R02,398,481.17,191505.66,24,Completed
SO06708,2023-12-07,C011,P007,R04,924,499.22,461279.28,18,Completed
SO06709,2025-07-06,C043,P008,R04,675,425.16,286983.0,6,Completed
SO06710,2024-06-05,C037,P006,R04,1760,423.81,745905.6,26,Completed
SO06711,2024-07-13,C049,P008,R03,383,405.34,155245.22,7,Completed
SO06712,2025-12-18,C032,P003,R02,777,277.31,215469.87,15,Completed
SO06713,2023-03-18,C022,P007,R02,945,217.66,205688.7,21,Completed
SO06714,2025-11-25,C015,P007,R04,1922,369.64,710448.08,11,Completed
SO06715,2024-07-21,C003,P006,R03,1332,330.65,440425.8,18,Completed
SO06716,2023-05-12,C030,P007,R02,1391,304.37,423378.67,11,Completed
SO06717,2025-08-13,C027,P001,R03,1131,240.89,272446.59,16,Completed
SO06718,2025-07-15,C015,P003,R04,160,315.02,50403.2,11,Completed
SO06719,2023-02-10,C038,P003,R02,1817,26.35,47877.95,18,Completed
SO06720,2024-08-18,C038,P008,R02,374,254.01,94999.74,5,Completed
SO06721,2025-09-20,C043,P001,R04,1337,426.14,569749.18,11,Completed
SO06722,2023-08-05,C029,P007,R02,587,467.44,274387.28,21,Completed
SO06723,2024-10-30,C003,P006,R03,810,219.96,178167.6,28,Delayed
SO06724,2025-06-14,C036,P005,R04,1517,153.21,232419.57,11,Completed
SO06725,2025-05-30,C020,P001,R01,1332,206.74,275377.68,20,Completed
SO06726,2024-12-10,C025,P005,R01,1506,47.71,71851.26,11,Completed
SO06727,2023-11-26,C015,P007,R04,997,160.15,159669.55,23,Completed
SO06728,2024-11-30,C016,P006,R03,1613,461.24,743980.12,8,Completed
SO06729,2023-09-19,C041,P004,R02,760,116.56,88585.6,18,Completed
SO06730,2024-04-03,C034,P004,R02,837,433.45,362797.65,28,Delayed
SO06731,2024-12-08,C050,P004,R04,703,154.22,108416.66,7,Completed
SO06732,2024-04-16,C039,P002,R01,1304,144.66,188636.64,9,Completed
SO06733,2024-09-11,C039,P004,R01,1458,183.84,268038.72,3,Completed
SO06734,2025-06-13,C027,P003,R03,258,419.56,108246.48,24,Completed
SO06735,2025-07-27,C036,P005,R04,290,394.41,114378.9,19,Completed
SO06736,2023-05-14,C009,P004,R02,550,247.64,136202.0,9,Completed
SO06737,2023-05-25,C011,P004,R04,537,255.48,137192.76,28,Delayed
SO06738,2024-05-22,C049,P005,R03,1300,271.89,353457.0,28,Delayed
SO06739,2025-05-22,C047,P006,R04,1594,182.04,290171.76,14,Completed
SO06740,2023-02-21,C007,P005,R02,308,60.95,18772.6,5,Completed
SO06741,2025-04-29,C023,P005,R04,1554,161.76,251375.04,23,Completed
SO06742,2025-01-18,C042,P001,R04,956,124.66,119174.96,22,Completed
SO06743,2025-01-04,C016,P003,R03,1502,192.78,289555.56,22,Completed
SO06744,2024-02-04,C036,P001,R04,1462,306.59,448234.58,25,Completed
SO06745,2023-01-12,C035,P006,R02,702,202.39,142077.78,12,Completed
SO06746,2025-07-24,C019,P001,R04,1515,30.74,46571.1,7,Completed
SO06747,2023-01-21,C025,P007,R01,1758,496.65,873110.7,3,Completed
SO06748,2023-10-22,C025,P007,R01,1308,238.68,312193.44,15,Completed
SO06749,2025-09-11,C030,P001,R02,616,324.83,200095.28,16,Completed
SO06750,2025-07-14,C004,P006,R03,1490,131.17,195443.3,28,Delayed
SO06751,2023-12-27,C007,P001,R02,770,329.51,253722.7,11,Completed
SO06752,2023-10-27,C016,P004,R03,1688,342.57,578258.16,6,Completed
SO06753,2024-11-14,C049,P008,R03,105,221.1,23215.5,25,Completed
SO06754,2024-11-02,C005,P006,R04,1494,248.09,370646.46,15,Completed
SO06755,2023-01-02,C017,P001,R03,493,347.6,171366.8,15,Completed
SO06756,2023-09-06,C019,P003,R04,457,314.12,143552.84,23,Completed
SO06757,2023-07-17,C002,P006,R04,396,188.47,74634.12,14,Completed
SO06758,2024-01-17,C009,P005,R02,1772,75.25,133343.0,6,Completed
SO06759,2025-05-11,C021,P002,R01,270,33.46,9034.2,9,Completed
SO06760,2023-01-15,C025,P003,R01,1074,318.06,341596.44,15,Completed
SO06761,2023-09-11,C047,P002,R04,1604,283.54,454798.16,29,Delayed
SO06762,2023-08-21,C031,P006,R02,1267,53.64,67961.88,17,Completed
SO06763,2025-01-19,C039,P001,R01,1748,24.97,43647.56,29,Delayed
SO06764,2025-03-06,C002,P006,R04,1281,304.78,390423.18,22,Completed
SO06765,2025-06-06,C009,P006,R02,546,274.52,149887.92,4,Completed
SO06766,2024-11-13,C007,P003,R02,1795,317.14,569266.3,7,Completed
SO06767,2023-01-12,C024,P008,R02,726,170.74,123957.24,15,Completed
SO06768,2025-01-26,C042,P008,R04,669,192.57,128829.33,12,Completed
SO06769,2024-11-19,C016,P002,R03,889,484.19,430444.91,19,Completed
SO06770,2023-06-11,C011,P001,R04,1438,123.01,176888.38,16,Completed
SO06771,2023-10-30,C001,P007,R01,753,196.27,147791.31,18,Completed
SO06772,2023-08-29,C025,P007,R01,547,307.07,167967.29,25,Completed
SO06773,2023-12-05,C027,P001,R03,357,454.34,162199.38,23,Completed
SO06774,2025-11-20,C041,P007,R02,1240,245.29,304159.6,15,Completed
SO06775,2023-01-27,C043,P002,R04,1835,99.67,182894.45,20,Completed
SO06776,2024-06-13,C042,P001,R04,1356,109.86,148970.16,17,Completed
SO06777,2024-07-17,C047,P007,R04,1898,236.32,448535.36,20,Completed
SO06778,2024-10-18,C035,P006,R02,343,198.54,68099.22,21,Completed
SO06779,2024-01-17,C027,P007,R03,1688,143.69,242548.72,10,Completed
SO06780,2024-03-13,C009,P006,R02,1749,443.05,774894.45,12,Completed
SO06781,2025-09-10,C020,P005,R01,1741,493.89,859862.49,17,Completed
SO06782,2024-07-27,C027,P004,R03,116,317.65,36847.4,19,Completed
SO06783,2024-07-18,C028,P002,R04,1120,34.22,38326.4,25,Completed
SO06784,2025-10-07,C001,P002,R01,1293,172.41,222926.13,20,Completed
SO06785,2024-01-02,C017,P008,R03,252,348.21,87748.92,9,Completed
SO06786,2023-08-18,C029,P007,R02,536,285.1,152813.6,8,Completed
SO06787,2024-11-28,C049,P006,R03,1621,376.21,609836.41,18,Completed
SO06788,2025-07-21,C017,P003,R03,1583,31.47,49817.01,15,Completed
SO06789,2025-01-28,C012,P005,R01,260,488.39,126981.4,7,Completed
SO06790,2025-10-03,C041,P005,R02,1582,56.8,89857.6,19,Completed
SO06791,2024-10-05,C014,P007,R03,549,200.17,109893.33,27,Delayed
SO06792,2023-10-30,C015,P003,R04,176,325.5,57288.0,7,Completed
SO06793,2025-06-10,C039,P006,R01,835,157.84,131796.4,10,Completed
SO06794,2023-09-20,C026,P005,R04,1665,82.35,137112.75,20,Completed
SO06795,2023-11-16,C007,P005,R02,1985,477.95,948730.75,27,Delayed
SO06796,2024-11-23,C012,P008,R01,1934,193.72,374654.48,9,Completed
SO06797,2025-10-09,C028,P002,R04,268,126.01,33770.68,14,Completed
SO06798,2024-03-22,C028,P001,R04,1207,182.19,219903.33,26,Completed
SO06799,2023-07-10,C031,P007,R02,1967,426.62,839161.54,29,Delayed
SO06800,2025-12-16,C042,P001,R04,247,70.68,17457.96,26,Completed
SO06801,2025-05-26,C020,P006,R01,423,291.02,123101.46,23,Completed
SO06802,2023-09-15,C006,P003,R04,1416,158.07,223827.12,28,Delayed
SO06803,2023-03-11,C042,P007,R04,1084,184.68,200193.12,5,Completed
SO06804,2024-03-31,C008,P006,R04,231,23.49,5426.19,11,Completed
SO06805,2024-10-06,C033,P008,R02,1801,343.01,617761.01,27,Delayed
SO06806,2024-07-15,C017,P001,R03,720,393.22,283118.4,22,Completed
SO06807,2024-04-20,C014,P002,R03,100,113.8,11380.0,14,Completed
SO06808,2023-11-08,C008,P001,R04,1516,253.15,383775.4,28,Delayed
SO06809,2024-09-09,C025,P004,R01,985,338.15,333077.75,13,Completed
SO06810,2023-12-10,C036,P001,R04,1315,456.61,600442.15,19,Completed
SO06811,2024-03-24,C009,P001,R02,1260,195.57,246418.2,21,Completed
SO06812,2023-01-06,C006,P002,R04,940,158.48,148971.2,17,Completed
SO06813,2024-03-05,C024,P001,R02,879,385.33,338705.07,27,Delayed
SO06814,2023-10-01,C013,P003,R01,681,28.4,19340.4,26,Completed
SO06815,2024-02-21,C027,P008,R03,1090,49.74,54216.6,23,Completed
SO06816,2025-02-26,C020,P005,R01,841,41.01,34489.41,4,Completed
SO06817,2025-04-28,C013,P006,R01,1028,339.58,349088.24,17,Completed
SO06818,2023-07-29,C040,P005,R01,1015,353.98,359289.7,28,Delayed
SO06819,2024-08-14,C022,P004,R02,1622,415.94,674654.68,27,Delayed
SO06820,2025-10-01,C011,P001,R04,1685,484.49,816365.65,22,Completed
SO06821,2024-04-12,C030,P001,R02,1507,155.71,234654.97,18,Completed
SO06822,2023-03-19,C021,P008,R01,1016,70.7,71831.2,8,Completed
SO06823,2023-03-23,C037,P008,R04,699,431.21,301415.79,26,Completed
SO06824,2023-06-13,C023,P005,R04,144,268.05,38599.2,18,Completed
SO06825,2024-07-01,C046,P004,R01,1725,390.54,673681.5,22,Completed
SO06826,2023-03-06,C010,P007,R04,1963,200.02,392639.26,4,Completed
SO06827,2025-04-21,C012,P008,R01,1614,85.97,138755.58,28,Delayed
SO06828,2023-07-28,C019,P004,R04,1248,425.42,530924.16,8,Completed
SO06829,2025-09-10,C005,P008,R04,1516,78.08,118369.28,4,Completed
SO06830,2023-07-27,C043,P004,R04,1206,90.14,108708.84,12,Completed
SO06831,2025-08-13,C003,P004,R03,1985,199.07,395153.95,13,Completed
SO06832,2023-05-31,C040,P005,R01,922,102.8,94781.6,26,Completed
SO06833,2025-06-08,C020,P003,R01,1508,449.25,677469.0,21,Completed
SO06834,2025-10-05,C013,P003,R01,898,157.25,141210.5,23,Completed
SO06835,2024-10-22,C025,P003,R01,517,469.65,242809.05,8,Completed
SO06836,2023-09-02,C029,P004,R02,1751,176.38,308841.38,20,Completed
SO06837,2023-07-14,C039,P001,R01,107,268.36,28714.52,23,Completed
SO06838,2023-07-07,C035,P007,R02,1162,156.98,182410.76,13,Completed
SO06839,2024-11-26,C029,P006,R02,865,350.87,303502.55,23,Completed
SO06840,2023-09-19,C015,P003,R04,490,243.56,119344.4,24,Completed
SO06841,2024-06-29,C028,P004,R04,1302,34.14,44450.28,25,Completed
SO06842,2025-10-04,C026,P003,R04,366,482.59,176627.94,16,Completed
SO06843,2025-01-06,C040,P003,R01,1808,202.38,365903.04,3,Completed
SO06844,2025-01-06,C045,P005,R03,309,125.0,38625.0,14,Completed
SO06845,2024-01-05,C025,P007,R01,1164,33.76,39296.64,17,Completed
SO06846,2024-03-07,C025,P007,R01,1901,228.56,434492.56,13,Completed
SO06847,2024-12-13,C039,P008,R01,1639,110.96,181863.44,18,Completed
SO06848,2023-09-06,C016,P007,R03,1505,48.89,73579.45,15,Completed
SO06849,2023-06-20,C029,P005,R02,600,237.31,142386.0,26,Completed
SO06850,2024-09-09,C048,P002,R04,1045,52.18,54528.1,11,Completed
SO06851,2024-11-24,C028,P004,R04,489,174.66,85408.74,19,Completed
SO06852,2024-03-15,C002,P002,R04,882,476.49,420264.18,18,Completed
SO06853,2024-12-21,C039,P005,R01,1327,79.38,105337.26,3,Completed
SO06854,2024-06-25,C013,P007,R01,76,58.34,4433.84,20,Completed
SO06855,2024-01-01,C037,P007,R04,1331,438.03,583017.93,3,Completed
SO06856,2023-03-18,C043,P006,R04,70,217.33,15213.1,18,Completed
SO06857,2023-11-19,C043,P002,R04,1554,474.2,736906.8,22,Completed
SO06858,2025-01-13,C002,P005,R04,203,375.49,76224.47,24,Completed
SO06859,2023-11-02,C045,P005,R03,1141,41.58,47442.78,14,Completed
SO06860,2024-07-16,C022,P002,R02,623,33.31,20752.13,9,Completed
SO06861,2025-11-06,C007,P003,R02,888,185.72,164919.36,28,Delayed
SO06862,2023-04-10,C040,P004,R01,901,261.84,235917.84,22,Completed
SO06863,2025-10-17,C004,P005,R03,1946,235.35,457991.1,3,Completed
SO06864,2024-11-05,C025,P001,R01,504,216.32,109025.28,29,Delayed
SO06865,2025-04-11,C044,P001,R01,234,173.05,40493.7,7,Completed
SO06866,2024-12-20,C002,P001,R04,163,442.94,72199.22,3,Completed
SO06867,2025-10-21,C046,P005,R01,1752,88.28,154666.56,24,Completed
SO06868,2024-12-06,C023,P003,R04,1190,365.65,435123.5,12,Completed
SO06869,2024-03-02,C021,P008,R01,549,420.14,230656.86,23,Completed
SO06870,2023-01-08,C031,P002,R02,1804,131.28,236829.12,12,Completed
SO06871,2025-11-14,C011,P005,R04,1447,400.32,579263.04,6,Completed
SO06872,2024-02-24,C033,P004,R02,603,198.22,119526.66,16,Completed
SO06873,2025-03-18,C040,P005,R01,882,107.6,94903.2,23,Completed
SO06874,2024-04-19,C039,P005,R01,957,435.45,416725.65,16,Completed
SO06875,2023-11-16,C011,P006,R04,1042,485.1,505474.2,12,Completed
SO06876,2023-08-01,C016,P004,R03,1239,20.05,24841.95,3,Completed
SO06877,2025-06-05,C045,P005,R03,1171,242.16,283569.36,4,Completed
SO06878,2024-10-16,C017,P006,R03,1833,262.37,480924.21,10,Completed
SO06879,2023-06-19,C047,P005,R04,240,29.03,6967.2,25,Completed
SO06880,2025-12-16,C043,P001,R04,479,73.05,34990.95,23,Completed
SO06881,2024-07-31,C036,P005,R04,1837,470.64,864565.68,26,Completed
SO06882,2023-09-19,C002,P002,R04,474,472.86,224135.64,25,Completed
SO06883,2025-07-09,C010,P006,R04,911,129.0,117519.0,4,Completed
SO06884,2023-08-09,C028,P001,R04,377,79.54,29986.58,5,Completed
SO06885,2024-04-09,C036,P003,R04,1914,445.9,853452.6,29,Delayed
SO06886,2025-12-04,C028,P001,R04,518,283.06,146625.08,26,Completed
SO06887,2025-04-02,C026,P008,R04,649,241.75,156895.75,8,Completed
SO06888,2023-05-25,C036,P003,R04,1594,73.11,116537.34,19,Completed
SO06889,2025-08-18,C043,P003,R04,1278,288.93,369252.54,16,Completed
SO06890,2023-05-16,C038,P005,R02,966,184.82,178536.12,11,Completed
SO06891,2025-10-23,C004,P006,R03,147,248.48,36526.56,5,Completed
SO06892,2024-04-24,C003,P006,R03,1548,235.06,363872.88,6,Completed
SO06893,2024-06-15,C011,P002,R04,605,180.38,109129.9,9,Completed
SO06894,2023-07-04,C035,P002,R02,1695,264.23,447869.85,25,Completed
SO06895,2024-02-27,C034,P006,R02,1073,297.22,318917.06,13,Completed
SO06896,2023-03-13,C043,P006,R04,905,64.89,58725.45,4,Completed
SO06897,2023-01-22,C040,P007,R01,1166,176.38,205659.08,10,Completed
SO06898,2025-09-06,C043,P002,R04,1448,481.61,697371.28,16,Completed
SO06899,2023-06-04,C034,P004,R02,515,427.84,220337.6,19,Completed
SO06900,2024-04-09,C021,P007,R01,1554,172.99,268826.46,8,Completed
SO06901,2024-11-05,C040,P007,R01,1159,33.07,38328.13,3,Completed
SO06902,2024-07-08,C020,P003,R01,623,441.35,274961.05,7,Completed
SO06903,2024-05-03,C030,P007,R02,1494,130.14,194429.16,23,Completed
SO06904,2025-06-06,C041,P006,R02,1993,28.97,57737.21,10,Completed
SO06905,2025-05-22,C025,P008,R01,492,373.65,183835.8,25,Completed
SO06906,2023-09-09,C028,P005,R04,404,410.99,166039.96,24,Completed
SO06907,2023-12-10,C023,P002,R04,593,193.07,114490.51,5,Completed
SO06908,2024-10-04,C029,P002,R02,482,287.49,138570.18,4,Completed
SO06909,2024-04-26,C025,P001,R01,1779,172.16,306272.64,11,Completed
SO06910,2024-04-11,C001,P002,R01,873,181.22,158205.06,20,Completed
SO06911,2023-11-10,C011,P005,R04,1833,227.35,416732.55,3,Completed
SO06912,2025-04-14,C010,P008,R04,621,33.61,20871.81,10,Completed
SO06913,2025-01-09,C012,P002,R01,524,467.21,244818.04,24,Completed
SO06914,2024-04-08,C039,P008,R01,1764,415.36,732695.04,14,Completed
SO06915,2023-05-06,C048,P006,R04,1402,237.23,332596.46,14,Completed
SO06916,2025-09-08,C018,P005,R04,1503,408.72,614306.16,7,Completed
SO06917,2024-02-21,C022,P004,R02,1645,187.2,307944.0,6,Completed
SO06918,2024-09-22,C033,P002,R02,1918,228.24,437764.32,24,Completed
SO06919,2024-05-26,C022,P003,R02,88,85.19,7496.72,19,Completed
SO06920,2024-07-25,C030,P008,R02,1791,392.13,702304.83,27,Delayed
SO06921,2023-11-30,C022,P003,R02,618,34.79,21500.22,5,Completed
SO06922,2023-02-13,C025,P004,R01,1328,89.25,118524.0,10,Completed
SO06923,2024-09-07,C039,P006,R01,192,184.84,35489.28,5,Completed
SO06924,2023-12-24,C030,P001,R02,776,300.1,232877.6,9,Completed
SO06925,2025-04-04,C034,P002,R02,1347,165.91,223480.77,21,Completed
SO06926,2023-06-18,C002,P004,R04,1998,225.23,450009.54,29,Delayed
SO06927,2024-12-19,C019,P007,R04,987,440.62,434891.94,5,Completed
SO06928,2024-11-03,C046,P007,R01,1308,31.85,41659.8,29,Delayed
SO06929,2023-07-22,C008,P004,R04,722,83.06,59969.32,6,Completed
SO06930,2025-06-21,C035,P003,R02,863,307.16,265079.08,17,Completed
SO06931,2023-05-15,C005,P001,R04,1872,318.92,597018.24,19,Completed
SO06932,2023-10-24,C041,P001,R02,1570,193.32,303512.4,26,Completed
SO06933,2023-11-04,C023,P001,R04,680,165.9,112812.0,8,Completed
SO06934,2025-09-11,C050,P004,R04,718,315.4,226457.2,25,Completed
SO06935,2025-09-21,C023,P006,R04,1935,102.8,198918.0,6,Completed
SO06936,2024-06-07,C026,P007,R04,903,236.82,213848.46,3,Completed
SO06937,2024-03-08,C046,P002,R01,666,79.14,52707.24,4,Completed
SO06938,2023-04-12,C026,P007,R04,788,181.37,142919.56,20,Completed
SO06939,2024-09-13,C028,P001,R04,1869,411.19,768514.11,29,Delayed
SO06940,2025-03-08,C045,P002,R03,1953,121.32,236937.96,19,Completed
SO06941,2023-01-09,C028,P004,R04,887,415.61,368646.07,27,Delayed
SO06942,2024-09-02,C044,P005,R01,912,303.85,277111.2,19,Completed
SO06943,2025-01-22,C012,P005,R01,834,60.5,50457.0,6,Completed
SO06944,2025-10-24,C013,P003,R01,1515,388.17,588077.55,20,Completed
SO06945,2023-08-26,C038,P005,R02,680,176.58,120074.4,20,Completed
SO06946,2024-09-17,C050,P007,R04,1098,201.37,221104.26,25,Completed
SO06947,2024-08-15,C049,P007,R03,1274,107.07,136407.18,3,Completed
SO06948,2025-10-31,C006,P007,R04,1886,414.33,781426.38,28,Delayed
SO06949,2023-03-09,C011,P003,R04,1329,271.89,361341.81,10,Completed
SO06950,2025-03-11,C050,P001,R04,616,66.53,40982.48,12,Completed
SO06951,2023-10-28,C024,P002,R02,1483,156.17,231600.11,10,Completed
SO06952,2024-10-06,C043,P005,R04,1483,216.17,320580.11,12,Completed
SO06953,2025-03-08,C031,P007,R02,1367,352.0,481184.0,15,Completed
SO06954,2025-12-20,C050,P002,R04,457,305.52,139622.64,20,Completed
SO06955,2024-03-24,C029,P002,R02,1078,482.33,519951.74,22,Completed
SO06956,2023-01-08,C049,P002,R03,1450,449.08,651166.0,21,Completed
SO06957,2025-08-13,C023,P003,R04,1584,348.8,552499.2,8,Completed
SO06958,2025-11-21,C029,P003,R02,213,107.06,22803.78,5,Completed
SO06959,2024-02-03,C045,P006,R03,233,408.79,95248.07,24,Completed
SO06960,2023-08-28,C003,P001,R03,746,304.69,227298.74,21,Completed
SO06961,2025-03-05,C032,P006,R02,1520,436.17,662978.4,4,Completed
SO06962,2024-02-29,C028,P008,R04,1298,187.25,243050.5,10,Completed
SO06963,2023-12-12,C012,P005,R01,1609,404.0,650036.0,23,Completed
SO06964,2023-07-27,C017,P002,R03,1044,198.1,206816.4,5,Completed
SO06965,2025-11-26,C010,P006,R04,1650,176.24,290796.0,27,Delayed
SO06966,2024-03-19,C010,P003,R04,1035,272.25,281778.75,15,Completed
SO06967,2025-08-05,C040,P008,R01,1078,358.43,386387.54,22,Completed
SO06968,2023-09-03,C028,P003,R04,900,461.06,414954.0,3,Completed
SO06969,2024-01-17,C014,P003,R03,1361,333.17,453444.37,21,Completed
SO06970,2023-03-04,C041,P004,R02,1610,350.05,563580.5,10,Completed
SO06971,2023-05-07,C010,P006,R04,396,73.31,29030.76,15,Completed
SO06972,2025-10-29,C016,P002,R03,1965,497.09,976781.85,4,Completed
SO06973,2023-05-12,C028,P005,R04,1741,265.72,462618.52,14,Completed
SO06974,2023-07-14,C012,P001,R01,1396,459.57,641559.72,17,Completed
SO06975,2023-02-09,C035,P002,R02,835,358.74,299547.9,4,Completed
SO06976,2023-08-21,C020,P002,R01,1571,445.83,700398.93,20,Completed
SO06977,2023-01-10,C022,P003,R02,1500,381.02,571530.0,26,Completed
SO06978,2023-11-21,C039,P006,R01,1272,420.42,534774.24,22,Completed
SO06979,2023-03-31,C027,P006,R03,830,112.0,92960.0,12,Completed
SO06980,2023-03-23,C009,P003,R02,802,405.0,324810.0,14,Completed
SO06981,2024-09-14,C008,P005,R04,1467,86.83,127379.61,3,Completed
SO06982,2023-05-01,C036,P005,R04,557,171.48,95514.36,24,Completed
SO06983,2024-09-06,C003,P006,R03,1904,203.66,387768.64,8,Completed
SO06984,2023-06-16,C044,P006,R01,1127,110.62,124668.74,17,Completed
SO06985,2023-12-07,C003,P006,R03,370,371.75,137547.5,29,Delayed
SO06986,2023-12-28,C014,P007,R03,333,337.87,112510.71,6,Completed
SO06987,2024-10-14,C040,P002,R01,1573,162.27,255250.71,18,Completed
SO06988,2025-06-29,C002,P007,R04,860,309.53,266195.8,11,Completed
SO06989,2024-08-11,C040,P006,R01,1388,95.1,131998.8,25,Completed
SO06990,2025-10-26,C002,P006,R04,444,57.3,25441.2,26,Completed
SO06991,2024-10-25,C043,P007,R04,480,408.94,196291.2,26,Completed
SO06992,2025-12-28,C015,P001,R04,1899,445.95,846859.05,29,Delayed
SO06993,2024-01-22,C032,P008,R02,1423,341.45,485883.35,22,Completed
SO06994,2025-10-16,C016,P007,R03,1232,405.27,499292.64,8,Completed
SO06995,2024-03-18,C002,P002,R04,291,367.11,106829.01,25,Completed
SO06996,2025-12-13,C041,P001,R02,176,293.35,51629.6,13,Completed
SO06997,2023-01-27,C038,P007,R02,1320,178.14,235144.8,3,Completed
SO06998,2024-11-20,C046,P005,R01,1481,188.34,278931.54,28,Delayed
SO06999,2025-12-03,C036,P008,R04,1737,493.05,856427.85,18,Completed
SO07000,2023-09-09,C011,P001,R04,1125,164.74,185332.5,28,Delayed
SO07001,2025-12-25,C010,P004,R04,55,353.68,19452.4,9,Completed
SO07002,2025-09-07,C027,P006,R03,1194,45.08,53825.52,28,Delayed
SO07003,2024-11-20,C028,P004,R04,771,379.19,292355.49,9,Completed
SO07004,2025-03-31,C017,P004,R03,1001,36.65,36686.65,22,Completed
SO07005,2025-08-08,C006,P003,R04,1691,350.85,593287.35,21,Completed
SO07006,2025-01-12,C021,P004,R01,861,402.02,346139.22,15,Completed
SO07007,2023-05-17,C006,P005,R04,1675,230.4,385920.0,16,Completed
SO07008,2025-12-20,C049,P008,R03,1412,138.78,195957.36,16,Completed
SO07009,2024-01-09,C050,P004,R04,1181,96.8,114320.8,8,Completed
SO07010,2023-05-04,C023,P002,R04,325,294.88,95836.0,4,Completed
SO07011,2025-02-09,C004,P007,R03,1848,147.65,272857.2,18,Completed
SO07012,2024-09-16,C049,P001,R03,331,33.78,11181.18,20,Completed
SO07013,2025-12-13,C001,P001,R01,865,399.09,345212.85,13,Completed
SO07014,2023-03-26,C026,P003,R04,560,242.95,136052.0,13,Completed
SO07015,2024-08-04,C007,P007,R02,1958,28.3,55411.4,11,Completed
SO07016,2024-01-19,C031,P008,R02,114,24.3,2770.2,8,Completed
SO07017,2024-02-03,C004,P007,R03,1433,226.54,324631.82,6,Completed
SO07018,2025-10-25,C019,P001,R04,1222,390.03,476616.66,22,Completed
SO07019,2025-02-07,C003,P004,R03,945,266.76,252088.2,7,Completed
SO07020,2025-02-25,C014,P004,R03,615,485.38,298508.7,3,Completed
SO07021,2024-04-23,C038,P005,R02,1555,322.68,501767.4,27,Delayed
SO07022,2025-12-24,C013,P001,R01,963,489.96,471831.48,4,Completed
SO07023,2023-04-30,C016,P004,R03,126,295.7,37258.2,12,Completed
SO07024,2023-01-23,C024,P005,R02,514,360.13,185106.82,7,Completed
SO07025,2025-09-28,C030,P004,R02,628,468.73,294362.44,29,Delayed
SO07026,2023-10-04,C030,P002,R02,1144,397.92,455220.48,21,Completed
SO07027,2025-03-19,C042,P005,R04,1572,289.76,455502.72,9,Completed
SO07028,2023-06-05,C040,P005,R01,76,262.28,19933.28,24,Completed
SO07029,2023-08-14,C031,P006,R02,1235,256.87,317234.45,6,Completed
SO07030,2024-07-16,C042,P003,R04,1425,191.59,273015.75,11,Completed
SO07031,2023-06-17,C050,P003,R04,1451,93.5,135668.5,4,Completed
SO07032,2025-06-09,C046,P001,R01,1314,301.42,396065.88,13,Completed
SO07033,2023-05-14,C021,P008,R01,1338,438.08,586151.04,19,Completed
SO07034,2024-04-04,C044,P006,R01,879,169.0,148551.0,12,Completed
SO07035,2023-11-06,C040,P005,R01,543,397.31,215739.33,11,Completed
SO07036,2024-11-13,C013,P003,R01,426,269.75,114913.5,24,Completed
SO07037,2023-05-17,C031,P005,R02,1929,487.16,939731.64,19,Completed
SO07038,2023-02-04,C039,P005,R01,392,88.07,34523.44,12,Completed
SO07039,2025-09-13,C017,P002,R03,1555,158.59,246607.45,12,Completed
SO07040,2023-08-27,C025,P002,R01,820,317.42,260284.4,11,Completed
SO07041,2023-09-21,C016,P004,R03,1496,233.89,349899.44,5,Completed
SO07042,2024-03-28,C007,P008,R02,1142,432.71,494154.82,21,Completed
SO07043,2023-09-06,C038,P005,R02,652,117.12,76362.24,16,Completed
SO07044,2023-04-02,C036,P007,R04,986,493.62,486709.32,8,Completed
SO07045,2023-02-16,C021,P001,R01,798,80.79,64470.42,14,Completed
SO07046,2023-10-28,C037,P003,R04,957,222.4,212836.8,4,Completed
SO07047,2025-01-02,C005,P004,R04,111,47.08,5225.88,15,Completed
SO07048,2023-05-12,C011,P007,R04,1305,357.25,466211.25,18,Completed
SO07049,2025-01-26,C025,P003,R01,1196,385.56,461129.76,21,Completed
SO07050,2023-09-30,C006,P004,R04,336,226.2,76003.2,11,Completed
SO07051,2024-11-27,C046,P007,R01,971,103.91,100896.61,6,Completed
SO07052,2024-02-09,C028,P008,R04,1902,171.68,326535.36,16,Completed
SO07053,2025-09-30,C029,P004,R02,1173,226.41,265578.93,24,Completed
SO07054,2025-08-16,C014,P003,R03,187,47.68,8916.16,5,Completed
SO07055,2024-05-24,C017,P006,R03,838,452.22,378960.36,17,Completed
SO07056,2024-05-26,C010,P002,R04,456,272.4,124214.4,11,Completed
SO07057,2023-06-19,C001,P007,R01,820,424.53,348114.6,17,Completed
SO07058,2025-04-11,C032,P005,R02,1078,185.48,199947.44,28,Delayed
SO07059,2025-08-13,C047,P004,R04,1904,293.44,558709.76,14,Completed
SO07060,2025-09-27,C011,P007,R04,1712,170.68,292204.16,8,Completed
SO07061,2023-02-06,C005,P004,R04,600,61.52,36912.0,18,Completed
SO07062,2025-04-09,C047,P007,R04,213,283.72,60432.36,25,Completed
SO07063,2025-08-25,C036,P006,R04,757,258.49,195676.93,16,Completed
SO07064,2023-02-17,C046,P002,R01,446,210.16,93731.36,14,Completed
SO07065,2023-06-29,C015,P006,R04,726,375.73,272779.98,27,Delayed
SO07066,2025-10-03,C036,P007,R04,483,278.22,134380.26,25,Completed
SO07067,2023-02-21,C011,P001,R04,1989,299.12,594949.68,7,Completed
SO07068,2024-09-09,C036,P005,R04,788,29.0,22852.0,6,Completed
SO07069,2023-12-07,C028,P004,R04,600,482.35,289410.0,7,Completed
SO07070,2025-01-09,C039,P008,R01,1551,372.53,577794.03,15,Completed
SO07071,2023-12-04,C018,P002,R04,979,143.55,140535.45,15,Completed
SO07072,2023-11-19,C008,P002,R04,811,186.75,151454.25,18,Completed
SO07073,2024-02-11,C011,P003,R04,869,189.26,164466.94,6,Completed
SO07074,2024-04-12,C021,P006,R01,145,199.48,28924.6,27,Delayed
SO07075,2023-10-05,C039,P006,R01,1970,124.25,244772.5,15,Completed
SO07076,2024-08-21,C029,P005,R02,1844,342.94,632381.36,6,Completed
SO07077,2025-12-22,C002,P006,R04,1102,87.68,96623.36,14,Completed
SO07078,2025-03-17,C010,P001,R04,1596,490.17,782311.32,11,Completed
SO07079,2025-12-30,C022,P007,R02,1254,144.17,180789.18,9,Completed
SO07080,2023-03-23,C004,P005,R03,1977,162.14,320550.78,21,Completed
SO07081,2024-05-23,C042,P002,R04,1675,107.3,179727.5,21,Completed
SO07082,2024-06-24,C027,P004,R03,929,272.03,252715.87,8,Completed
SO07083,2025-01-07,C042,P001,R04,57,79.33,4521.81,29,Delayed
SO07084,2024-08-24,C019,P007,R04,1819,275.28,500734.32,25,Completed
SO07085,2025-10-29,C045,P004,R03,1975,42.33,83601.75,24,Completed
SO07086,2024-12-10,C039,P006,R01,1858,72.46,134630.68,6,Completed
SO07087,2024-04-12,C033,P001,R02,1791,324.32,580857.12,25,Completed
SO07088,2023-08-06,C011,P005,R04,717,381.16,273291.72,15,Completed
SO07089,2024-12-28,C025,P006,R01,952,306.14,291445.28,11,Completed
SO07090,2023-10-20,C022,P001,R02,1396,96.31,134448.76,10,Completed
SO07091,2024-02-29,C025,P002,R01,627,331.12,207612.24,23,Completed
SO07092,2024-10-16,C034,P004,R02,608,450.98,274195.84,22,Completed
SO07093,2025-01-19,C028,P002,R04,119,172.49,20526.31,25,Completed
SO07094,2023-02-03,C044,P004,R01,1849,20.19,37331.31,9,Completed
SO07095,2023-12-11,C036,P005,R04,1312,400.03,524839.36,18,Completed
SO07096,2025-03-12,C028,P003,R04,1180,86.15,101657.0,17,Completed
SO07097,2024-09-01,C045,P003,R03,1003,207.25,207871.75,6,Completed
SO07098,2024-04-05,C012,P005,R01,1557,29.38,45744.66,4,Completed
SO07099,2023-03-12,C025,P005,R01,390,96.68,37705.2,17,Completed
SO07100,2023-05-19,C034,P003,R02,1176,395.81,465472.56,25,Completed
SO07101,2023-10-09,C022,P006,R02,1641,169.62,278346.42,10,Completed
SO07102,2025-02-12,C034,P001,R02,1550,206.02,319331.0,12,Completed
SO07103,2025-05-02,C020,P007,R01,361,345.31,124656.91,18,Completed
SO07104,2023-12-10,C050,P005,R04,542,314.72,170578.24,15,Completed
SO07105,2023-02-17,C027,P001,R03,936,493.19,461625.84,28,Delayed
SO07106,2025-07-05,C007,P003,R02,682,53.52,36500.64,12,Completed
SO07107,2024-09-25,C010,P006,R04,176,463.13,81510.88,9,Completed
SO07108,2023-11-18,C046,P008,R01,1631,146.59,239088.29,5,Completed
SO07109,2024-09-21,C041,P003,R02,1695,491.09,832397.55,23,Completed
SO07110,2024-02-09,C029,P008,R02,1319,430.29,567552.51,20,Completed
SO07111,2025-06-06,C001,P002,R01,1863,144.76,269687.88,10,Completed
SO07112,2023-11-09,C019,P006,R04,1900,205.55,390545.0,18,Completed
SO07113,2025-12-04,C004,P004,R03,1590,115.43,183533.7,26,Completed
SO07114,2024-03-08,C021,P006,R01,1261,107.39,135418.79,16,Completed
SO07115,2024-04-06,C032,P001,R02,1081,230.88,249581.28,10,Completed
SO07116,2023-06-21,C013,P001,R01,1880,270.6,508728.0,6,Completed
SO07117,2024-10-25,C027,P007,R03,326,103.06,33597.56,26,Completed
SO07118,2025-10-30,C034,P005,R02,325,125.91,40920.75,21,Completed
SO07119,2025-11-21,C037,P002,R04,982,47.06,46212.92,22,Completed
SO07120,2023-01-03,C017,P001,R03,1626,41.51,67495.26,18,Completed
SO07121,2024-01-02,C048,P003,R04,200,88.42,17684.0,13,Completed
SO07122,2025-05-04,C037,P006,R04,1685,383.33,645911.05,17,Completed
SO07123,2023-01-07,C004,P002,R03,77,68.66,5286.82,28,Delayed
SO07124,2024-01-05,C008,P007,R04,1564,132.38,207042.32,15,Completed
SO07125,2023-05-22,C040,P002,R01,95,363.52,34534.4,3,Completed
SO07126,2023-02-10,C046,P007,R01,650,433.23,281599.5,21,Completed
SO07127,2025-08-07,C023,P003,R04,249,283.36,70556.64,23,Completed
SO07128,2023-12-03,C024,P002,R02,1436,93.75,134625.0,24,Completed
SO07129,2023-01-04,C021,P007,R01,1836,391.04,717949.44,21,Completed
SO07130,2024-03-16,C003,P003,R03,1888,170.68,322243.84,27,Delayed
SO07131,2023-04-15,C029,P005,R02,1021,42.3,43188.3,16,Completed
SO07132,2025-06-04,C009,P003,R02,948,99.63,94449.24,16,Completed
SO07133,2025-10-08,C024,P005,R02,1425,29.08,41439.0,3,Completed
SO07134,2024-09-20,C034,P008,R02,1716,496.57,852114.12,13,Completed
SO07135,2025-05-23,C046,P003,R01,606,464.62,281559.72,23,Completed
SO07136,2025-05-16,C038,P002,R02,618,299.35,184998.3,5,Completed
SO07137,2023-05-03,C017,P004,R03,987,57.5,56752.5,29,Delayed
SO07138,2023-02-02,C016,P006,R03,1764,259.77,458234.28,18,Completed
SO07139,2023-10-10,C037,P005,R04,1740,439.49,764712.6,23,Completed
SO07140,2023-06-27,C004,P004,R03,955,473.22,451925.1,14,Completed
SO07141,2025-02-12,C034,P005,R02,323,447.91,144674.93,21,Completed
SO07142,2025-04-13,C006,P003,R04,1612,261.4,421376.8,14,Completed
SO07143,2024-09-20,C047,P002,R04,488,153.66,74986.08,6,Completed
SO07144,2023-08-11,C023,P008,R04,1009,408.17,411843.53,12,Completed
SO07145,2023-01-04,C027,P007,R03,796,462.63,368253.48,13,Completed
SO07146,2023-03-30,C004,P008,R03,1727,304.59,526026.93,13,Completed
SO07147,2023-01-16,C036,P004,R04,422,186.79,78825.38,22,Completed
SO07148,2025-02-10,C012,P008,R01,1849,131.94,243957.06,23,Completed
SO07149,2025-09-19,C010,P001,R04,1816,95.51,173446.16,16,Completed
SO07150,2025-04-18,C005,P004,R04,818,246.46,201604.28,14,Completed
SO07151,2024-11-26,C010,P004,R04,1315,474.77,624322.55,22,Completed
SO07152,2024-01-11,C026,P004,R04,252,68.11,17163.72,29,Delayed
SO07153,2025-09-18,C031,P002,R02,855,276.99,236826.45,17,Completed
SO07154,2024-11-24,C050,P001,R04,469,414.97,194620.93,6,Completed
SO07155,2024-10-12,C012,P003,R01,159,126.57,20124.63,17,Completed
SO07156,2023-07-03,C044,P003,R01,733,305.38,223843.54,5,Completed
SO07157,2023-02-08,C031,P006,R02,1247,438.74,547108.78,8,Completed
SO07158,2023-09-20,C030,P002,R02,843,141.27,119090.61,20,Completed
SO07159,2024-07-10,C032,P001,R02,387,319.87,123789.69,24,Completed
SO07160,2025-06-18,C004,P008,R03,298,384.53,114589.94,21,Completed
SO07161,2023-09-17,C008,P001,R04,516,186.61,96290.76,22,Completed
SO07162,2025-04-09,C016,P003,R03,998,465.81,464878.38,15,Completed
SO07163,2024-03-06,C036,P008,R04,637,333.26,212286.62,23,Completed
SO07164,2023-04-16,C036,P003,R04,1909,467.89,893202.01,28,Delayed
SO07165,2023-11-23,C043,P002,R04,920,306.64,282108.8,6,Completed
SO07166,2023-04-25,C041,P002,R02,1594,94.27,150266.38,23,Completed
SO07167,2025-03-20,C014,P003,R03,518,130.79,67749.22,3,Completed
SO07168,2025-09-23,C014,P008,R03,132,26.45,3491.4,6,Completed
SO07169,2023-03-26,C013,P007,R01,1213,347.18,421129.34,19,Completed
SO07170,2025-06-17,C029,P003,R02,59,445.7,26296.3,21,Completed
SO07171,2025-07-01,C038,P004,R02,957,102.08,97690.56,28,Delayed
SO07172,2025-12-07,C025,P008,R01,1334,464.83,620083.22,22,Completed
SO07173,2023-09-30,C003,P004,R03,1069,206.44,220684.36,25,Completed
SO07174,2023-01-24,C048,P001,R04,962,181.89,174978.18,4,Completed
SO07175,2025-12-30,C028,P001,R04,597,233.51,139405.47,29,Delayed
SO07176,2025-10-08,C031,P003,R02,830,139.96,116166.8,7,Completed
SO07177,2025-06-21,C037,P002,R04,373,435.09,162288.57,13,Completed
SO07178,2024-03-29,C011,P006,R04,1807,144.72,261509.04,24,Completed
SO07179,2023-11-09,C016,P004,R03,1316,473.28,622836.48,12,Completed
SO07180,2025-08-28,C002,P002,R04,574,146.14,83884.36,3,Completed
SO07181,2024-11-29,C007,P003,R02,1090,252.78,275530.2,8,Completed
SO07182,2025-02-26,C025,P006,R01,1292,196.05,253296.6,13,Completed
SO07183,2025-04-11,C042,P005,R04,573,144.7,82913.1,28,Delayed
SO07184,2023-02-06,C010,P002,R04,686,470.87,323016.82,25,Completed
SO07185,2023-12-20,C035,P007,R02,108,187.36,20234.88,24,Completed
SO07186,2025-06-12,C048,P003,R04,567,325.22,184399.74,17,Completed
SO07187,2024-10-29,C040,P001,R01,1961,284.21,557335.81,20,Completed
SO07188,2024-02-08,C022,P002,R02,1254,279.78,350844.12,14,Completed
SO07189,2023-04-08,C040,P005,R01,1132,91.06,103079.92,12,Completed
SO07190,2024-06-24,C005,P002,R04,1790,170.38,304980.2,23,Completed
SO07191,2024-10-13,C041,P002,R02,291,357.22,103951.02,27,Delayed
SO07192,2024-03-14,C028,P008,R04,477,142.63,68034.51,6,Completed
SO07193,2024-02-14,C031,P008,R02,431,217.5,93742.5,5,Completed
SO07194,2025-09-09,C049,P001,R03,1501,219.99,330204.99,9,Completed
SO07195,2024-09-05,C007,P008,R02,1763,151.26,266671.38,9,Completed
SO07196,2024-07-14,C027,P006,R03,569,338.22,192447.18,21,Completed
SO07197,2024-08-02,C040,P002,R01,199,61.25,12188.75,20,Completed
SO07198,2025-04-08,C021,P002,R01,971,413.44,401450.24,16,Completed
SO07199,2024-01-11,C007,P001,R02,1624,405.35,658288.4,21,Completed
SO07200,2024-12-11,C031,P004,R02,135,205.08,27685.8,15,Completed
SO07201,2025-08-28,C008,P002,R04,1066,144.15,153663.9,21,Completed
SO07202,2024-03-25,C046,P003,R01,1163,25.94,30168.22,4,Completed
SO07203,2023-03-05,C018,P001,R04,722,432.16,312019.52,15,Completed
SO07204,2025-12-27,C038,P001,R02,1942,55.58,107936.36,13,Completed
SO07205,2025-08-08,C045,P006,R03,361,70.33,25389.13,14,Completed
SO07206,2023-02-04,C034,P002,R02,464,238.1,110478.4,6,Completed
SO07207,2023-02-10,C004,P003,R03,536,40.22,21557.92,10,Completed
SO07208,2023-11-05,C010,P003,R04,1143,214.37,245024.91,18,Completed
SO07209,2025-10-22,C012,P001,R01,1031,454.46,468548.26,5,Completed
SO07210,2025-01-05,C023,P001,R04,663,390.48,258888.24,4,Completed
SO07211,2023-12-21,C028,P005,R04,899,144.53,129932.47,26,Completed
SO07212,2025-05-06,C022,P007,R02,1404,228.91,321389.64,6,Completed
SO07213,2025-04-08,C020,P006,R01,569,48.89,27818.41,11,Completed
SO07214,2023-05-13,C030,P001,R02,1603,409.96,657165.88,26,Completed
SO07215,2023-06-27,C019,P007,R04,365,455.19,166144.35,17,Completed
SO07216,2024-11-07,C007,P002,R02,1276,61.17,78052.92,22,Completed
SO07217,2025-09-08,C047,P003,R04,1669,322.54,538319.26,19,Completed
SO07218,2023-07-21,C037,P005,R04,1065,110.89,118097.85,22,Completed
SO07219,2025-01-15,C010,P006,R04,402,432.43,173836.86,26,Completed
SO07220,2025-12-29,C020,P002,R01,1632,451.24,736423.68,28,Delayed
SO07221,2025-03-22,C007,P008,R02,1372,400.13,548978.36,13,Completed
SO07222,2025-03-31,C023,P005,R04,1797,297.49,534589.53,28,Delayed
SO07223,2024-08-05,C028,P006,R04,1803,40.23,72534.69,6,Completed
SO07224,2024-12-17,C034,P003,R02,355,47.19,16752.45,16,Completed
SO07225,2025-10-02,C010,P006,R04,1975,223.39,441195.25,22,Completed
SO07226,2023-06-26,C013,P004,R01,1710,467.73,799818.3,23,Completed
SO07227,2023-05-02,C010,P008,R04,459,224.56,103073.04,15,Completed
SO07228,2024-12-20,C040,P001,R01,1603,170.55,273391.65,18,Completed
SO07229,2023-02-23,C032,P005,R02,559,67.71,37849.89,28,Delayed
SO07230,2025-09-13,C013,P007,R01,460,123.21,56676.6,21,Completed
SO07231,2023-03-03,C016,P006,R03,251,102.96,25842.96,20,Completed
SO07232,2024-09-25,C040,P004,R01,200,106.69,21338.0,9,Completed
SO07233,2025-03-16,C008,P003,R04,547,188.7,103218.9,11,Completed
SO07234,2025-07-12,C035,P003,R02,818,425.5,348059.0,21,Completed
SO07235,2023-07-28,C028,P002,R04,1875,160.38,300712.5,19,Completed
SO07236,2025-06-07,C009,P006,R02,1061,202.36,214703.96,4,Completed
SO07237,2024-03-03,C025,P008,R01,1484,446.79,663036.36,25,Completed
SO07238,2025-01-28,C029,P006,R02,294,30.25,8893.5,28,Delayed
SO07239,2023-08-02,C011,P008,R04,406,159.67,64826.02,18,Completed
SO07240,2023-08-22,C035,P002,R02,227,435.82,98931.14,19,Completed
SO07241,2023-08-04,C041,P003,R02,981,397.03,389486.43,24,Completed
SO07242,2023-11-12,C003,P006,R03,97,298.91,28994.27,14,Completed
SO07243,2025-09-24,C022,P007,R02,1121,195.76,219446.96,12,Completed
SO07244,2025-10-27,C030,P005,R02,289,123.54,35703.06,4,Completed
SO07245,2025-08-03,C024,P005,R02,1635,199.38,325986.3,17,Completed
SO07246,2023-05-12,C041,P001,R02,1003,151.46,151914.38,13,Completed
SO07247,2025-07-13,C036,P005,R04,744,350.3,260623.2,18,Completed
SO07248,2023-11-29,C042,P002,R04,189,422.08,79773.12,4,Completed
SO07249,2024-03-04,C016,P007,R03,723,183.19,132446.37,24,Completed
SO07250,2025-01-18,C035,P001,R02,1210,318.54,385433.4,16,Completed
SO07251,2025-10-20,C011,P005,R04,588,168.81,99260.28,13,Completed
SO07252,2024-05-10,C047,P003,R04,825,177.58,146503.5,9,Completed
SO07253,2024-04-23,C041,P007,R02,821,177.09,145390.89,24,Completed
SO07254,2024-10-03,C013,P006,R01,867,424.49,368032.83,12,Completed
SO07255,2024-02-10,C034,P005,R02,1812,109.55,198504.6,28,Delayed
SO07256,2023-01-29,C020,P003,R01,443,423.93,187800.99,17,Completed
SO07257,2025-10-31,C005,P007,R04,637,485.54,309288.98,16,Completed
SO07258,2025-07-20,C045,P008,R03,614,371.91,228352.74,3,Completed
SO07259,2025-05-24,C011,P003,R04,987,67.21,66336.27,11,Completed
SO07260,2023-10-29,C038,P004,R02,1890,164.99,311831.1,9,Completed
SO07261,2025-07-11,C040,P003,R01,1940,407.82,791170.8,9,Completed
SO07262,2023-08-04,C046,P007,R01,202,261.7,52863.4,9,Completed
SO07263,2024-02-21,C021,P007,R01,1361,498.41,678336.01,11,Completed
SO07264,2025-10-07,C028,P001,R04,1449,276.61,400807.89,25,Completed
SO07265,2023-08-28,C012,P007,R01,1461,372.08,543608.88,29,Delayed
SO07266,2024-01-17,C037,P007,R04,477,377.18,179914.86,7,Completed
SO07267,2023-06-20,C018,P007,R04,609,66.99,40796.91,19,Completed
SO07268,2025-08-06,C012,P001,R01,1810,310.95,562819.5,9,Completed
SO07269,2025-06-01,C032,P007,R02,950,79.49,75515.5,22,Completed
SO07270,2025-06-06,C011,P008,R04,1856,263.59,489223.04,20,Completed
SO07271,2025-07-03,C029,P001,R02,1262,158.69,200266.78,22,Completed
SO07272,2024-03-14,C045,P003,R03,1659,304.72,505530.48,6,Completed
SO07273,2025-07-19,C026,P003,R04,1573,273.71,430545.83,23,Completed
SO07274,2025-01-31,C033,P003,R02,491,271.65,133380.15,7,Completed
SO07275,2023-04-14,C016,P003,R03,1940,351.49,681890.6,9,Completed
SO07276,2024-01-04,C037,P006,R04,1583,95.12,150574.96,4,Completed
SO07277,2024-07-12,C023,P008,R04,1782,223.55,398366.1,27,Delayed
SO07278,2025-02-27,C045,P003,R03,389,493.31,191897.59,22,Completed
SO07279,2025-10-17,C021,P003,R01,391,292.98,114555.18,13,Completed
SO07280,2025-09-30,C015,P002,R04,1017,75.49,76773.33,20,Completed
SO07281,2024-08-10,C020,P006,R01,829,395.02,327471.58,22,Completed
SO07282,2025-03-28,C024,P002,R02,641,151.79,97297.39,12,Completed
SO07283,2025-06-14,C014,P002,R03,1223,69.3,84753.9,22,Completed
SO07284,2025-07-03,C018,P002,R04,531,322.64,171321.84,12,Completed
SO07285,2025-03-20,C003,P001,R03,1670,203.67,340128.9,12,Completed
SO07286,2023-09-29,C039,P004,R01,1854,124.17,230211.18,15,Completed
SO07287,2025-08-28,C028,P003,R04,1668,146.88,244995.84,28,Delayed
SO07288,2024-07-28,C047,P005,R04,715,493.81,353074.15,6,Completed
SO07289,2023-02-11,C021,P004,R01,1860,34.47,64114.2,17,Completed
SO07290,2024-10-12,C049,P001,R03,1552,259.85,403287.2,8,Completed
SO07291,2025-01-13,C040,P004,R01,300,70.62,21186.0,5,Completed
SO07292,2024-11-18,C032,P008,R02,256,189.78,48583.68,5,Completed
SO07293,2025-09-28,C028,P001,R04,716,201.24,144087.84,10,Completed
SO07294,2025-05-01,C005,P004,R04,1148,61.19,70246.12,19,Completed
SO07295,2024-06-27,C041,P007,R02,484,127.33,61627.72,28,Delayed
SO07296,2024-08-21,C015,P003,R04,1958,225.06,440667.48,15,Completed
SO07297,2024-11-30,C049,P008,R03,1723,344.53,593625.19,14,Completed
SO07298,2024-05-19,C020,P006,R01,61,390.09,23795.49,19,Completed
SO07299,2023-01-11,C037,P002,R04,1977,422.43,835144.11,5,Completed
SO07300,2025-02-28,C006,P002,R04,347,320.85,111334.95,5,Completed
SO07301,2025-06-30,C007,P002,R02,876,117.12,102597.12,22,Completed
SO07302,2024-04-24,C030,P005,R02,1048,193.39,202672.72,27,Delayed
SO07303,2025-12-05,C029,P002,R02,879,41.24,36249.96,17,Completed
SO07304,2025-10-28,C013,P003,R01,193,286.35,55265.55,25,Completed
SO07305,2023-12-02,C050,P002,R04,831,326.48,271304.88,25,Completed
SO07306,2024-11-27,C016,P004,R03,1422,418.01,594410.22,27,Delayed
SO07307,2024-02-20,C032,P004,R02,1621,125.59,203581.39,22,Completed
SO07308,2023-10-02,C033,P008,R02,229,264.94,60671.26,24,Completed
SO07309,2025-04-28,C034,P008,R02,1632,94.21,153750.72,14,Completed
SO07310,2023-03-07,C002,P008,R04,268,319.2,85545.6,11,Completed
SO07311,2025-01-11,C047,P001,R04,626,226.96,142076.96,23,Completed
SO07312,2025-08-25,C030,P005,R02,1970,176.9,348493.0,22,Completed
SO07313,2025-10-13,C049,P008,R03,594,409.06,242981.64,6,Completed
SO07314,2025-08-22,C040,P007,R01,1479,226.88,335555.52,12,Completed
SO07315,2024-11-24,C042,P006,R04,1615,405.05,654155.75,23,Completed
SO07316,2024-09-05,C047,P004,R04,1657,156.08,258624.56,3,Completed
SO07317,2025-01-18,C030,P001,R02,619,404.81,250577.39,15,Completed
SO07318,2024-01-01,C008,P001,R04,1725,369.59,637542.75,25,Completed
SO07319,2025-12-25,C010,P007,R04,1120,367.0,411040.0,15,Completed
SO07320,2025-11-30,C031,P007,R02,1286,344.03,442422.58,16,Completed
SO07321,2023-12-13,C012,P003,R01,1833,320.91,588228.03,7,Completed
SO07322,2023-09-09,C007,P004,R02,213,372.16,79270.08,29,Delayed
SO07323,2025-08-22,C046,P003,R01,1136,156.75,178068.0,24,Completed
SO07324,2025-03-29,C009,P004,R02,1601,160.59,257104.59,28,Delayed
SO07325,2025-09-04,C044,P003,R01,1041,101.06,105203.46,12,Completed
SO07326,2025-11-27,C044,P008,R01,1567,378.29,592780.43,11,Completed
SO07327,2025-08-11,C015,P008,R04,1042,219.93,229167.06,24,Completed
SO07328,2025-11-27,C022,P005,R02,1921,149.56,287304.76,10,Completed
SO07329,2024-02-04,C018,P008,R04,1864,304.45,567494.8,21,Completed
SO07330,2023-07-24,C010,P004,R04,1702,100.98,171867.96,27,Delayed
SO07331,2024-08-19,C021,P006,R01,1051,263.33,276759.83,4,Completed
SO07332,2023-12-13,C050,P003,R04,1803,228.51,412003.53,5,Completed
SO07333,2024-12-26,C002,P001,R04,554,27.73,15362.42,24,Completed
SO07334,2023-02-14,C009,P005,R02,1272,360.97,459153.84,18,Completed
SO07335,2024-06-02,C005,P007,R04,1666,191.27,318655.82,5,Completed
SO07336,2024-07-18,C003,P001,R03,1394,192.41,268219.54,15,Completed
SO07337,2025-04-19,C038,P002,R02,1564,290.18,453841.52,13,Completed
SO07338,2024-09-26,C003,P006,R03,1918,248.49,476603.82,18,Completed
SO07339,2025-12-05,C008,P001,R04,1190,472.09,561787.1,13,Completed
SO07340,2025-06-29,C006,P001,R04,1412,212.06,299428.72,9,Completed
SO07341,2024-02-18,C036,P008,R04,901,181.86,163855.86,12,Completed
SO07342,2025-01-30,C030,P007,R02,1813,365.68,662977.84,28,Delayed
SO07343,2023-06-06,C024,P003,R02,1988,49.44,98286.72,11,Completed
SO07344,2023-08-20,C044,P003,R01,1254,497.95,624429.3,25,Completed
SO07345,2025-08-08,C011,P008,R04,1112,104.47,116170.64,29,Delayed
SO07346,2025-01-08,C042,P005,R04,266,393.9,104777.4,16,Completed
SO07347,2025-04-07,C019,P008,R04,1992,77.18,153742.56,17,Completed
SO07348,2023-10-07,C027,P005,R03,672,324.97,218379.84,6,Completed
SO07349,2025-12-22,C044,P001,R01,1225,58.38,71515.5,20,Completed
SO07350,2023-04-20,C013,P008,R01,1495,332.7,497386.5,29,Delayed
SO07351,2023-12-10,C050,P002,R04,1340,332.39,445402.6,6,Completed
SO07352,2023-12-02,C017,P006,R03,1400,409.1,572740.0,15,Completed
SO07353,2023-03-01,C028,P006,R04,1170,366.16,428407.2,8,Completed
SO07354,2023-10-06,C042,P002,R04,134,88.18,11816.12,7,Completed
SO07355,2025-08-16,C003,P001,R03,591,180.45,106645.95,20,Completed
SO07356,2024-06-13,C002,P008,R04,204,496.35,101255.4,6,Completed
SO07357,2023-06-04,C010,P004,R04,414,101.15,41876.1,17,Completed
SO07358,2023-12-08,C018,P007,R04,1162,70.03,81374.86,14,Completed
SO07359,2025-01-16,C013,P005,R01,1242,152.2,189032.4,9,Completed
SO07360,2024-02-08,C016,P001,R03,226,321.51,72661.26,11,Completed
SO07361,2023-04-29,C030,P003,R02,1100,55.05,60555.0,21,Completed
SO07362,2023-07-11,C006,P006,R04,286,168.8,48276.8,24,Completed
SO07363,2024-12-15,C006,P007,R04,1437,498.45,716272.65,17,Completed
SO07364,2024-12-17,C003,P003,R03,859,300.94,258507.46,24,Completed
SO07365,2024-01-09,C011,P003,R04,163,52.76,8599.88,14,Completed
SO07366,2025-03-12,C029,P007,R02,322,110.12,35458.64,23,Completed
SO07367,2024-07-22,C042,P005,R04,264,131.02,34589.28,16,Completed
SO07368,2024-07-17,C028,P005,R04,224,131.51,29458.24,9,Completed
SO07369,2025-09-10,C009,P001,R02,1137,223.13,253698.81,25,Completed
SO07370,2024-06-16,C022,P008,R02,1575,21.36,33642.0,9,Completed
SO07371,2024-12-02,C035,P002,R02,1698,323.38,549099.24,23,Completed
SO07372,2025-10-27,C003,P008,R03,62,177.23,10988.26,11,Completed
SO07373,2023-06-14,C034,P007,R02,145,390.37,56603.65,3,Completed
SO07374,2024-01-10,C017,P001,R03,56,246.71,13815.76,26,Completed
SO07375,2023-06-29,C022,P005,R02,811,328.11,266097.21,21,Completed
SO07376,2025-11-20,C019,P003,R04,953,330.48,314947.44,8,Completed
SO07377,2023-05-17,C034,P006,R02,1213,384.0,465792.0,8,Completed
SO07378,2024-01-30,C038,P003,R02,1550,151.77,235243.5,23,Completed
SO07379,2023-11-06,C048,P008,R04,163,57.92,9440.96,10,Completed
SO07380,2024-12-01,C033,P007,R02,625,486.65,304156.25,3,Completed
SO07381,2025-06-17,C013,P004,R01,664,496.25,329510.0,5,Completed
SO07382,2024-11-16,C018,P006,R04,118,96.4,11375.2,29,Delayed
SO07383,2023-03-13,C015,P008,R04,1887,480.49,906684.63,6,Completed
SO07384,2023-07-06,C001,P001,R01,325,105.88,34411.0,24,Completed
SO07385,2025-06-08,C015,P006,R04,1599,454.29,726409.71,19,Completed
SO07386,2025-07-11,C026,P004,R04,1067,444.08,473833.36,21,Completed
SO07387,2024-02-15,C049,P004,R03,1816,32.85,59655.6,8,Completed
SO07388,2024-11-29,C004,P002,R03,306,370.95,113510.7,18,Completed
SO07389,2024-10-12,C017,P003,R03,1211,62.91,76184.01,27,Delayed
SO07390,2024-11-09,C001,P003,R01,356,277.48,98782.88,25,Completed
SO07391,2023-10-18,C044,P002,R01,1136,53.7,61003.2,11,Completed
SO07392,2024-04-16,C002,P006,R04,122,323.84,39508.48,27,Delayed
SO07393,2023-05-03,C044,P005,R01,291,478.14,139138.74,3,Completed
SO07394,2023-06-05,C040,P004,R01,1735,210.18,364662.3,6,Completed
SO07395,2023-02-11,C049,P006,R03,72,32.35,2329.2,10,Completed
SO07396,2024-08-02,C044,P008,R01,818,208.9,170880.2,19,Completed
SO07397,2024-11-07,C022,P007,R02,1398,268.98,376034.04,9,Completed
SO07398,2025-01-25,C044,P008,R01,854,24.88,21247.52,19,Completed
SO07399,2023-07-24,C037,P001,R04,578,147.73,85387.94,23,Completed
SO07400,2024-02-16,C016,P006,R03,1308,27.11,35459.88,14,Completed
SO07401,2025-01-06,C040,P006,R01,129,340.97,43985.13,4,Completed
SO07402,2024-01-25,C025,P001,R01,1799,450.97,811295.03,9,Completed
SO07403,2023-10-26,C012,P004,R01,1986,72.68,144342.48,18,Completed
SO07404,2023-08-27,C009,P006,R02,1663,281.31,467818.53,17,Completed
SO07405,2024-11-30,C010,P001,R04,1068,323.94,345967.92,20,Completed
SO07406,2023-04-23,C013,P007,R01,1002,171.07,171412.14,18,Completed
SO07407,2023-03-31,C027,P005,R03,1417,353.24,500541.08,24,Completed
SO07408,2023-04-27,C028,P003,R04,1419,277.11,393219.09,10,Completed
SO07409,2025-04-30,C044,P001,R01,1015,462.74,469681.1,25,Completed
SO07410,2025-07-13,C022,P004,R02,1391,90.97,126539.27,28,Delayed
SO07411,2024-07-02,C004,P006,R03,311,248.74,77358.14,4,Completed
SO07412,2024-11-17,C031,P003,R02,138,464.3,64073.4,24,Completed
SO07413,2024-10-14,C032,P008,R02,1904,429.98,818681.92,19,Completed
SO07414,2024-08-12,C033,P001,R02,933,224.43,209393.19,17,Completed
SO07415,2024-10-02,C042,P008,R04,101,163.99,16562.99,27,Delayed
SO07416,2025-10-09,C015,P008,R04,1015,361.65,367074.75,11,Completed
SO07417,2024-11-14,C050,P005,R04,794,97.82,77669.08,14,Completed
SO07418,2023-02-18,C043,P007,R04,528,409.11,216010.08,25,Completed
SO07419,2024-03-12,C008,P004,R04,561,335.55,188243.55,11,Completed
SO07420,2024-12-13,C047,P005,R04,1862,284.7,530111.4,27,Delayed
SO07421,2023-10-26,C028,P007,R04,917,289.02,265031.34,6,Completed
SO07422,2025-07-10,C038,P008,R02,1231,329.95,406168.45,6,Completed
SO07423,2024-06-05,C050,P002,R04,494,495.15,244604.1,13,Completed
SO07424,2023-03-22,C003,P002,R03,824,215.25,177366.0,9,Completed
SO07425,2023-07-14,C017,P004,R03,423,371.85,157292.55,19,Completed
SO07426,2025-10-13,C047,P008,R04,1959,430.85,844035.15,27,Delayed
SO07427,2024-01-11,C017,P007,R03,1959,466.47,913814.73,9,Completed
SO07428,2023-10-21,C016,P005,R03,790,119.97,94776.3,16,Completed
SO07429,2024-10-14,C028,P005,R04,1406,94.53,132909.18,6,Completed
SO07430,2024-06-04,C015,P008,R04,486,186.68,90726.48,9,Completed
SO07431,2025-01-13,C008,P001,R04,236,262.71,61999.56,23,Completed
SO07432,2025-06-24,C038,P007,R02,835,376.37,314268.95,16,Completed
SO07433,2025-09-29,C011,P003,R04,1692,496.14,839468.88,9,Completed
SO07434,2023-10-25,C035,P008,R02,528,74.87,39531.36,10,Completed
SO07435,2025-03-15,C032,P001,R02,958,92.61,88720.38,19,Completed
SO07436,2025-08-20,C018,P001,R04,1142,485.82,554806.44,12,Completed
SO07437,2024-05-23,C039,P008,R01,64,252.18,16139.52,28,Delayed
SO07438,2024-12-23,C042,P004,R04,481,221.93,106748.33,3,Completed
SO07439,2024-12-04,C033,P002,R02,398,498.52,198410.96,8,Completed
SO07440,2023-03-17,C005,P003,R04,847,70.87,60026.89,29,Delayed
SO07441,2023-04-30,C003,P001,R03,622,302.39,188086.58,15,Completed
SO07442,2024-08-31,C038,P007,R02,1115,274.87,306480.05,15,Completed
SO07443,2024-06-22,C016,P007,R03,604,427.52,258222.08,13,Completed
SO07444,2024-07-07,C015,P005,R04,742,303.92,225508.64,6,Completed
SO07445,2023-03-11,C001,P001,R01,1165,95.89,111711.85,25,Completed
SO07446,2023-02-06,C026,P002,R04,816,173.28,141396.48,18,Completed
SO07447,2024-02-09,C006,P008,R04,800,117.79,94232.0,29,Delayed
SO07448,2024-07-16,C045,P005,R03,904,200.88,181595.52,16,Completed
SO07449,2025-10-21,C013,P003,R01,796,210.22,167335.12,7,Completed
SO07450,2023-07-27,C046,P008,R01,1707,52.43,89498.01,20,Completed
SO07451,2023-01-09,C012,P005,R01,1744,254.8,444371.2,24,Completed
SO07452,2025-06-09,C011,P008,R04,142,470.26,66776.92,21,Completed
SO07453,2023-12-03,C026,P003,R04,286,397.2,113599.2,15,Completed
SO07454,2024-04-20,C007,P008,R02,1820,241.3,439166.0,9,Completed
SO07455,2025-04-09,C006,P004,R04,1808,264.73,478631.84,17,Completed
SO07456,2023-07-20,C025,P008,R01,849,313.1,265821.9,19,Completed
SO07457,2025-04-29,C046,P004,R01,876,205.86,180333.36,28,Delayed
SO07458,2023-02-16,C026,P006,R04,821,288.55,236899.55,8,Completed
SO07459,2024-10-25,C050,P003,R04,1809,265.83,480886.47,20,Completed
SO07460,2024-08-18,C006,P001,R04,980,126.44,123911.2,23,Completed
SO07461,2024-02-13,C004,P003,R03,1645,147.34,242374.3,8,Completed
SO07462,2023-09-12,C022,P004,R02,445,263.68,117337.6,19,Completed
SO07463,2023-04-25,C041,P008,R02,93,193.07,17955.51,24,Completed
SO07464,2025-09-29,C046,P001,R01,1409,459.68,647689.12,22,Completed
SO07465,2025-02-28,C029,P005,R02,510,473.54,241505.4,10,Completed
SO07466,2024-03-11,C042,P007,R04,935,304.25,284473.75,16,Completed
SO07467,2024-10-26,C008,P003,R04,975,407.65,397458.75,29,Delayed
SO07468,2025-10-15,C012,P003,R01,63,378.37,23837.31,25,Completed
SO07469,2025-05-10,C028,P006,R04,287,339.56,97453.72,3,Completed
SO07470,2023-11-11,C050,P001,R04,1371,46.96,64382.16,16,Completed
SO07471,2024-03-24,C042,P005,R04,866,364.7,315830.2,12,Completed
SO07472,2025-04-04,C012,P002,R01,534,21.54,11502.36,6,Completed
SO07473,2025-10-02,C001,P002,R01,334,280.9,93820.6,3,Completed
SO07474,2025-10-31,C009,P008,R02,624,399.86,249512.64,4,Completed
SO07475,2024-10-22,C042,P003,R04,802,421.27,337858.54,13,Completed
SO07476,2023-07-30,C015,P003,R04,1488,52.83,78611.04,26,Completed
SO07477,2023-07-17,C008,P007,R04,1330,184.0,244720.0,12,Completed
SO07478,2024-01-01,C031,P004,R02,1681,168.22,282777.82,7,Completed
SO07479,2024-10-23,C040,P003,R01,1546,400.27,618817.42,21,Completed
SO07480,2024-09-29,C001,P004,R01,1197,318.06,380717.82,25,Completed
SO07481,2023-07-07,C044,P005,R01,1917,126.81,243094.77,10,Completed
SO07482,2023-09-26,C021,P001,R01,1468,158.07,232046.76,7,Completed
SO07483,2025-11-15,C039,P002,R01,347,80.15,27812.05,23,Completed
SO07484,2023-07-19,C001,P004,R01,1822,378.72,690027.84,8,Completed
SO07485,2025-12-21,C035,P002,R02,1969,432.23,851060.87,5,Completed
SO07486,2025-10-15,C043,P001,R04,852,169.93,144780.36,12,Completed
SO07487,2024-02-25,C023,P001,R04,486,183.55,89205.3,19,Completed
SO07488,2024-05-10,C049,P004,R03,1012,186.94,189183.28,18,Completed
SO07489,2024-09-14,C022,P006,R02,944,269.37,254285.28,5,Completed
SO07490,2024-10-29,C022,P008,R02,1103,404.87,446571.61,3,Completed
SO07491,2023-02-22,C008,P001,R04,1430,409.45,585513.5,19,Completed
SO07492,2024-04-19,C021,P005,R01,689,183.59,126493.51,11,Completed
SO07493,2025-01-10,C020,P003,R01,1578,237.53,374822.34,26,Completed
SO07494,2024-03-25,C024,P004,R02,1232,355.56,438049.92,29,Delayed
SO07495,2023-01-31,C043,P002,R04,1539,58.13,89462.07,29,Delayed
SO07496,2025-03-18,C042,P008,R04,1235,59.71,73741.85,13,Completed
SO07497,2025-12-26,C035,P007,R02,1037,389.86,404284.82,18,Completed
SO07498,2023-05-25,C012,P006,R01,1590,478.63,761021.7,15,Completed
SO07499,2023-07-21,C023,P002,R04,226,51.13,11555.38,25,Completed
SO07500,2024-08-17,C013,P001,R01,1152,211.38,243509.76,18,Completed
SO07501,2024-01-24,C032,P002,R02,621,47.16,29286.36,18,Completed
SO07502,2025-10-01,C008,P006,R04,910,499.3,454363.0,7,Completed
SO07503,2023-05-14,C024,P006,R02,1118,70.88,79243.84,24,Completed
SO07504,2023-09-06,C015,P005,R04,1841,75.91,139750.31,17,Completed
SO07505,2024-09-14,C036,P005,R04,166,411.95,68383.7,10,Completed
SO07506,2025-09-07,C043,P003,R04,678,246.16,166896.48,5,Completed
SO07507,2025-08-04,C037,P008,R04,1143,478.8,547268.4,19,Completed
SO07508,2024-11-23,C004,P004,R03,368,323.54,119062.72,6,Completed
SO07509,2024-12-05,C007,P006,R02,1202,178.83,214953.66,25,Completed
SO07510,2024-05-13,C014,P001,R03,602,270.05,162570.1,15,Completed
SO07511,2023-04-01,C009,P005,R02,1609,228.53,367704.77,25,Completed
SO07512,2025-03-16,C045,P008,R03,408,174.75,71298.0,3,Completed
SO07513,2024-02-08,C029,P004,R02,76,22.53,1712.28,12,Completed
SO07514,2024-01-05,C045,P005,R03,1990,492.41,979895.9,28,Delayed
SO07515,2023-07-11,C018,P001,R04,1041,298.08,310301.28,27,Delayed
SO07516,2023-09-13,C034,P006,R02,691,336.83,232749.53,11,Completed
SO07517,2023-04-19,C002,P006,R04,307,278.96,85640.72,16,Completed
SO07518,2024-06-03,C046,P005,R01,1586,307.98,488456.28,19,Completed
SO07519,2025-10-01,C021,P007,R01,441,316.79,139704.39,4,Completed
SO07520,2025-12-09,C048,P006,R04,1254,380.63,477310.02,8,Completed
SO07521,2023-08-13,C045,P003,R03,1291,490.98,633855.18,15,Completed
SO07522,2024-03-31,C012,P002,R01,167,207.28,34615.76,19,Completed
SO07523,2023-09-21,C002,P006,R04,378,124.74,47151.72,3,Completed
SO07524,2023-03-24,C047,P004,R04,1029,482.31,496296.99,14,Completed
SO07525,2025-10-10,C014,P007,R03,1636,114.4,187158.4,20,Completed
SO07526,2024-01-29,C017,P003,R03,656,408.53,267995.68,13,Completed
SO07527,2023-06-23,C028,P005,R04,58,116.98,6784.84,10,Completed
SO07528,2025-12-08,C023,P002,R04,1775,465.76,826724.0,26,Completed
SO07529,2023-01-16,C023,P001,R04,1850,200.44,370814.0,4,Completed
SO07530,2023-02-19,C034,P006,R02,1243,130.06,161664.58,4,Completed
SO07531,2024-10-22,C031,P004,R02,1628,158.29,257696.12,7,Completed
SO07532,2025-01-10,C016,P001,R03,1135,134.61,152782.35,28,Delayed
SO07533,2023-03-28,C030,P003,R02,1553,95.19,147830.07,6,Completed
SO07534,2023-07-29,C035,P001,R02,818,490.86,401523.48,21,Completed
SO07535,2024-12-06,C046,P005,R01,511,373.89,191057.79,21,Completed
SO07536,2025-12-10,C006,P006,R04,619,90.15,55802.85,7,Completed
SO07537,2024-12-22,C015,P006,R04,1852,475.01,879718.52,3,Completed
SO07538,2025-11-04,C041,P008,R02,1480,27.36,40492.8,7,Completed
SO07539,2024-02-07,C007,P007,R02,1778,234.33,416638.74,27,Delayed
SO07540,2023-02-15,C037,P008,R04,1020,272.22,277664.4,12,Completed
SO07541,2025-03-03,C008,P005,R04,657,415.36,272891.52,16,Completed
SO07542,2025-11-27,C029,P004,R02,74,454.76,33652.24,25,Completed
SO07543,2024-02-06,C028,P003,R04,590,36.37,21458.3,25,Completed
SO07544,2025-06-17,C010,P005,R04,1100,395.05,434555.0,23,Completed
SO07545,2023-01-06,C013,P003,R01,1643,277.49,455916.07,6,Completed
SO07546,2024-09-01,C002,P003,R04,1674,179.58,300616.92,28,Delayed
SO07547,2024-12-17,C013,P003,R01,636,450.45,286486.2,27,Delayed
SO07548,2025-11-27,C048,P005,R04,646,140.72,90905.12,22,Completed
SO07549,2024-06-23,C004,P001,R03,767,319.63,245156.21,28,Delayed
SO07550,2025-11-25,C037,P005,R04,1239,282.03,349435.17,28,Delayed
SO07551,2024-03-09,C042,P007,R04,828,357.14,295711.92,8,Completed
SO07552,2025-01-25,C038,P004,R02,125,361.21,45151.25,16,Completed
SO07553,2025-10-05,C042,P004,R04,1691,37.77,63869.07,12,Completed
SO07554,2024-08-03,C011,P003,R04,1870,238.48,445957.6,20,Completed
SO07555,2025-09-13,C035,P005,R02,888,194.75,172938.0,6,Completed
SO07556,2025-11-23,C018,P008,R04,159,198.44,31551.96,6,Completed
SO07557,2024-11-27,C026,P006,R04,695,75.31,52340.45,23,Completed
SO07558,2024-11-27,C040,P007,R01,1288,308.58,397451.04,7,Completed
SO07559,2025-06-02,C018,P002,R04,1517,223.21,338609.57,3,Completed
SO07560,2024-02-26,C019,P002,R04,1080,259.21,279946.8,28,Delayed
SO07561,2025-05-12,C007,P006,R02,764,125.02,95515.28,15,Completed
SO07562,2024-10-23,C015,P002,R04,616,192.36,118493.76,17,Completed
SO07563,2025-11-14,C019,P001,R04,766,55.18,42267.88,18,Completed
SO07564,2024-12-27,C026,P003,R04,1511,195.57,295506.27,22,Completed
SO07565,2025-03-14,C044,P003,R01,1676,497.88,834446.88,8,Completed
SO07566,2025-11-11,C021,P006,R01,1003,166.91,167410.73,29,Delayed
SO07567,2023-07-13,C014,P007,R03,119,458.59,54572.21,8,Completed
SO07568,2025-06-11,C016,P002,R03,1219,349.3,425796.7,5,Completed
SO07569,2024-05-25,C035,P005,R02,1464,187.95,275158.8,26,Completed
SO07570,2023-04-18,C022,P001,R02,51,476.84,24318.84,6,Completed
SO07571,2023-04-10,C035,P006,R02,66,423.37,27942.42,24,Completed
SO07572,2025-04-08,C021,P003,R01,907,469.07,425446.49,9,Completed
SO07573,2023-01-03,C040,P005,R01,1299,225.12,292430.88,8,Completed
SO07574,2024-10-23,C029,P001,R02,1318,418.59,551701.62,14,Completed
SO07575,2023-07-30,C018,P005,R04,615,495.63,304812.45,11,Completed
SO07576,2023-08-09,C046,P004,R01,661,489.81,323764.41,10,Completed
SO07577,2023-09-13,C004,P005,R03,1100,352.92,388212.0,23,Completed
SO07578,2023-01-23,C030,P003,R02,528,292.68,154535.04,22,Completed
SO07579,2023-02-22,C017,P005,R03,1865,481.63,898239.95,29,Delayed
SO07580,2024-02-21,C001,P008,R01,1555,163.78,254677.9,20,Completed
SO07581,2024-12-08,C027,P002,R03,1825,287.3,524322.5,5,Completed
SO07582,2024-05-16,C036,P005,R04,919,336.54,309280.26,5,Completed
SO07583,2024-09-13,C038,P001,R02,998,432.82,431954.36,28,Delayed
SO07584,2024-04-22,C037,P005,R04,1958,426.78,835635.24,5,Completed
SO07585,2025-11-05,C035,P002,R02,1912,128.95,246552.4,8,Completed
SO07586,2023-12-01,C015,P004,R04,375,185.74,69652.5,7,Completed
SO07587,2025-08-22,C003,P003,R03,334,259.22,86579.48,9,Completed
SO07588,2025-10-12,C022,P001,R02,661,46.67,30848.87,16,Completed
SO07589,2023-09-28,C004,P005,R03,1363,253.46,345465.98,18,Completed
SO07590,2024-10-28,C045,P007,R03,1366,34.66,47345.56,22,Completed
SO07591,2024-06-17,C013,P008,R01,374,437.67,163688.58,8,Completed
SO07592,2025-08-16,C024,P008,R02,894,393.03,351368.82,3,Completed
SO07593,2023-05-09,C016,P005,R03,926,203.44,188385.44,26,Completed
SO07594,2024-07-20,C005,P003,R04,176,329.59,58007.84,24,Completed
SO07595,2025-12-09,C047,P008,R04,339,405.16,137349.24,13,Completed
SO07596,2023-12-09,C008,P004,R04,1195,460.4,550178.0,10,Completed
SO07597,2025-08-29,C029,P001,R02,1591,439.41,699101.31,27,Delayed
SO07598,2023-09-10,C017,P006,R03,1537,372.24,572132.88,21,Completed
SO07599,2025-07-02,C041,P008,R02,597,424.96,253701.12,22,Completed
SO07600,2023-08-29,C003,P002,R03,1573,284.23,447093.79,12,Completed
SO07601,2024-01-31,C015,P008,R04,1833,396.5,726784.5,6,Completed
SO07602,2025-08-23,C003,P003,R03,1608,97.3,156458.4,3,Completed
SO07603,2024-05-27,C035,P004,R02,1958,44.49,87111.42,5,Completed
SO07604,2024-02-19,C013,P001,R01,1771,387.89,686953.19,4,Completed
SO07605,2025-06-15,C047,P002,R04,980,247.58,242628.4,21,Completed
SO07606,2024-06-13,C020,P008,R01,1870,335.94,628207.8,27,Delayed
SO07607,2024-07-29,C030,P003,R02,1741,93.83,163358.03,26,Completed
SO07608,2025-11-27,C013,P001,R01,1561,333.57,520702.77,11,Completed
SO07609,2023-05-16,C029,P006,R02,1806,344.86,622817.16,26,Completed
SO07610,2025-10-16,C033,P006,R02,1171,331.44,388116.24,11,Completed
SO07611,2023-06-11,C034,P004,R02,820,478.18,392107.6,21,Completed
SO07612,2025-05-26,C033,P008,R02,1089,72.81,79290.09,19,Completed
SO07613,2024-12-20,C001,P008,R01,1258,209.69,263790.02,27,Delayed
SO07614,2025-12-11,C018,P003,R04,282,92.29,26025.78,22,Completed
SO07615,2023-10-22,C034,P006,R02,1008,213.08,214784.64,21,Completed
SO07616,2024-10-15,C005,P001,R04,1977,364.22,720062.94,26,Completed
SO07617,2023-01-24,C013,P008,R01,881,42.83,37733.23,5,Completed
SO07618,2024-07-11,C047,P003,R04,1557,60.45,94120.65,22,Completed
SO07619,2025-05-18,C032,P002,R02,1951,339.05,661486.55,24,Completed
SO07620,2025-02-18,C017,P002,R03,1321,222.4,293790.4,21,Completed
SO07621,2023-03-09,C025,P006,R01,86,224.31,19290.66,17,Completed
SO07622,2023-07-21,C043,P001,R04,528,374.86,197926.08,18,Completed
SO07623,2024-02-10,C024,P002,R02,733,112.66,82579.78,17,Completed
SO07624,2025-04-15,C032,P001,R02,1127,369.99,416978.73,28,Delayed
SO07625,2024-09-05,C046,P002,R01,1036,164.95,170888.2,10,Completed
SO07626,2024-09-15,C022,P003,R02,724,133.38,96567.12,4,Completed
SO07627,2025-02-08,C035,P004,R02,1176,265.14,311804.64,14,Completed
SO07628,2023-07-11,C020,P005,R01,228,177.38,40442.64,5,Completed
SO07629,2023-02-28,C033,P008,R02,1678,50.87,85359.86,6,Completed
SO07630,2025-06-18,C047,P004,R04,1372,150.03,205841.16,5,Completed
SO07631,2024-02-05,C049,P003,R03,1151,458.39,527606.89,27,Delayed
SO07632,2024-05-01,C004,P008,R03,837,190.6,159532.2,5,Completed
SO07633,2025-07-30,C022,P002,R02,148,377.63,55889.24,17,Completed
SO07634,2025-03-08,C023,P008,R04,132,219.05,28914.6,23,Completed
SO07635,2025-10-07,C002,P003,R04,1869,427.04,798137.76,17,Completed
SO07636,2023-08-31,C047,P001,R04,1464,27.39,40098.96,13,Completed
SO07637,2024-10-23,C007,P001,R02,1541,117.64,181283.24,21,Completed
SO07638,2024-06-26,C018,P002,R04,1017,327.79,333362.43,24,Completed
SO07639,2024-03-07,C002,P003,R04,468,288.31,134929.08,17,Completed
SO07640,2023-12-06,C046,P001,R01,1923,442.46,850850.58,4,Completed
SO07641,2023-07-28,C038,P001,R02,854,146.47,125085.38,13,Completed
SO07642,2023-12-16,C031,P003,R02,192,93.67,17984.64,28,Delayed
SO07643,2023-12-04,C015,P007,R04,433,160.85,69648.05,4,Completed
SO07644,2024-10-10,C035,P001,R02,963,135.41,130399.83,23,Completed
SO07645,2025-10-24,C045,P003,R03,1093,240.79,263183.47,6,Completed
SO07646,2023-05-16,C031,P003,R02,485,36.9,17896.5,9,Completed
SO07647,2023-04-30,C030,P002,R02,737,181.69,133905.53,23,Completed
SO07648,2023-09-17,C005,P004,R04,900,334.65,301185.0,19,Completed
SO07649,2023-03-07,C015,P005,R04,1732,167.78,290594.96,28,Delayed
SO07650,2023-10-07,C035,P002,R02,860,345.83,297413.8,24,Completed
SO07651,2024-02-17,C026,P003,R04,1970,80.97,159510.9,23,Completed
SO07652,2023-09-26,C020,P008,R01,1758,471.44,828791.52,23,Completed
SO07653,2024-07-14,C031,P004,R02,902,482.91,435584.82,19,Completed
SO07654,2023-12-14,C022,P003,R02,1557,397.25,618518.25,17,Completed
SO07655,2025-07-02,C024,P004,R02,557,104.81,58379.17,22,Completed
SO07656,2024-08-28,C009,P008,R02,809,24.85,20103.65,25,Completed
SO07657,2025-05-12,C040,P001,R01,630,96.25,60637.5,10,Completed
SO07658,2025-04-16,C021,P001,R01,821,268.56,220487.76,29,Delayed
SO07659,2023-08-19,C019,P005,R04,889,142.8,126949.2,29,Delayed
SO07660,2023-12-13,C030,P002,R02,764,458.04,349942.56,18,Completed
SO07661,2023-06-05,C015,P006,R04,533,100.89,53774.37,24,Completed
SO07662,2025-10-20,C022,P005,R02,588,310.2,182397.6,14,Completed
SO07663,2025-12-18,C038,P005,R02,519,169.13,87778.47,5,Completed
SO07664,2025-10-25,C045,P002,R03,101,171.33,17304.33,27,Delayed
SO07665,2024-03-23,C050,P008,R04,1464,256.48,375486.72,5,Completed
SO07666,2024-12-31,C028,P002,R04,1418,258.26,366212.68,13,Completed
SO07667,2023-08-02,C038,P008,R02,1917,233.3,447236.1,7,Completed
SO07668,2025-09-07,C012,P001,R01,750,449.54,337155.0,18,Completed
SO07669,2024-12-18,C048,P001,R04,690,280.4,193476.0,22,Completed
SO07670,2024-08-15,C045,P005,R03,780,373.74,291517.2,25,Completed
SO07671,2025-04-14,C009,P005,R02,1522,467.44,711443.68,25,Completed
SO07672,2024-06-15,C036,P001,R04,297,336.12,99827.64,7,Completed
SO07673,2023-09-17,C044,P005,R01,1461,96.73,141322.53,8,Completed
SO07674,2023-10-22,C046,P008,R01,1775,398.86,707976.5,5,Completed
SO07675,2025-02-18,C016,P003,R03,771,368.68,284252.28,10,Completed
SO07676,2025-02-08,C006,P001,R04,169,439.59,74290.71,27,Delayed
SO07677,2023-12-16,C002,P006,R04,1552,137.89,214005.28,11,Completed
SO07678,2025-08-03,C028,P007,R04,926,495.1,458462.6,19,Completed
SO07679,2025-06-25,C035,P001,R02,1242,74.37,92367.54,6,Completed
SO07680,2023-03-11,C046,P005,R01,1851,246.84,456900.84,23,Completed
SO07681,2024-03-02,C010,P006,R04,1565,35.42,55432.3,26,Completed
SO07682,2024-07-01,C008,P005,R04,1919,131.96,253231.24,6,Completed
SO07683,2023-07-31,C036,P003,R04,1351,407.71,550816.21,16,Completed
SO07684,2025-02-01,C043,P005,R04,224,477.63,106989.12,8,Completed
SO07685,2024-10-08,C025,P002,R01,1019,382.68,389950.92,28,Delayed
SO07686,2025-11-07,C009,P005,R02,1253,159.6,199978.8,20,Completed
SO07687,2023-11-16,C032,P002,R02,294,60.12,17675.28,26,Completed
SO07688,2023-06-06,C025,P005,R01,1785,156.27,278941.95,15,Completed
SO07689,2023-07-28,C030,P003,R02,1432,336.87,482397.84,19,Completed
SO07690,2023-05-19,C002,P001,R04,236,379.27,89507.72,24,Completed
SO07691,2024-05-08,C033,P007,R02,836,280.88,234815.68,24,Completed
SO07692,2024-10-10,C020,P006,R01,1698,119.39,202724.22,13,Completed
SO07693,2025-04-18,C029,P006,R02,233,76.96,17931.68,15,Completed
SO07694,2024-07-18,C008,P002,R04,245,272.36,66728.2,13,Completed
SO07695,2024-01-21,C016,P006,R03,1470,320.23,470738.1,6,Completed
SO07696,2024-04-03,C017,P008,R03,1778,446.89,794570.42,24,Completed
SO07697,2023-09-03,C023,P005,R04,263,87.6,23038.8,15,Completed
SO07698,2024-08-02,C022,P007,R02,1347,53.3,71795.1,17,Completed
SO07699,2025-12-16,C033,P008,R02,737,440.61,324729.57,10,Completed
SO07700,2024-05-01,C008,P004,R04,104,496.14,51598.56,28,Delayed
SO07701,2025-08-10,C001,P005,R01,1632,490.73,800871.36,21,Completed
SO07702,2023-12-10,C016,P008,R03,1975,189.66,374578.5,24,Completed
SO07703,2023-11-04,C026,P002,R04,1411,228.85,322907.35,14,Completed
SO07704,2023-01-06,C024,P007,R02,450,424.27,190921.5,6,Completed
SO07705,2023-10-05,C038,P008,R02,180,411.69,74104.2,5,Completed
SO07706,2023-11-05,C033,P006,R02,163,348.57,56816.91,28,Delayed
SO07707,2025-05-09,C015,P007,R04,704,349.74,246216.96,6,Completed
SO07708,2025-06-10,C020,P008,R01,989,61.17,60497.13,9,Completed
SO07709,2023-08-10,C009,P004,R02,1447,275.32,398388.04,28,Delayed
SO07710,2024-01-23,C035,P008,R02,1369,170.66,233633.54,14,Completed
SO07711,2025-01-14,C035,P003,R02,1397,50.27,70227.19,24,Completed
SO07712,2023-02-07,C014,P001,R03,1889,253.37,478615.93,25,Completed
SO07713,2024-12-24,C024,P003,R02,1339,277.72,371867.08,19,Completed
SO07714,2025-04-24,C042,P003,R04,328,115.87,38005.36,24,Completed
SO07715,2023-04-11,C018,P004,R04,1448,286.98,415547.04,18,Completed
SO07716,2023-10-10,C027,P001,R03,932,40.41,37662.12,14,Completed
SO07717,2023-06-14,C020,P001,R01,1830,486.34,890002.2,21,Completed
SO07718,2025-10-24,C045,P001,R03,230,370.13,85129.9,9,Completed
SO07719,2024-04-08,C030,P003,R02,423,55.13,23319.99,27,Delayed
SO07720,2025-04-25,C041,P008,R02,1154,101.34,116946.36,5,Completed
SO07721,2025-10-02,C021,P002,R01,418,114.44,47835.92,6,Completed
SO07722,2025-03-29,C007,P008,R02,1849,248.45,459384.05,4,Completed
SO07723,2025-12-31,C049,P003,R03,1706,108.26,184691.56,8,Completed
SO07724,2023-04-27,C005,P008,R04,724,306.08,221601.92,18,Completed
SO07725,2024-05-03,C001,P001,R01,267,42.51,11350.17,17,Completed
SO07726,2023-04-24,C024,P007,R02,1357,74.29,100811.53,13,Completed
SO07727,2024-10-12,C006,P001,R04,412,276.17,113782.04,8,Completed
SO07728,2023-02-04,C023,P002,R04,566,129.8,73466.8,11,Completed
SO07729,2024-03-03,C028,P005,R04,1903,242.85,462143.55,8,Completed
SO07730,2024-09-18,C043,P008,R04,1756,325.84,572175.04,4,Completed
SO07731,2024-05-29,C010,P002,R04,539,22.8,12289.2,22,Completed
SO07732,2024-07-27,C002,P006,R04,351,121.5,42646.5,25,Completed
SO07733,2025-05-15,C003,P005,R03,1046,446.84,467394.64,12,Completed
SO07734,2023-06-07,C027,P004,R03,870,57.04,49624.8,8,Completed
SO07735,2023-11-11,C013,P005,R01,916,344.45,315516.2,24,Completed
SO07736,2025-05-01,C011,P002,R04,289,223.27,64525.03,28,Delayed
SO07737,2023-11-30,C014,P003,R03,1601,25.76,41241.76,21,Completed
SO07738,2024-07-30,C025,P003,R01,1514,169.51,256638.14,7,Completed
SO07739,2024-04-13,C034,P008,R02,1243,75.36,93672.48,13,Completed
SO07740,2023-11-30,C005,P008,R04,1605,277.64,445612.2,12,Completed
SO07741,2025-03-09,C001,P005,R01,1285,451.8,580563.0,6,Completed
SO07742,2023-12-18,C038,P004,R02,434,73.43,31868.62,7,Completed
SO07743,2023-02-19,C003,P003,R03,381,65.37,24905.97,17,Completed
SO07744,2024-09-29,C012,P008,R01,1046,122.05,127664.3,9,Completed
SO07745,2023-05-07,C011,P001,R04,1118,103.02,115176.36,13,Completed
SO07746,2023-10-14,C008,P007,R04,1299,300.8,390739.2,16,Completed
SO07747,2024-11-24,C001,P007,R01,1530,373.62,571638.6,13,Completed
SO07748,2025-01-08,C024,P004,R02,1237,443.46,548560.02,24,Completed
SO07749,2025-02-13,C016,P004,R03,1267,203.42,257733.14,7,Completed
SO07750,2023-02-08,C025,P004,R01,900,158.39,142551.0,10,Completed
SO07751,2024-10-15,C009,P008,R02,1398,30.42,42527.16,22,Completed
SO07752,2025-07-16,C033,P001,R02,969,287.05,278151.45,15,Completed
SO07753,2024-03-29,C007,P008,R02,821,118.93,97641.53,10,Completed
SO07754,2023-04-29,C016,P003,R03,389,150.38,58497.82,15,Completed
SO07755,2024-10-14,C044,P008,R01,391,332.89,130159.99,11,Completed
SO07756,2025-10-08,C031,P003,R02,1488,207.21,308328.48,20,Completed
SO07757,2023-09-19,C028,P003,R04,1180,122.75,144845.0,28,Delayed
SO07758,2025-09-05,C049,P005,R03,177,402.5,71242.5,21,Completed
SO07759,2024-10-30,C011,P006,R04,1952,195.81,382221.12,11,Completed
SO07760,2025-08-15,C017,P008,R03,1443,39.67,57243.81,24,Completed
SO07761,2025-08-14,C029,P003,R02,1134,344.5,390663.0,28,Delayed
SO07762,2024-03-07,C050,P005,R04,366,403.94,147842.04,19,Completed
SO07763,2025-10-31,C021,P007,R01,1767,117.48,207587.16,18,Completed
SO07764,2023-03-19,C034,P002,R02,1291,39.31,50749.21,23,Completed
SO07765,2023-03-01,C038,P007,R02,1700,344.3,585310.0,25,Completed
SO07766,2024-10-22,C024,P008,R02,68,494.39,33618.52,27,Delayed
SO07767,2023-04-03,C011,P008,R04,1865,368.39,687047.35,9,Completed
SO07768,2023-05-19,C012,P008,R01,640,416.39,266489.6,9,Completed
SO07769,2023-05-30,C044,P003,R01,1229,248.37,305246.73,6,Completed
SO07770,2024-10-16,C037,P001,R04,1094,456.47,499378.18,26,Completed
SO07771,2025-04-14,C037,P003,R04,590,125.45,74015.5,23,Completed
SO07772,2023-11-03,C005,P007,R04,576,57.56,33154.56,17,Completed
SO07773,2023-02-27,C043,P001,R04,1928,68.26,131605.28,26,Completed
SO07774,2024-02-26,C002,P003,R04,409,337.01,137837.09,4,Completed
SO07775,2024-12-13,C035,P003,R02,744,460.5,342612.0,18,Completed
SO07776,2023-06-23,C006,P004,R04,205,324.46,66514.3,13,Completed
SO07777,2023-01-06,C014,P007,R03,1402,459.0,643518.0,5,Completed
SO07778,2025-11-25,C029,P001,R02,212,250.19,53040.28,6,Completed
SO07779,2023-09-20,C014,P002,R03,1566,76.54,119861.64,26,Completed
SO07780,2024-06-08,C037,P006,R04,1240,442.99,549307.6,26,Completed
SO07781,2023-03-13,C003,P004,R03,1614,45.56,73533.84,25,Completed
SO07782,2025-09-29,C029,P008,R02,153,323.27,49460.31,25,Completed
SO07783,2024-02-13,C037,P006,R04,456,454.0,207024.0,28,Delayed
SO07784,2025-04-11,C005,P001,R04,1686,245.35,413660.1,29,Delayed
SO07785,2025-02-14,C050,P007,R04,379,359.31,136178.49,29,Delayed
SO07786,2024-10-11,C023,P003,R04,1908,390.92,745875.36,16,Completed
SO07787,2025-04-16,C032,P003,R02,1065,30.99,33004.35,19,Completed
SO07788,2025-12-29,C004,P001,R03,1801,322.79,581344.79,4,Completed
SO07789,2024-01-21,C034,P001,R02,607,187.53,113830.71,6,Completed
SO07790,2024-08-21,C038,P002,R02,154,43.81,6746.74,18,Completed
SO07791,2025-04-22,C042,P007,R04,1934,311.65,602731.1,24,Completed
SO07792,2023-08-28,C048,P003,R04,1258,236.78,297869.24,27,Delayed
SO07793,2023-01-17,C031,P002,R02,452,387.6,175195.2,26,Completed
SO07794,2023-02-25,C036,P008,R04,1982,236.73,469198.86,25,Completed
SO07795,2024-03-26,C038,P003,R02,801,127.49,102119.49,15,Completed
SO07796,2025-05-30,C011,P003,R04,1238,98.52,121967.76,28,Delayed
SO07797,2025-06-24,C015,P006,R04,920,238.98,219861.6,13,Completed
SO07798,2025-02-16,C030,P006,R02,269,70.78,19039.82,27,Delayed
SO07799,2024-08-18,C046,P008,R01,113,337.05,38086.65,28,Delayed
SO07800,2025-01-20,C002,P002,R04,1352,46.26,62543.52,23,Completed
SO07801,2023-10-04,C030,P004,R02,1165,441.0,513765.0,23,Completed
SO07802,2024-05-21,C024,P002,R02,1423,179.59,255556.57,5,Completed
SO07803,2024-09-19,C005,P004,R04,89,132.09,11756.01,28,Delayed
SO07804,2025-06-02,C036,P003,R04,1902,394.18,749730.36,5,Completed
SO07805,2023-06-28,C027,P004,R03,917,145.65,133561.05,17,Completed
SO07806,2025-03-31,C044,P003,R01,329,328.85,108191.65,25,Completed
SO07807,2025-10-11,C043,P002,R04,604,254.18,153524.72,17,Completed
SO07808,2024-10-19,C012,P007,R01,927,461.21,427541.67,26,Completed
SO07809,2023-02-22,C026,P004,R04,874,240.76,210424.24,7,Completed
SO07810,2023-12-28,C017,P001,R03,710,140.82,99982.2,17,Completed
SO07811,2023-05-08,C008,P008,R04,330,41.01,13533.3,27,Delayed
SO07812,2024-06-20,C050,P008,R04,762,342.61,261068.82,3,Completed
SO07813,2025-10-30,C034,P001,R02,1790,138.78,248416.2,11,Completed
SO07814,2025-11-14,C023,P003,R04,1206,342.22,412717.32,25,Completed
SO07815,2024-07-20,C006,P007,R04,1171,170.59,199760.89,20,Completed
SO07816,2024-02-20,C022,P001,R02,84,322.64,27101.76,12,Completed
SO07817,2023-06-10,C030,P005,R02,1446,487.9,705503.4,7,Completed
SO07818,2024-05-17,C036,P006,R04,942,299.11,281761.62,26,Completed
SO07819,2024-08-17,C028,P003,R04,326,199.65,65085.9,10,Completed
SO07820,2024-06-08,C032,P001,R02,1380,291.65,402477.0,12,Completed
SO07821,2025-05-13,C044,P004,R01,1997,378.76,756383.72,19,Completed
SO07822,2025-06-26,C044,P003,R01,1057,53.36,56401.52,4,Completed
SO07823,2023-11-22,C048,P007,R04,1363,420.3,572868.9,18,Completed
SO07824,2023-08-29,C006,P007,R04,457,286.46,130912.22,18,Completed
SO07825,2025-03-20,C006,P005,R04,897,196.45,176215.65,6,Completed
SO07826,2025-10-07,C026,P006,R04,1215,21.08,25612.2,19,Completed
SO07827,2023-02-16,C025,P007,R01,752,253.89,190925.28,18,Completed
SO07828,2025-05-31,C007,P008,R02,1443,287.79,415280.97,26,Completed
SO07829,2025-12-28,C035,P002,R02,695,477.32,331737.4,22,Completed
SO07830,2024-10-24,C017,P004,R03,743,21.61,16056.23,21,Completed
SO07831,2023-06-14,C045,P007,R03,749,312.62,234152.38,23,Completed
SO07832,2025-10-21,C011,P001,R04,1273,238.28,303330.44,17,Completed
SO07833,2025-03-08,C045,P001,R03,635,104.41,66300.35,19,Completed
SO07834,2025-12-11,C022,P002,R02,55,161.71,8894.05,3,Completed
SO07835,2023-02-06,C015,P006,R04,1320,165.65,218658.0,16,Completed
SO07836,2024-09-07,C038,P001,R02,412,188.09,77493.08,14,Completed
SO07837,2025-11-09,C008,P003,R04,483,286.17,138220.11,25,Completed
SO07838,2024-07-15,C012,P003,R01,942,263.37,248094.54,12,Completed
SO07839,2025-10-24,C041,P001,R02,1944,184.25,358182.0,22,Completed
SO07840,2024-11-03,C045,P003,R03,87,412.05,35848.35,23,Completed
SO07841,2025-11-19,C001,P007,R01,1987,86.34,171557.58,18,Completed
SO07842,2025-01-31,C042,P006,R04,1634,162.03,264757.02,9,Completed
SO07843,2023-06-19,C035,P008,R02,1929,265.41,511975.89,25,Completed
SO07844,2023-04-24,C043,P002,R04,825,43.48,35871.0,16,Completed
SO07845,2023-01-21,C032,P008,R02,696,128.84,89672.64,25,Completed
SO07846,2023-12-17,C013,P006,R01,1789,154.96,277223.44,14,Completed
SO07847,2024-07-14,C027,P005,R03,568,239.86,136240.48,26,Completed
SO07848,2024-06-18,C033,P002,R02,214,88.06,18844.84,22,Completed
SO07849,2025-08-29,C031,P008,R02,1706,176.38,300904.28,7,Completed
SO07850,2024-10-08,C040,P002,R01,517,243.64,125961.88,22,Completed
SO07851,2024-09-10,C030,P007,R02,509,473.79,241159.11,23,Completed
SO07852,2025-11-06,C031,P008,R02,577,195.95,113063.15,6,Completed
SO07853,2025-07-12,C034,P003,R02,726,457.7,332290.2,29,Delayed
SO07854,2024-02-22,C038,P007,R02,308,467.03,143845.24,12,Completed
SO07855,2023-05-17,C009,P003,R02,102,92.48,9432.96,19,Completed
SO07856,2025-07-12,C049,P004,R03,259,315.08,81605.72,13,Completed
SO07857,2024-01-13,C003,P002,R03,386,225.02,86857.72,19,Completed
SO07858,2023-06-03,C006,P007,R04,1172,190.88,223711.36,13,Completed
SO07859,2025-01-05,C039,P008,R01,991,47.09,46666.19,6,Completed
SO07860,2023-11-06,C049,P003,R03,291,391.81,114016.71,5,Completed
SO07861,2024-07-06,C049,P002,R03,363,361.63,131271.69,21,Completed
SO07862,2023-10-21,C037,P007,R04,120,44.67,5360.4,15,Completed
SO07863,2024-06-13,C015,P008,R04,944,431.04,406901.76,7,Completed
SO07864,2024-04-18,C017,P003,R03,1456,321.29,467798.24,11,Completed
SO07865,2025-11-27,C030,P007,R02,62,463.6,28743.2,19,Completed
SO07866,2025-05-29,C031,P002,R02,620,277.56,172087.2,4,Completed
SO07867,2023-03-14,C010,P002,R04,1646,134.35,221140.1,9,Completed
SO07868,2025-07-01,C008,P002,R04,1341,309.69,415294.29,3,Completed
SO07869,2023-01-15,C014,P008,R03,1250,191.52,239400.0,7,Completed
SO07870,2024-08-06,C041,P002,R02,1174,491.06,576504.44,19,Completed
SO07871,2025-04-28,C031,P005,R02,852,26.2,22322.4,22,Completed
SO07872,2025-02-06,C029,P006,R02,112,493.88,55314.56,19,Completed
SO07873,2023-11-24,C050,P001,R04,544,105.68,57489.92,9,Completed
SO07874,2024-08-27,C023,P005,R04,380,493.54,187545.2,10,Completed
SO07875,2025-11-27,C044,P005,R01,894,494.17,441787.98,15,Completed
SO07876,2025-02-28,C046,P004,R01,445,441.06,196271.7,24,Completed
SO07877,2025-09-18,C030,P003,R02,999,142.74,142597.26,23,Completed
SO07878,2023-11-14,C036,P006,R04,899,26.32,23661.68,9,Completed
SO07879,2025-04-23,C011,P008,R04,322,330.78,106511.16,7,Completed
SO07880,2023-04-15,C029,P007,R02,1653,146.36,241933.08,13,Completed
SO07881,2023-09-20,C032,P005,R02,237,61.05,14468.85,12,Completed
SO07882,2023-12-22,C042,P004,R04,621,480.38,298315.98,27,Delayed
SO07883,2025-05-23,C032,P001,R02,1330,444.7,591451.0,13,Completed
SO07884,2024-09-11,C048,P005,R04,1381,498.34,688207.54,28,Delayed
SO07885,2024-12-17,C033,P005,R02,1020,290.39,296197.8,21,Completed
SO07886,2024-10-11,C019,P006,R04,1997,419.77,838280.69,13,Completed
SO07887,2025-11-21,C028,P003,R04,368,45.12,16604.16,7,Completed
SO07888,2024-09-10,C001,P002,R01,775,443.3,343557.5,22,Completed
SO07889,2025-06-11,C049,P007,R03,302,324.03,97857.06,19,Completed
SO07890,2024-10-02,C004,P003,R03,1784,259.46,462876.64,21,Completed
SO07891,2024-10-10,C003,P002,R03,1800,391.04,703872.0,26,Completed
SO07892,2024-08-02,C041,P002,R02,1444,59.79,86336.76,17,Completed
SO07893,2025-03-15,C030,P005,R02,932,246.44,229682.08,20,Completed
SO07894,2025-05-25,C016,P003,R03,1652,419.12,692386.24,5,Completed
SO07895,2024-11-26,C038,P006,R02,1217,304.74,370868.58,12,Completed
SO07896,2025-12-21,C018,P001,R04,1184,244.56,289559.04,15,Completed
SO07897,2023-05-04,C029,P008,R02,1823,331.79,604853.17,16,Completed
SO07898,2025-02-21,C035,P006,R02,216,51.27,11074.32,25,Completed
SO07899,2025-10-23,C024,P002,R02,1492,373.58,557381.36,10,Completed
SO07900,2025-01-15,C031,P004,R02,611,406.57,248414.27,26,Completed
SO07901,2023-08-28,C034,P007,R02,1585,324.8,514808.0,24,Completed
SO07902,2025-11-06,C001,P002,R01,1651,213.12,351861.12,13,Completed
SO07903,2023-06-06,C008,P008,R04,736,270.64,199191.04,20,Completed
SO07904,2025-07-03,C002,P002,R04,645,291.01,187701.45,10,Completed
SO07905,2025-02-07,C046,P004,R01,1759,426.26,749791.34,10,Completed
SO07906,2024-01-28,C033,P004,R02,1304,366.82,478333.28,18,Completed
SO07907,2024-06-17,C039,P002,R01,815,251.95,205339.25,21,Completed
SO07908,2024-04-14,C018,P002,R04,98,474.94,46544.12,13,Completed
SO07909,2025-03-21,C045,P002,R03,1943,150.87,293140.41,20,Completed
SO07910,2024-05-21,C036,P004,R04,470,459.76,216087.2,20,Completed
SO07911,2023-04-10,C024,P002,R02,699,166.54,116411.46,10,Completed
SO07912,2025-08-31,C021,P004,R01,1386,397.99,551614.14,28,Delayed
SO07913,2024-02-15,C008,P002,R04,1755,214.48,376412.4,12,Completed
SO07914,2025-10-15,C039,P004,R01,1262,108.28,136649.36,25,Completed
SO07915,2024-11-18,C033,P003,R02,550,263.83,145106.5,14,Completed
SO07916,2023-07-26,C002,P007,R04,1205,413.12,497809.6,19,Completed
SO07917,2025-11-30,C031,P001,R02,1591,255.9,407136.9,18,Completed
SO07918,2023-10-24,C046,P004,R01,1314,295.89,388799.46,22,Completed
SO07919,2024-02-01,C046,P004,R01,1559,401.04,625221.36,18,Completed
SO07920,2023-01-13,C031,P004,R02,1462,147.06,215001.72,19,Completed
SO07921,2023-05-26,C033,P001,R02,1882,431.57,812214.74,6,Completed
SO07922,2025-03-16,C027,P005,R03,1849,435.51,805257.99,20,Completed
SO07923,2025-08-09,C032,P002,R02,1930,261.12,503961.6,29,Delayed
SO07924,2025-12-19,C018,P007,R04,824,123.98,102159.52,18,Completed
SO07925,2024-04-07,C032,P001,R02,1209,218.5,264166.5,6,Completed
SO07926,2025-10-01,C036,P007,R04,304,111.52,33902.08,7,Completed
SO07927,2024-03-25,C045,P006,R03,439,354.62,155678.18,29,Delayed
SO07928,2025-04-23,C010,P002,R04,503,30.68,15432.04,4,Completed
SO07929,2025-05-05,C019,P002,R04,1060,366.02,387981.2,21,Completed
SO07930,2024-02-05,C005,P007,R04,1731,53.17,92037.27,11,Completed
SO07931,2023-10-05,C036,P002,R04,398,172.81,68778.38,19,Completed
SO07932,2023-12-29,C005,P005,R04,298,156.84,46738.32,24,Completed
SO07933,2024-11-29,C023,P001,R04,388,281.59,109256.92,18,Completed
SO07934,2025-11-23,C023,P006,R04,1002,145.31,145600.62,26,Completed
SO07935,2024-10-04,C043,P007,R04,1891,418.71,791780.61,8,Completed
SO07936,2024-07-26,C002,P005,R04,1630,166.33,271117.9,25,Completed
SO07937,2023-04-06,C047,P006,R04,441,54.32,23955.12,10,Completed
SO07938,2025-07-04,C050,P008,R04,1366,237.24,324069.84,7,Completed
SO07939,2023-11-27,C002,P002,R04,416,476.52,198232.32,24,Completed
SO07940,2023-04-09,C003,P001,R03,222,250.98,55717.56,5,Completed
SO07941,2023-02-05,C023,P001,R04,1154,49.7,57353.8,17,Completed
SO07942,2023-04-14,C018,P001,R04,1521,26.08,39667.68,15,Completed
SO07943,2025-03-06,C026,P004,R04,565,318.79,180116.35,10,Completed
SO07944,2024-09-08,C023,P007,R04,435,327.45,142440.75,15,Completed
SO07945,2023-09-13,C044,P008,R01,1747,231.36,404185.92,8,Completed
SO07946,2023-06-02,C047,P004,R04,459,430.66,197672.94,18,Completed
SO07947,2023-08-25,C021,P004,R01,391,344.48,134691.68,15,Completed
SO07948,2024-12-31,C030,P005,R02,1960,402.59,789076.4,22,Completed
SO07949,2024-08-24,C049,P001,R03,1872,399.74,748313.28,26,Completed
SO07950,2025-01-29,C040,P007,R01,161,22.87,3682.07,25,Completed
SO07951,2024-01-04,C016,P003,R03,710,345.76,245489.6,27,Delayed
SO07952,2024-06-06,C014,P007,R03,898,290.74,261084.52,15,Completed
SO07953,2023-09-10,C014,P002,R03,64,224.87,14391.68,27,Delayed
SO07954,2025-08-13,C003,P002,R03,1624,301.99,490431.76,11,Completed
SO07955,2025-07-25,C019,P003,R04,1025,128.54,131753.5,5,Completed
SO07956,2023-05-18,C016,P001,R03,1038,301.59,313050.42,6,Completed
SO07957,2025-08-23,C017,P002,R03,1669,386.34,644801.46,11,Completed
SO07958,2025-07-17,C012,P004,R01,1833,83.38,152835.54,4,Completed
SO07959,2024-08-12,C027,P008,R03,526,115.68,60847.68,29,Delayed
SO07960,2024-09-13,C035,P008,R02,947,432.61,409681.67,8,Completed
SO07961,2024-12-01,C005,P004,R04,830,413.1,342873.0,17,Completed
SO07962,2024-03-24,C049,P002,R03,1873,203.46,381080.58,10,Completed
SO07963,2023-04-30,C021,P004,R01,151,214.81,32436.31,4,Completed
SO07964,2025-02-27,C003,P005,R03,883,470.28,415257.24,11,Completed
SO07965,2025-01-01,C038,P005,R02,1721,247.74,426360.54,27,Delayed
SO07966,2024-10-08,C030,P002,R02,972,216.14,210088.08,22,Completed
SO07967,2024-06-11,C050,P003,R04,1949,227.96,444294.04,26,Completed
SO07968,2025-07-29,C002,P005,R04,1576,464.08,731390.08,8,Completed
SO07969,2024-03-14,C009,P002,R02,1126,325.88,366940.88,21,Completed
SO07970,2024-05-28,C011,P003,R04,806,340.25,274241.5,14,Completed
SO07971,2024-11-19,C024,P002,R02,815,369.7,301305.5,11,Completed
SO07972,2023-05-21,C004,P002,R03,226,431.46,97509.96,24,Completed
SO07973,2024-08-02,C038,P001,R02,922,80.95,74635.9,25,Completed
SO07974,2023-03-06,C002,P004,R04,1500,131.72,197580.0,20,Completed
SO07975,2025-07-20,C006,P008,R04,1338,298.44,399312.72,21,Completed
SO07976,2024-03-29,C038,P006,R02,1381,40.13,55419.53,16,Completed
SO07977,2024-12-14,C002,P002,R04,1152,39.37,45354.24,10,Completed
SO07978,2023-10-12,C030,P004,R02,378,352.82,133365.96,19,Completed
SO07979,2024-09-05,C008,P001,R04,1802,428.71,772535.42,5,Completed
SO07980,2025-12-16,C023,P003,R04,1839,196.26,360922.14,9,Completed
SO07981,2023-03-20,C009,P003,R02,477,129.63,61833.51,5,Completed
SO07982,2025-09-06,C030,P003,R02,1751,161.24,282331.24,4,Completed
SO07983,2025-08-25,C012,P005,R01,1348,109.23,147242.04,11,Completed
SO07984,2024-11-02,C047,P006,R04,1383,284.57,393560.31,6,Completed
SO07985,2023-01-24,C048,P004,R04,796,111.36,88642.56,29,Delayed
SO07986,2024-09-07,C040,P008,R01,627,378.8,237507.6,9,Completed
SO07987,2025-09-28,C008,P006,R04,849,257.42,218549.58,14,Completed
SO07988,2025-06-14,C044,P003,R01,1862,181.15,337301.3,6,Completed
SO07989,2024-06-06,C033,P006,R02,505,455.63,230093.15,27,Delayed
SO07990,2023-12-18,C011,P005,R04,847,104.69,88672.43,12,Completed
SO07991,2024-10-21,C039,P001,R01,1363,215.35,293522.05,24,Completed
SO07992,2023-06-15,C017,P002,R03,1995,112.82,225075.9,4,Completed
SO07993,2023-11-24,C027,P008,R03,1448,402.39,582660.72,17,Completed
SO07994,2023-04-27,C042,P006,R04,1275,408.55,520901.25,25,Completed
SO07995,2025-05-22,C003,P003,R03,1675,84.76,141973.0,20,Completed
SO07996,2025-12-23,C021,P008,R01,423,276.57,116989.11,19,Completed
SO07997,2024-02-06,C024,P008,R02,1119,308.12,344786.28,17,Completed
SO07998,2023-05-30,C016,P004,R03,1581,135.64,214446.84,20,Completed
SO07999,2025-07-29,C001,P008,R01,553,393.42,217561.26,8,Completed
SO08000,2023-03-27,C039,P007,R01,424,287.5,121900.0,18,Completed
SO08001,2023-12-18,C031,P001,R02,1543,85.51,131941.93,27,Delayed
SO08002,2025-01-01,C037,P007,R04,774,265.18,205249.32,25,Completed
SO08003,2024-11-21,C002,P008,R04,618,32.71,20214.78,25,Completed
SO08004,2024-01-27,C013,P004,R01,846,387.29,327647.34,26,Completed
SO08005,2025-03-06,C010,P008,R04,1428,461.94,659650.32,22,Completed
SO08006,2023-08-20,C018,P004,R04,326,462.89,150902.14,7,Completed
SO08007,2024-01-06,C018,P003,R04,793,337.37,267534.41,12,Completed
SO08008,2024-07-24,C010,P005,R04,1671,415.3,693966.3,6,Completed
SO08009,2023-01-13,C049,P008,R03,1549,128.3,198736.7,19,Completed
SO08010,2025-07-31,C019,P005,R04,1690,310.12,524102.8,4,Completed
SO08011,2023-03-28,C001,P007,R01,182,427.49,77803.18,3,Completed
SO08012,2024-01-24,C030,P005,R02,660,359.21,237078.6,6,Completed
SO08013,2023-03-11,C014,P004,R03,484,422.52,204499.68,16,Completed
SO08014,2023-09-08,C004,P001,R03,593,175.84,104273.12,12,Completed
SO08015,2024-11-02,C046,P003,R01,1574,124.1,195333.4,17,Completed
SO08016,2025-02-26,C029,P003,R02,470,410.05,192723.5,3,Completed
SO08017,2025-03-31,C044,P007,R01,704,121.35,85430.4,26,Completed
SO08018,2024-07-06,C042,P004,R04,581,320.54,186233.74,16,Completed
SO08019,2024-09-20,C019,P008,R04,901,477.42,430155.42,25,Completed
SO08020,2025-03-03,C017,P001,R03,1803,39.08,70461.24,21,Completed
SO08021,2025-11-21,C019,P006,R04,286,259.41,74191.26,16,Completed
SO08022,2024-10-29,C011,P004,R04,124,267.46,33165.04,26,Completed
SO08023,2023-04-05,C021,P003,R01,375,392.98,147367.5,5,Completed
SO08024,2023-04-24,C045,P003,R03,683,167.44,114361.52,20,Completed
SO08025,2023-03-31,C005,P007,R04,388,188.79,73250.52,11,Completed
SO08026,2023-04-02,C009,P008,R02,668,430.8,287774.4,3,Completed
SO08027,2023-10-22,C032,P007,R02,431,363.02,156461.62,23,Completed
SO08028,2025-07-16,C017,P008,R03,1263,158.59,200299.17,25,Completed
SO08029,2024-02-04,C005,P002,R04,907,259.21,235103.47,21,Completed
SO08030,2025-09-23,C025,P003,R01,947,266.81,252669.07,11,Completed
SO08031,2025-08-21,C027,P004,R03,1889,233.15,440420.35,19,Completed
SO08032,2023-03-14,C048,P004,R04,727,136.38,99148.26,26,Completed
SO08033,2024-03-10,C015,P007,R04,1938,348.78,675935.64,27,Delayed
SO08034,2023-09-03,C034,P007,R02,249,191.02,47563.98,15,Completed
SO08035,2025-01-21,C003,P001,R03,1995,311.4,621243.0,24,Completed
SO08036,2025-02-12,C024,P003,R02,1496,328.66,491675.36,18,Completed
SO08037,2023-03-21,C042,P008,R04,486,137.7,66922.2,24,Completed
SO08038,2024-08-27,C033,P003,R02,988,80.24,79277.12,14,Completed
SO08039,2023-04-23,C004,P001,R03,715,265.76,190018.4,17,Completed
SO08040,2024-01-09,C020,P004,R01,851,160.98,136993.98,25,Completed
SO08041,2023-08-19,C014,P003,R03,1674,397.15,664829.1,25,Completed
SO08042,2025-03-22,C020,P003,R01,426,465.8,198430.8,28,Delayed
SO08043,2025-03-31,C025,P006,R01,1685,325.11,547810.35,10,Completed
SO08044,2023-09-24,C048,P008,R04,784,306.69,240444.96,4,Completed
SO08045,2023-03-17,C013,P006,R01,1620,196.53,318378.6,10,Completed
SO08046,2023-12-21,C033,P004,R02,1898,20.29,38510.42,27,Delayed
SO08047,2023-07-25,C038,P003,R02,1198,294.91,353302.18,11,Completed
SO08048,2023-01-16,C002,P003,R04,979,38.84,38024.36,28,Delayed
SO08049,2025-08-29,C025,P004,R01,1654,24.42,40390.68,9,Completed
SO08050,2025-05-06,C014,P001,R03,910,443.54,403621.4,7,Completed
SO08051,2024-03-08,C032,P003,R02,914,328.75,300477.5,20,Completed
SO08052,2024-07-09,C048,P001,R04,542,26.66,14449.72,23,Completed
SO08053,2024-10-08,C030,P008,R02,217,370.96,80498.32,7,Completed
SO08054,2025-09-05,C020,P003,R01,151,62.92,9500.92,15,Completed
SO08055,2023-11-26,C037,P008,R04,1262,410.01,517432.62,10,Completed
SO08056,2024-03-13,C002,P004,R04,604,119.76,72335.04,22,Completed
SO08057,2025-01-29,C040,P006,R01,1631,261.1,425854.1,17,Completed
SO08058,2024-09-10,C019,P001,R04,521,190.38,99187.98,15,Completed
SO08059,2023-04-14,C035,P002,R02,1651,219.39,362212.89,16,Completed
SO08060,2025-10-22,C001,P005,R01,259,187.78,48635.02,28,Delayed
SO08061,2023-12-18,C040,P005,R01,359,294.73,105808.07,18,Completed
SO08062,2025-02-12,C004,P006,R03,684,152.5,104310.0,6,Completed
SO08063,2025-11-05,C003,P004,R03,60,462.26,27735.6,24,Completed
SO08064,2024-08-06,C022,P008,R02,1973,418.65,825996.45,24,Completed
SO08065,2024-05-15,C028,P003,R04,656,335.14,219851.84,3,Completed
SO08066,2023-08-14,C021,P003,R01,1500,113.03,169545.0,9,Completed
SO08067,2025-01-25,C018,P001,R04,949,220.19,208960.31,15,Completed
SO08068,2023-01-12,C021,P001,R01,386,135.37,52252.82,15,Completed
SO08069,2023-10-30,C030,P006,R02,1888,217.76,411130.88,5,Completed
SO08070,2024-03-02,C029,P006,R02,166,381.58,63342.28,14,Completed
SO08071,2024-11-27,C005,P005,R04,1253,487.26,610536.78,14,Completed
SO08072,2024-11-02,C015,P005,R04,324,64.92,21034.08,12,Completed
SO08073,2025-12-27,C031,P006,R02,1013,212.92,215687.96,14,Completed
SO08074,2024-10-06,C036,P001,R04,153,56.51,8646.03,17,Completed
SO08075,2023-06-09,C013,P006,R01,776,48.5,37636.0,11,Completed
SO08076,2025-12-14,C002,P003,R04,1017,270.22,274813.74,24,Completed
SO08077,2024-01-20,C022,P003,R02,1775,173.0,307075.0,22,Completed
SO08078,2025-07-04,C016,P005,R03,1806,105.71,190912.26,19,Completed
SO08079,2024-09-07,C026,P001,R04,429,108.95,46739.55,6,Completed
SO08080,2024-05-02,C002,P003,R04,1549,420.27,650998.23,27,Delayed
SO08081,2023-10-29,C015,P006,R04,979,431.89,422820.31,3,Completed
SO08082,2023-03-11,C009,P003,R02,393,277.04,108876.72,9,Completed
SO08083,2023-09-20,C045,P001,R03,205,88.57,18156.85,14,Completed
SO08084,2025-11-23,C002,P001,R04,1525,469.89,716582.25,9,Completed
SO08085,2024-10-06,C023,P005,R04,1228,58.53,71874.84,4,Completed
SO08086,2025-05-10,C010,P002,R04,1063,468.78,498313.14,18,Completed
SO08087,2023-02-13,C016,P002,R03,402,487.56,195999.12,12,Completed
SO08088,2024-10-02,C043,P004,R04,820,393.82,322932.4,12,Completed
SO08089,2025-12-16,C036,P001,R04,1890,99.53,188111.7,14,Completed
SO08090,2023-08-06,C020,P001,R01,527,126.41,66618.07,25,Completed
SO08091,2023-01-24,C027,P007,R03,615,417.65,256854.75,5,Completed
SO08092,2024-09-28,C027,P003,R03,1957,473.62,926874.34,11,Completed
SO08093,2024-12-25,C009,P008,R02,321,450.04,144462.84,16,Completed
SO08094,2024-08-13,C009,P003,R02,738,248.12,183112.56,12,Completed
SO08095,2024-08-25,C029,P003,R02,653,444.78,290441.34,26,Completed
SO08096,2024-01-02,C041,P002,R02,1121,91.23,102268.83,5,Completed
SO08097,2023-02-04,C021,P007,R01,1648,179.93,296524.64,8,Completed
SO08098,2024-05-09,C041,P001,R02,1862,142.73,265763.26,29,Delayed
SO08099,2024-07-13,C019,P008,R04,1594,39.3,62644.2,22,Completed
SO08100,2025-12-25,C015,P005,R04,182,379.8,69123.6,9,Completed
SO08101,2024-08-19,C046,P006,R01,251,353.99,88851.49,25,Completed
SO08102,2025-06-24,C014,P002,R03,1458,373.49,544548.42,11,Completed
SO08103,2024-05-01,C005,P008,R04,631,364.86,230226.66,13,Completed
SO08104,2024-10-08,C010,P007,R04,384,294.43,113061.12,9,Completed
SO08105,2025-07-05,C016,P007,R03,734,77.24,56694.16,21,Completed
SO08106,2024-02-17,C012,P007,R01,112,89.76,10053.12,6,Completed
SO08107,2023-10-15,C026,P004,R04,259,129.37,33506.83,21,Completed
SO08108,2025-01-13,C024,P004,R02,1502,272.86,409835.72,10,Completed
SO08109,2023-12-04,C015,P002,R04,968,248.04,240102.72,6,Completed
SO08110,2025-03-04,C014,P004,R03,1388,482.82,670154.16,29,Delayed
SO08111,2024-04-08,C011,P005,R04,524,86.54,45346.96,19,Completed
SO08112,2025-02-17,C049,P003,R03,73,326.97,23868.81,22,Completed
SO08113,2023-12-27,C044,P005,R01,1001,357.52,357877.52,19,Completed
SO08114,2024-07-22,C034,P004,R02,1556,217.22,337994.32,18,Completed
SO08115,2023-09-19,C018,P003,R04,499,465.34,232204.66,11,Completed
SO08116,2024-11-03,C037,P007,R04,765,41.54,31778.1,24,Completed
SO08117,2024-04-29,C033,P005,R02,1945,231.73,450714.85,19,Completed
SO08118,2023-12-03,C008,P006,R04,901,42.65,38427.65,25,Completed
SO08119,2025-11-03,C025,P001,R01,1279,226.48,289667.92,23,Completed
SO08120,2025-12-06,C009,P005,R02,486,122.15,59364.9,9,Completed
SO08121,2023-08-11,C013,P003,R01,1012,160.48,162405.76,23,Completed
SO08122,2023-01-23,C033,P004,R02,622,267.49,166378.78,25,Completed
SO08123,2025-12-08,C028,P005,R04,655,485.99,318323.45,27,Delayed
SO08124,2023-07-12,C026,P007,R04,400,351.53,140612.0,24,Completed
SO08125,2024-12-20,C036,P003,R04,1715,496.13,850862.95,17,Completed
SO08126,2023-10-18,C003,P002,R03,1666,437.36,728641.76,5,Completed
SO08127,2025-06-30,C035,P006,R02,1855,56.87,105493.85,13,Completed
SO08128,2025-11-07,C026,P008,R04,931,319.71,297650.01,6,Completed
SO08129,2025-05-25,C006,P004,R04,1590,226.83,360659.7,18,Completed
SO08130,2023-08-28,C003,P003,R03,1556,359.15,558837.4,14,Completed
SO08131,2024-04-25,C017,P008,R03,1186,193.64,229657.04,20,Completed
SO08132,2023-10-20,C033,P004,R02,1908,41.4,78991.2,11,Completed
SO08133,2025-04-26,C033,P006,R02,833,396.44,330234.52,27,Delayed
SO08134,2025-03-09,C003,P003,R03,1495,442.89,662120.55,25,Completed
SO08135,2024-10-27,C013,P005,R01,1493,78.91,117812.63,27,Delayed
SO08136,2024-07-13,C022,P004,R02,157,477.94,75036.58,8,Completed
SO08137,2023-10-17,C043,P007,R04,1708,431.93,737736.44,19,Completed
SO08138,2023-08-03,C033,P001,R02,1877,273.46,513284.42,20,Completed
SO08139,2023-03-09,C022,P002,R02,285,46.95,13380.75,21,Completed
SO08140,2023-07-10,C035,P006,R02,886,145.97,129329.42,27,Delayed
SO08141,2024-06-09,C034,P005,R02,1706,54.57,93096.42,25,Completed
SO08142,2024-06-25,C016,P006,R03,235,218.86,51432.1,4,Completed
SO08143,2024-06-01,C034,P004,R02,1045,189.25,197766.25,22,Completed
SO08144,2023-03-18,C023,P001,R04,555,301.07,167093.85,12,Completed
SO08145,2023-02-11,C029,P006,R02,656,478.57,313941.92,27,Delayed
SO08146,2023-02-04,C038,P001,R02,834,251.76,209967.84,20,Completed
SO08147,2024-08-14,C050,P001,R04,1193,430.04,513037.72,24,Completed
SO08148,2024-10-22,C041,P004,R02,1119,270.53,302723.07,19,Completed
SO08149,2024-08-09,C001,P007,R01,744,56.42,41976.48,6,Completed
SO08150,2023-03-27,C011,P007,R04,1637,468.24,766508.88,28,Delayed
SO08151,2023-05-03,C040,P007,R01,395,39.34,15539.3,25,Completed
SO08152,2024-08-17,C021,P008,R01,994,158.87,157916.78,25,Completed
SO08153,2024-03-03,C040,P006,R01,869,90.94,79026.86,19,Completed
SO08154,2025-11-14,C015,P006,R04,1587,300.95,477607.65,19,Completed
SO08155,2025-01-08,C050,P004,R04,735,319.98,235185.3,5,Completed
SO08156,2024-12-24,C023,P005,R04,1311,102.55,134443.05,27,Delayed
SO08157,2024-12-23,C022,P007,R02,609,141.72,86307.48,13,Completed
SO08158,2023-01-07,C005,P006,R04,1259,200.85,252870.15,19,Completed
SO08159,2023-12-05,C042,P002,R04,135,31.47,4248.45,10,Completed
SO08160,2025-01-07,C013,P004,R01,1194,327.07,390521.58,19,Completed
SO08161,2023-10-06,C037,P005,R04,599,147.67,88454.33,4,Completed
SO08162,2023-04-07,C009,P005,R02,1241,378.63,469879.83,24,Completed
SO08163,2024-02-29,C025,P002,R01,1513,273.77,414214.01,7,Completed
SO08164,2025-10-15,C045,P003,R03,405,316.14,128036.7,18,Completed
SO08165,2024-08-18,C028,P003,R04,1325,61.87,81977.75,16,Completed
SO08166,2025-02-27,C040,P001,R01,1787,481.61,860637.07,22,Completed
SO08167,2023-12-10,C031,P008,R02,1421,177.76,252596.96,17,Completed
SO08168,2024-07-09,C019,P003,R04,629,292.52,183995.08,8,Completed
SO08169,2023-11-17,C044,P003,R01,207,77.27,15994.89,24,Completed
SO08170,2024-02-05,C006,P003,R04,855,473.77,405073.35,4,Completed
SO08171,2023-08-16,C035,P003,R02,462,190.05,87803.1,15,Completed
SO08172,2025-04-21,C008,P006,R04,1389,90.31,125440.59,9,Completed
SO08173,2024-02-13,C044,P008,R01,1812,468.64,849175.68,21,Completed
SO08174,2025-03-13,C021,P006,R01,725,474.52,344027.0,10,Completed
SO08175,2024-12-30,C050,P008,R04,1807,471.24,851530.68,14,Completed
SO08176,2023-06-01,C015,P002,R04,395,65.49,25868.55,10,Completed
SO08177,2024-09-17,C047,P006,R04,1503,166.08,249618.24,25,Completed
SO08178,2024-06-18,C045,P004,R03,306,128.57,39342.42,11,Completed
SO08179,2025-11-04,C025,P003,R01,687,410.29,281869.23,24,Completed
SO08180,2025-03-24,C028,P006,R04,1350,446.38,602613.0,7,Completed
SO08181,2023-05-23,C033,P002,R02,350,173.64,60774.0,22,Completed
SO08182,2023-11-24,C048,P008,R04,1210,317.3,383933.0,7,Completed
SO08183,2023-12-22,C039,P008,R01,84,89.31,7502.04,18,Completed
SO08184,2025-04-13,C009,P007,R02,1193,478.74,571136.82,25,Completed
SO08185,2025-02-02,C024,P008,R02,1095,227.28,248871.6,12,Completed
SO08186,2025-10-07,C034,P004,R02,1121,455.26,510346.46,23,Completed
SO08187,2024-05-19,C019,P006,R04,1766,346.42,611777.72,10,Completed
SO08188,2024-08-24,C042,P001,R04,1663,86.17,143300.71,14,Completed
SO08189,2023-05-08,C039,P003,R01,687,343.32,235860.84,20,Completed
SO08190,2025-12-30,C008,P002,R04,1037,232.64,241247.68,17,Completed
SO08191,2023-05-25,C011,P002,R04,859,282.15,242366.85,27,Delayed
SO08192,2024-05-04,C016,P005,R03,188,438.58,82453.04,24,Completed
SO08193,2024-06-05,C019,P004,R04,1486,441.91,656678.26,11,Completed
SO08194,2025-03-05,C018,P004,R04,1228,132.28,162439.84,16,Completed
SO08195,2025-08-01,C036,P008,R04,1704,466.75,795342.0,14,Completed
SO08196,2025-11-12,C034,P001,R02,1899,117.68,223474.32,16,Completed
SO08197,2025-03-21,C029,P008,R02,1803,32.67,58904.01,29,Delayed
SO08198,2025-05-20,C011,P004,R04,1806,233.62,421917.72,28,Delayed
SO08199,2023-07-31,C020,P001,R01,709,203.42,144224.78,25,Completed
SO08200,2024-10-08,C024,P003,R02,1945,117.3,228148.5,18,Completed
SO08201,2025-12-18,C015,P007,R04,1458,130.13,189729.54,23,Completed
SO08202,2024-05-26,C015,P007,R04,593,74.02,43893.86,17,Completed
SO08203,2025-08-21,C039,P008,R01,933,405.81,378620.73,25,Completed
SO08204,2024-04-09,C010,P003,R04,877,157.66,138267.82,17,Completed
SO08205,2023-09-12,C050,P001,R04,593,283.01,167824.93,11,Completed
SO08206,2023-01-15,C016,P008,R03,1473,463.6,682882.8,7,Completed
SO08207,2023-06-02,C010,P006,R04,1189,31.7,37691.3,3,Completed
SO08208,2024-02-27,C014,P005,R03,1024,364.49,373237.76,4,Completed
SO08209,2023-04-05,C032,P003,R02,1327,42.18,55972.86,7,Completed
SO08210,2025-12-08,C040,P001,R01,692,305.66,211516.72,15,Completed
SO08211,2023-10-29,C014,P002,R03,1930,311.25,600712.5,24,Completed
SO08212,2024-07-14,C042,P008,R04,485,252.78,122598.3,10,Completed
SO08213,2025-11-18,C021,P002,R01,1884,483.05,910066.2,19,Completed
SO08214,2025-10-01,C045,P001,R03,1887,159.93,301787.91,15,Completed
SO08215,2023-02-04,C043,P003,R04,56,468.08,26212.48,14,Completed
SO08216,2023-12-30,C013,P005,R01,861,287.76,247761.36,15,Completed
SO08217,2024-07-27,C026,P003,R04,1988,86.9,172757.2,3,Completed
SO08218,2023-09-26,C023,P007,R04,1771,201.04,356041.84,11,Completed
SO08219,2024-05-03,C034,P004,R02,671,41.54,27873.34,3,Completed
SO08220,2023-03-24,C029,P007,R02,124,189.31,23474.44,22,Completed
SO08221,2025-10-20,C020,P005,R01,1531,466.58,714333.98,28,Delayed
SO08222,2023-08-28,C005,P005,R04,1908,156.82,299212.56,22,Completed
SO08223,2023-05-30,C003,P005,R03,1992,294.46,586564.32,17,Completed
SO08224,2023-01-11,C044,P006,R01,418,138.23,57780.14,10,Completed
SO08225,2025-08-13,C026,P001,R04,1352,134.92,182411.84,9,Completed
SO08226,2025-02-16,C047,P003,R04,1390,345.91,480814.9,6,Completed
SO08227,2023-03-30,C041,P006,R02,1076,381.62,410623.12,27,Delayed
SO08228,2023-07-02,C007,P008,R02,932,315.26,293822.32,23,Completed
SO08229,2025-03-31,C013,P005,R01,1116,93.56,104412.96,20,Completed
SO08230,2025-02-22,C043,P001,R04,311,32.36,10063.96,3,Completed
SO08231,2023-12-21,C021,P001,R01,356,181.57,64638.92,8,Completed
SO08232,2024-07-10,C042,P007,R04,91,289.11,26309.01,27,Delayed
SO08233,2024-06-16,C033,P001,R02,1696,63.34,107424.64,9,Completed
SO08234,2024-01-02,C049,P005,R03,1670,36.89,61606.3,15,Completed
SO08235,2023-11-16,C002,P008,R04,334,69.8,23313.2,18,Completed
SO08236,2023-04-05,C030,P001,R02,264,211.29,55780.56,26,Completed
SO08237,2024-11-14,C004,P003,R03,1797,72.27,129869.19,13,Completed
SO08238,2023-11-13,C044,P006,R01,1545,38.06,58802.7,24,Completed
SO08239,2024-06-26,C049,P007,R03,1041,190.14,197935.74,16,Completed
SO08240,2024-06-05,C003,P003,R03,1162,434.96,505423.52,17,Completed
SO08241,2024-12-15,C014,P002,R03,1628,198.74,323548.72,14,Completed
SO08242,2023-01-19,C007,P005,R02,1350,139.54,188379.0,25,Completed
SO08243,2024-12-17,C035,P001,R02,1300,168.41,218933.0,7,Completed
SO08244,2025-10-11,C031,P005,R02,391,322.74,126191.34,9,Completed
SO08245,2023-06-09,C002,P001,R04,1246,481.42,599849.32,18,Completed
SO08246,2024-12-26,C032,P003,R02,1670,332.45,555191.5,22,Completed
SO08247,2025-08-28,C025,P006,R01,442,471.57,208433.94,23,Completed
SO08248,2025-03-05,C005,P001,R04,862,388.0,334456.0,29,Delayed
SO08249,2025-02-06,C018,P008,R04,876,20.1,17607.6,14,Completed
SO08250,2025-02-15,C039,P007,R01,1812,274.6,497575.2,25,Completed
SO08251,2025-10-11,C004,P005,R03,751,228.31,171460.81,9,Completed
SO08252,2024-06-16,C003,P003,R03,605,181.38,109734.9,16,Completed
SO08253,2023-04-13,C015,P002,R04,241,324.3,78156.3,21,Completed
SO08254,2023-03-08,C007,P008,R02,532,153.55,81688.6,25,Completed
SO08255,2024-02-25,C034,P006,R02,336,315.84,106122.24,20,Completed
SO08256,2024-12-25,C013,P007,R01,1521,462.63,703660.23,29,Delayed
SO08257,2025-12-06,C041,P007,R02,386,343.48,132583.28,8,Completed
SO08258,2025-07-23,C030,P003,R02,968,489.51,473845.68,26,Completed
SO08259,2025-11-02,C017,P005,R03,1449,123.55,179023.95,29,Delayed
SO08260,2025-02-08,C042,P008,R04,1324,455.66,603293.84,6,Completed
SO08261,2024-01-31,C023,P008,R04,1593,29.76,47407.68,20,Completed
SO08262,2025-09-21,C030,P006,R02,1856,389.18,722318.08,4,Completed
SO08263,2025-08-20,C031,P005,R02,731,169.38,123816.78,7,Completed
SO08264,2024-12-19,C009,P005,R02,67,190.93,12792.31,17,Completed
SO08265,2023-05-22,C040,P001,R01,228,151.59,34562.52,6,Completed
SO08266,2023-07-24,C011,P001,R04,1114,81.78,91102.92,11,Completed
SO08267,2024-10-14,C009,P001,R02,1769,158.64,280634.16,25,Completed
SO08268,2023-09-09,C001,P006,R01,471,56.08,26413.68,14,Completed
SO08269,2024-12-31,C030,P007,R02,1550,385.86,598083.0,4,Completed
SO08270,2025-01-19,C050,P007,R04,1460,293.14,427984.4,6,Completed
SO08271,2024-08-26,C020,P006,R01,324,466.21,151052.04,29,Delayed
SO08272,2023-01-06,C046,P001,R01,1572,159.3,250419.6,24,Completed
SO08273,2023-10-24,C002,P004,R04,306,89.33,27334.98,18,Completed
SO08274,2023-02-20,C014,P005,R03,1886,492.49,928836.14,17,Completed
SO08275,2023-08-22,C024,P001,R02,143,227.07,32471.01,20,Completed
SO08276,2023-02-27,C047,P008,R04,809,181.02,146445.18,6,Completed
SO08277,2023-02-12,C024,P001,R02,366,225.79,82639.14,21,Completed
SO08278,2025-11-08,C019,P007,R04,197,286.26,56393.22,10,Completed
SO08279,2024-03-15,C032,P007,R02,1097,310.61,340739.17,21,Completed
SO08280,2023-10-06,C045,P005,R03,737,72.82,53668.34,23,Completed
SO08281,2023-08-26,C011,P007,R04,1554,458.81,712990.74,21,Completed
SO08282,2024-07-30,C003,P003,R03,515,247.68,127555.2,20,Completed
SO08283,2024-08-14,C019,P007,R04,873,43.95,38368.35,26,Completed
SO08284,2024-12-16,C016,P008,R03,1501,326.31,489791.31,26,Completed
SO08285,2023-08-07,C012,P003,R01,347,469.14,162791.58,10,Completed
SO08286,2023-01-16,C047,P007,R04,1215,362.81,440814.15,13,Completed
SO08287,2025-11-23,C002,P005,R04,835,76.7,64044.5,13,Completed
SO08288,2023-09-02,C041,P007,R02,507,491.75,249317.25,13,Completed
SO08289,2024-06-24,C024,P006,R02,995,293.08,291614.6,8,Completed
SO08290,2024-12-26,C009,P001,R02,451,62.37,28128.87,18,Completed
SO08291,2023-12-12,C042,P003,R04,853,427.67,364802.51,11,Completed
SO08292,2024-02-01,C040,P003,R01,311,228.32,71007.52,6,Completed
SO08293,2023-10-21,C022,P005,R02,1142,273.48,312314.16,15,Completed
SO08294,2024-02-27,C017,P008,R03,1302,349.84,455491.68,20,Completed
SO08295,2025-10-25,C017,P001,R03,602,84.33,50766.66,25,Completed
SO08296,2023-11-12,C028,P008,R04,1695,377.84,640438.8,13,Completed
SO08297,2025-01-25,C006,P005,R04,613,366.14,224443.82,13,Completed
SO08298,2024-07-03,C011,P008,R04,1794,401.28,719896.32,9,Completed
SO08299,2023-05-22,C033,P007,R02,1935,175.74,340056.9,28,Delayed
SO08300,2025-08-19,C039,P004,R01,993,409.56,406693.08,24,Completed
SO08301,2025-02-12,C024,P003,R02,531,489.65,260004.15,18,Completed
SO08302,2024-03-08,C021,P006,R01,1509,480.63,725270.67,28,Delayed
SO08303,2024-02-20,C022,P003,R02,1539,84.58,130168.62,12,Completed
SO08304,2025-07-30,C009,P006,R02,1322,28.13,37187.86,11,Completed
SO08305,2024-07-11,C006,P005,R04,168,192.33,32311.44,12,Completed
SO08306,2025-04-02,C045,P006,R03,1167,451.36,526737.12,15,Completed
SO08307,2023-10-20,C015,P004,R04,1721,253.93,437013.53,13,Completed
SO08308,2025-10-23,C047,P002,R04,1762,134.62,237200.44,4,Completed
SO08309,2024-02-13,C025,P005,R01,1172,216.59,253843.48,7,Completed
SO08310,2023-10-03,C044,P003,R01,501,165.0,82665.0,21,Completed
SO08311,2024-04-22,C046,P002,R01,744,32.98,24537.12,19,Completed
SO08312,2023-02-11,C012,P008,R01,1664,305.28,507985.92,25,Completed
SO08313,2023-11-24,C031,P007,R02,1628,250.56,407911.68,23,Completed
SO08314,2023-03-23,C036,P004,R04,174,251.94,43837.56,8,Completed
SO08315,2025-04-20,C036,P008,R04,1198,128.96,154494.08,17,Completed
SO08316,2024-12-25,C020,P008,R01,1325,51.78,68608.5,27,Delayed
SO08317,2025-11-22,C037,P008,R04,1397,418.92,585231.24,19,Completed
SO08318,2025-09-11,C040,P005,R01,1622,167.38,271490.36,7,Completed
SO08319,2024-05-12,C026,P007,R04,950,484.94,460693.0,8,Completed
SO08320,2023-05-15,C008,P007,R04,658,401.84,264410.72,23,Completed
SO08321,2025-01-03,C002,P008,R04,1487,248.31,369236.97,19,Completed
SO08322,2024-07-09,C005,P002,R04,394,331.27,130520.38,11,Completed
SO08323,2023-11-05,C014,P004,R03,714,353.0,252042.0,18,Completed
SO08324,2023-12-07,C020,P001,R01,634,437.62,277451.08,4,Completed
SO08325,2025-08-23,C030,P004,R02,1120,255.52,286182.4,20,Completed
SO08326,2025-05-23,C042,P003,R04,494,476.95,235613.3,21,Completed
SO08327,2024-02-03,C044,P008,R01,850,271.16,230486.0,11,Completed
SO08328,2025-10-19,C022,P007,R02,1307,101.47,132621.29,17,Completed
SO08329,2025-09-27,C043,P001,R04,1289,76.17,98183.13,10,Completed
SO08330,2023-09-11,C013,P005,R01,1764,320.54,565432.56,11,Completed
SO08331,2024-10-25,C014,P002,R03,920,306.09,281602.8,25,Completed
SO08332,2024-08-03,C015,P004,R04,1609,354.01,569602.09,27,Delayed
SO08333,2025-07-30,C042,P002,R04,1304,121.16,157992.64,27,Delayed
SO08334,2024-02-06,C015,P003,R04,1347,222.2,299303.4,20,Completed
SO08335,2023-05-22,C038,P007,R02,1791,187.19,335257.29,18,Completed
SO08336,2024-05-11,C016,P002,R03,641,330.94,212132.54,20,Completed
SO08337,2024-06-18,C040,P007,R01,1155,426.92,493092.6,24,Completed
SO08338,2024-06-07,C048,P002,R04,1256,334.3,419880.8,12,Completed
SO08339,2025-09-14,C018,P006,R04,1306,93.59,122228.54,3,Completed
SO08340,2024-08-11,C005,P005,R04,332,228.52,75868.64,11,Completed
SO08341,2024-06-04,C032,P007,R02,688,401.55,276266.4,28,Delayed
SO08342,2024-07-14,C050,P001,R04,709,293.24,207907.16,25,Completed
SO08343,2024-10-15,C045,P006,R03,1197,113.38,135715.86,24,Completed
SO08344,2024-10-04,C036,P006,R04,1663,330.55,549704.65,25,Completed
SO08345,2023-10-08,C036,P007,R04,321,147.8,47443.8,27,Delayed
SO08346,2023-12-20,C050,P006,R04,1030,242.05,249311.5,21,Completed
SO08347,2025-11-20,C006,P008,R04,1876,206.84,388031.84,11,Completed
SO08348,2024-05-31,C035,P006,R02,1706,420.58,717509.48,20,Completed
SO08349,2023-04-14,C002,P008,R04,1650,162.03,267349.5,29,Delayed
SO08350,2025-12-26,C038,P007,R02,812,304.57,247310.84,3,Completed
SO08351,2025-12-25,C046,P003,R01,1809,457.42,827472.78,13,Completed
SO08352,2023-05-10,C027,P007,R03,995,346.8,345066.0,8,Completed
SO08353,2023-11-04,C004,P008,R03,1270,72.16,91643.2,8,Completed
SO08354,2024-06-19,C045,P004,R03,1557,39.82,61999.74,24,Completed
SO08355,2025-01-18,C047,P002,R04,1895,239.96,454724.2,9,Completed
SO08356,2025-07-26,C033,P003,R02,816,34.65,28274.4,26,Completed
SO08357,2025-05-25,C047,P005,R04,1526,139.95,213563.7,22,Completed
SO08358,2025-05-03,C013,P004,R01,1393,154.2,214800.6,22,Completed
SO08359,2024-04-13,C028,P002,R04,1403,126.34,177255.02,9,Completed
SO08360,2025-07-14,C044,P003,R01,637,282.29,179818.73,25,Completed
SO08361,2023-01-06,C001,P006,R01,55,468.3,25756.5,24,Completed
SO08362,2023-09-06,C029,P001,R02,1894,295.77,560188.38,22,Completed
SO08363,2024-01-15,C041,P003,R02,1927,51.89,99992.03,4,Completed
SO08364,2023-03-30,C034,P002,R02,120,412.53,49503.6,27,Delayed
SO08365,2024-09-24,C033,P006,R02,889,238.67,212177.63,10,Completed
SO08366,2025-11-03,C022,P008,R02,1048,114.7,120205.6,16,Completed
SO08367,2025-11-17,C004,P007,R03,342,200.69,68635.98,11,Completed
SO08368,2025-01-16,C025,P001,R01,314,121.58,38176.12,3,Completed
SO08369,2024-01-20,C005,P008,R04,1070,471.97,505007.9,17,Completed
SO08370,2024-10-31,C002,P003,R04,350,320.52,112182.0,24,Completed
SO08371,2023-11-20,C043,P003,R04,393,205.06,80588.58,28,Delayed
SO08372,2024-12-27,C017,P002,R03,486,189.65,92169.9,11,Completed
SO08373,2023-10-17,C007,P002,R02,499,260.02,129749.98,20,Completed
SO08374,2024-06-25,C023,P007,R04,322,83.49,26883.78,13,Completed
SO08375,2025-12-01,C034,P003,R02,390,306.73,119624.7,13,Completed
SO08376,2023-07-30,C040,P003,R01,1246,391.5,487809.0,3,Completed
SO08377,2025-05-08,C041,P005,R02,1124,198.84,223496.16,25,Completed
SO08378,2024-01-04,C005,P004,R04,145,428.24,62094.8,16,Completed
SO08379,2023-08-21,C020,P008,R01,1353,65.5,88621.5,10,Completed
SO08380,2023-06-14,C007,P005,R02,375,133.73,50148.75,14,Completed
SO08381,2025-10-31,C025,P008,R01,1860,438.39,815405.4,15,Completed
SO08382,2023-03-20,C030,P003,R02,902,191.64,172859.28,15,Completed
SO08383,2024-12-26,C042,P003,R04,1720,446.9,768668.0,5,Completed
SO08384,2024-09-25,C009,P001,R02,457,328.96,150334.72,27,Delayed
SO08385,2025-05-06,C021,P001,R01,919,479.86,440991.34,28,Delayed
SO08386,2024-11-17,C028,P004,R04,233,199.44,46469.52,25,Completed
SO08387,2025-10-18,C004,P006,R03,784,149.39,117121.76,27,Delayed
SO08388,2023-02-27,C021,P004,R01,626,191.01,119572.26,15,Completed
SO08389,2023-07-25,C034,P002,R02,657,142.62,93701.34,10,Completed
SO08390,2024-07-13,C023,P008,R04,1079,70.06,75594.74,13,Completed
SO08391,2025-05-18,C004,P008,R03,1758,55.27,97164.66,24,Completed
SO08392,2024-01-25,C020,P001,R01,470,73.55,34568.5,14,Completed
SO08393,2023-05-18,C050,P005,R04,379,79.28,30047.12,7,Completed
SO08394,2023-10-21,C035,P003,R02,152,202.71,30811.92,12,Completed
SO08395,2025-07-24,C014,P008,R03,96,149.66,14367.36,19,Completed
SO08396,2024-04-14,C047,P007,R04,256,243.36,62300.16,4,Completed
SO08397,2025-06-22,C037,P001,R04,1076,126.96,136608.96,11,Completed
SO08398,2024-07-30,C014,P005,R03,999,417.65,417232.35,19,Completed
SO08399,2023-09-19,C027,P001,R03,1421,394.33,560342.93,29,Delayed
SO08400,2024-04-29,C006,P005,R04,719,78.14,56182.66,17,Completed
SO08401,2025-03-19,C015,P008,R04,1771,22.62,40060.02,3,Completed
SO08402,2024-04-11,C047,P001,R04,917,189.99,174220.83,25,Completed
SO08403,2024-04-17,C038,P008,R02,864,242.49,209511.36,13,Completed
SO08404,2023-07-19,C007,P005,R02,200,356.24,71248.0,19,Completed
SO08405,2025-09-13,C021,P001,R01,830,90.63,75222.9,26,Completed
SO08406,2025-05-23,C018,P006,R04,1542,212.28,327335.76,11,Completed
SO08407,2023-09-05,C003,P004,R03,996,358.3,356866.8,23,Completed
SO08408,2024-05-27,C029,P002,R02,1744,358.58,625363.52,13,Completed
SO08409,2024-04-14,C003,P008,R03,1853,198.61,368024.33,14,Completed
SO08410,2025-03-16,C021,P006,R01,1551,385.9,598530.9,24,Completed
SO08411,2025-08-31,C042,P008,R04,462,485.56,224328.72,16,Completed
SO08412,2024-02-22,C002,P008,R04,812,222.65,180791.8,7,Completed
SO08413,2025-05-09,C023,P008,R04,1860,24.48,45532.8,18,Completed
SO08414,2023-04-17,C040,P002,R01,845,160.71,135799.95,13,Completed
SO08415,2025-11-19,C029,P002,R02,162,246.73,39970.26,28,Delayed
SO08416,2025-12-28,C014,P003,R03,1091,329.12,359069.92,16,Completed
SO08417,2025-03-19,C020,P008,R01,1472,123.25,181424.0,19,Completed
SO08418,2025-12-03,C007,P001,R02,1785,480.82,858263.7,27,Delayed
SO08419,2024-06-17,C010,P001,R04,1287,360.31,463718.97,5,Completed
SO08420,2025-11-26,C006,P005,R04,269,32.05,8621.45,16,Completed
SO08421,2023-04-19,C035,P004,R02,1993,440.34,877597.62,22,Completed
SO08422,2025-01-19,C047,P006,R04,1560,166.81,260223.6,7,Completed
SO08423,2024-10-28,C041,P005,R02,1160,162.11,188047.6,21,Completed
SO08424,2023-10-11,C043,P002,R04,585,29.4,17199.0,6,Completed
SO08425,2023-04-20,C050,P004,R04,231,428.17,98907.27,3,Completed
SO08426,2025-06-18,C002,P006,R04,1882,454.52,855406.64,20,Completed
SO08427,2024-10-14,C011,P001,R04,1222,109.68,134028.96,11,Completed
SO08428,2025-10-13,C010,P007,R04,132,407.63,53807.16,4,Completed
SO08429,2023-07-22,C007,P007,R02,1365,498.03,679810.95,12,Completed
SO08430,2025-12-21,C029,P008,R02,68,267.33,18178.44,21,Completed
SO08431,2025-05-18,C043,P004,R04,692,302.87,209586.04,9,Completed
SO08432,2025-12-24,C039,P006,R01,670,452.02,302853.4,14,Completed
SO08433,2024-04-03,C033,P007,R02,202,370.18,74776.36,21,Completed
SO08434,2024-08-28,C044,P004,R01,1894,258.92,490394.48,9,Completed
SO08435,2023-01-21,C004,P004,R03,129,449.71,58012.59,12,Completed
SO08436,2024-04-15,C007,P001,R02,761,86.05,65484.05,19,Completed
SO08437,2023-12-10,C013,P001,R01,364,315.64,114892.96,21,Completed
SO08438,2025-11-22,C005,P008,R04,1647,134.7,221850.9,12,Completed
SO08439,2025-02-11,C016,P008,R03,1294,269.61,348875.34,26,Completed
SO08440,2023-04-11,C040,P008,R01,166,420.59,69817.94,3,Completed
SO08441,2024-12-09,C010,P007,R04,70,315.49,22084.3,11,Completed
SO08442,2024-03-08,C022,P001,R02,1768,40.96,72417.28,13,Completed
SO08443,2023-08-02,C035,P006,R02,1590,424.99,675734.1,28,Delayed
SO08444,2025-05-05,C050,P007,R04,1454,279.82,406858.28,17,Completed
SO08445,2024-03-11,C022,P008,R02,82,81.01,6642.82,20,Completed
SO08446,2024-10-02,C036,P001,R04,1955,345.5,675452.5,29,Delayed
SO08447,2025-06-07,C044,P001,R01,1006,223.22,224559.32,8,Completed
SO08448,2023-05-09,C023,P004,R04,268,292.37,78355.16,10,Completed
SO08449,2024-11-24,C040,P008,R01,1866,339.67,633824.22,27,Delayed
SO08450,2025-04-21,C006,P004,R04,409,331.0,135379.0,26,Completed
SO08451,2023-01-08,C017,P004,R03,1511,143.52,216858.72,15,Completed
SO08452,2023-09-07,C013,P006,R01,416,61.02,25384.32,25,Completed
SO08453,2025-09-24,C047,P004,R04,1972,475.43,937547.96,8,Completed
SO08454,2025-12-17,C031,P005,R02,1798,171.24,307889.52,17,Completed
SO08455,2024-10-31,C023,P004,R04,400,224.81,89924.0,24,Completed
SO08456,2023-01-10,C006,P008,R04,1394,315.47,439765.18,6,Completed
SO08457,2023-12-25,C037,P005,R04,987,286.33,282607.71,21,Completed
SO08458,2025-11-27,C024,P008,R02,1121,237.98,266775.58,20,Completed
SO08459,2023-05-03,C030,P005,R02,1706,169.13,288535.78,21,Completed
SO08460,2025-12-23,C014,P004,R03,807,284.56,229639.92,17,Completed
SO08461,2025-12-27,C047,P007,R04,1131,82.98,93850.38,9,Completed
SO08462,2023-12-02,C006,P002,R04,261,346.05,90319.05,26,Completed
SO08463,2024-04-27,C037,P005,R04,1302,297.04,386746.08,25,Completed
SO08464,2023-11-26,C050,P001,R04,1776,486.45,863935.2,29,Delayed
SO08465,2025-03-26,C001,P008,R01,1915,337.85,646982.75,27,Delayed
SO08466,2023-01-04,C032,P005,R02,1820,147.56,268559.2,19,Completed
SO08467,2023-12-08,C036,P005,R04,1376,331.51,456157.76,8,Completed
SO08468,2023-06-23,C009,P007,R02,1180,290.56,342860.8,18,Completed
SO08469,2025-04-11,C031,P003,R02,680,388.74,264343.2,28,Delayed
SO08470,2024-11-08,C043,P003,R04,156,61.53,9598.68,23,Completed
SO08471,2023-11-03,C023,P005,R04,1270,76.61,97294.7,13,Completed
SO08472,2023-12-28,C003,P005,R03,677,376.49,254883.73,17,Completed
SO08473,2025-12-17,C011,P007,R04,1557,351.85,547830.45,13,Completed
SO08474,2023-12-06,C045,P008,R03,655,250.98,164391.9,29,Delayed
SO08475,2024-01-05,C043,P008,R04,324,292.46,94757.04,18,Completed
SO08476,2025-10-03,C010,P002,R04,725,457.09,331390.25,29,Delayed
SO08477,2024-02-22,C009,P006,R02,552,73.32,40472.64,26,Completed
SO08478,2023-07-14,C050,P004,R04,1586,104.8,166212.8,12,Completed
SO08479,2023-05-25,C044,P005,R01,1245,202.79,252473.55,9,Completed
SO08480,2025-04-11,C048,P001,R04,72,498.0,35856.0,29,Delayed
SO08481,2024-06-17,C035,P005,R02,74,48.65,3600.1,16,Completed
SO08482,2023-12-23,C035,P004,R02,251,54.51,13682.01,24,Completed
SO08483,2025-03-02,C029,P005,R02,748,299.25,223839.0,21,Completed
SO08484,2023-02-14,C035,P006,R02,1977,52.9,104583.3,17,Completed
SO08485,2025-10-03,C013,P003,R01,572,63.71,36442.12,7,Completed
SO08486,2025-06-22,C043,P008,R04,1847,226.03,417477.41,22,Completed
SO08487,2024-09-10,C037,P006,R04,1495,209.33,312948.35,24,Completed
SO08488,2025-06-13,C048,P001,R04,1074,411.0,441414.0,26,Completed
SO08489,2024-07-07,C035,P004,R02,1307,487.34,636953.38,20,Completed
SO08490,2025-11-24,C043,P008,R04,1995,47.36,94483.2,19,Completed
SO08491,2025-06-03,C018,P006,R04,812,192.86,156602.32,18,Completed
SO08492,2023-05-28,C046,P001,R01,1899,474.3,900695.7,16,Completed
SO08493,2025-12-07,C033,P006,R02,1396,474.38,662234.48,5,Completed
SO08494,2023-12-22,C007,P008,R02,268,408.03,109352.04,7,Completed
SO08495,2024-01-29,C007,P004,R02,418,42.58,17798.44,14,Completed
SO08496,2023-07-18,C028,P005,R04,1227,220.97,271130.19,19,Completed
SO08497,2025-09-18,C014,P001,R03,712,383.15,272802.8,16,Completed
SO08498,2023-12-29,C001,P005,R01,1604,166.19,266568.76,3,Completed
SO08499,2025-12-24,C046,P005,R01,903,266.6,240739.8,11,Completed
SO08500,2024-03-19,C015,P002,R04,809,194.75,157552.75,29,Delayed
SO08501,2024-12-08,C007,P005,R02,627,94.28,59113.56,28,Delayed
SO08502,2023-08-05,C019,P005,R04,1551,175.89,272805.39,15,Completed
SO08503,2024-03-06,C038,P002,R02,842,443.4,373342.8,15,Completed
SO08504,2023-10-15,C015,P002,R04,264,251.1,66290.4,10,Completed
SO08505,2024-02-17,C001,P002,R01,833,436.77,363829.41,29,Delayed
SO08506,2023-06-06,C006,P006,R04,681,161.11,109715.91,10,Completed
SO08507,2023-02-02,C001,P001,R01,840,120.41,101144.4,21,Completed
SO08508,2024-05-15,C039,P001,R01,1800,54.34,97812.0,17,Completed
SO08509,2025-05-10,C047,P001,R04,801,475.86,381163.86,19,Completed
SO08510,2025-05-17,C021,P002,R01,1016,274.43,278820.88,23,Completed
SO08511,2024-03-21,C048,P002,R04,1980,377.33,747113.4,12,Completed
SO08512,2024-01-21,C015,P005,R04,168,116.58,19585.44,29,Delayed
SO08513,2024-10-21,C031,P007,R02,507,139.81,70883.67,13,Completed
SO08514,2023-07-28,C021,P005,R01,558,171.92,95931.36,6,Completed
SO08515,2024-10-22,C023,P008,R04,1606,228.7,367292.2,19,Completed
SO08516,2024-05-06,C021,P002,R01,1965,92.45,181664.25,25,Completed
SO08517,2025-09-15,C041,P007,R02,1559,239.34,373131.06,8,Completed
SO08518,2024-08-21,C032,P006,R02,961,186.95,179658.95,13,Completed
SO08519,2023-08-31,C030,P004,R02,921,177.31,163302.51,13,Completed
SO08520,2023-08-06,C034,P005,R02,1964,188.27,369762.28,28,Delayed
SO08521,2025-08-12,C009,P001,R02,876,403.46,353430.96,9,Completed
SO08522,2023-12-26,C027,P007,R03,531,137.23,72869.13,11,Completed
SO08523,2024-03-19,C021,P008,R01,1810,354.11,640939.1,18,Completed
SO08524,2024-07-25,C035,P006,R02,1667,226.17,377025.39,9,Completed
SO08525,2025-02-15,C024,P008,R02,53,263.62,13971.86,12,Completed
SO08526,2023-09-30,C013,P004,R01,1223,460.4,563069.2,14,Completed
SO08527,2024-06-07,C043,P006,R04,575,385.82,221846.5,10,Completed
SO08528,2023-11-15,C014,P004,R03,1508,196.43,296216.44,15,Completed
SO08529,2025-06-13,C023,P002,R04,259,309.75,80225.25,4,Completed
SO08530,2025-11-09,C002,P008,R04,1012,462.47,468019.64,12,Completed
SO08531,2023-12-30,C028,P006,R04,1588,154.36,245123.68,25,Completed
SO08532,2023-07-08,C010,P003,R04,1640,181.99,298463.6,11,Completed
SO08533,2023-12-03,C050,P001,R04,1031,80.82,83325.42,11,Completed
SO08534,2023-05-26,C039,P001,R01,1638,426.39,698426.82,7,Completed
SO08535,2024-01-10,C021,P002,R01,1907,490.52,935421.64,12,Completed
SO08536,2025-09-17,C001,P005,R01,1251,464.7,581339.7,24,Completed
SO08537,2023-05-31,C036,P001,R04,426,69.01,29398.26,24,Completed
SO08538,2025-05-13,C042,P003,R04,774,41.71,32283.54,26,Completed
SO08539,2023-10-05,C008,P002,R04,1114,47.59,53015.26,5,Completed
SO08540,2024-03-01,C013,P001,R01,988,398.12,393342.56,21,Completed
SO08541,2024-11-28,C014,P004,R03,566,491.15,277990.9,13,Completed
SO08542,2024-08-02,C036,P005,R04,954,175.79,167703.66,15,Completed
SO08543,2023-02-20,C019,P005,R04,881,277.73,244680.13,27,Delayed
SO08544,2023-08-31,C001,P001,R01,1677,478.04,801673.08,15,Completed
SO08545,2023-10-26,C043,P003,R04,1760,496.01,872977.6,29,Delayed
SO08546,2023-10-11,C002,P004,R04,581,109.02,63340.62,26,Completed
SO08547,2023-12-23,C022,P007,R02,1914,494.19,945879.66,12,Completed
SO08548,2025-06-19,C050,P004,R04,742,57.25,42479.5,24,Completed
SO08549,2025-11-05,C013,P006,R01,1970,255.04,502428.8,26,Completed
SO08550,2023-09-20,C017,P003,R03,453,411.12,186237.36,6,Completed
SO08551,2023-02-27,C042,P008,R04,291,298.37,86825.67,27,Delayed
SO08552,2023-05-02,C027,P005,R03,1043,470.55,490783.65,20,Completed
SO08553,2024-06-12,C014,P007,R03,1255,226.71,284521.05,11,Completed
SO08554,2023-06-22,C011,P004,R04,1361,469.29,638703.69,22,Completed
SO08555,2024-09-30,C049,P002,R03,1991,199.03,396268.73,25,Completed
SO08556,2025-03-14,C016,P008,R03,1132,292.54,331155.28,28,Delayed
SO08557,2024-03-01,C043,P006,R04,96,174.66,16767.36,8,Completed
SO08558,2024-07-11,C004,P008,R03,1462,33.69,49254.78,15,Completed
SO08559,2025-04-26,C042,P007,R04,546,91.54,49980.84,29,Delayed
SO08560,2023-10-14,C024,P002,R02,519,64.83,33646.77,12,Completed
SO08561,2023-11-06,C035,P003,R02,1775,89.08,158117.0,26,Completed
SO08562,2024-05-01,C019,P007,R04,1553,196.01,304403.53,29,Delayed
SO08563,2025-02-24,C012,P001,R01,704,454.22,319770.88,12,Completed
SO08564,2025-12-24,C008,P003,R04,362,335.85,121577.7,9,Completed
SO08565,2024-11-11,C016,P001,R03,1784,473.48,844688.32,8,Completed
SO08566,2025-06-22,C010,P002,R04,1836,103.25,189567.0,6,Completed
SO08567,2023-07-20,C042,P006,R04,1639,238.66,391163.74,13,Completed
SO08568,2023-11-30,C041,P005,R02,783,119.51,93576.33,18,Completed
SO08569,2025-04-02,C033,P003,R02,1699,21.82,37072.18,24,Completed
SO08570,2023-11-19,C011,P002,R04,326,472.34,153982.84,9,Completed
SO08571,2025-07-25,C029,P002,R02,1816,122.5,222460.0,18,Completed
SO08572,2025-09-17,C035,P001,R02,248,219.41,54413.68,18,Completed
SO08573,2025-06-24,C036,P008,R04,55,164.29,9035.95,9,Completed
SO08574,2025-02-04,C043,P003,R04,1762,208.42,367236.04,25,Completed
SO08575,2025-07-11,C050,P008,R04,1606,494.58,794295.48,12,Completed
SO08576,2023-05-16,C050,P008,R04,1202,153.36,184338.72,12,Completed
SO08577,2024-11-29,C036,P008,R04,1646,77.73,127943.58,12,Completed
SO08578,2024-04-26,C027,P002,R03,1350,28.28,38178.0,25,Completed
SO08579,2023-11-22,C009,P008,R02,549,208.8,114631.2,19,Completed
SO08580,2025-09-26,C039,P004,R01,1567,327.01,512424.67,27,Delayed
SO08581,2023-11-01,C032,P001,R02,639,424.04,270961.56,11,Completed
SO08582,2023-01-18,C048,P007,R04,129,328.57,42385.53,26,Completed
SO08583,2024-03-27,C005,P006,R04,1496,199.75,298826.0,13,Completed
SO08584,2023-11-11,C006,P008,R04,1429,141.31,201931.99,26,Completed
SO08585,2023-12-16,C027,P003,R03,410,220.86,90552.6,17,Completed
SO08586,2025-05-13,C042,P002,R04,1580,474.61,749883.8,20,Completed
SO08587,2023-12-24,C041,P006,R02,1078,287.34,309752.52,14,Completed
SO08588,2025-08-31,C013,P001,R01,1539,293.82,452188.98,27,Delayed
SO08589,2025-12-28,C002,P006,R04,1036,495.07,512892.52,26,Completed
SO08590,2025-11-25,C049,P001,R03,492,332.96,163816.32,26,Completed
SO08591,2023-12-05,C014,P006,R03,1612,476.78,768569.36,27,Delayed
SO08592,2023-12-31,C050,P004,R04,1199,38.09,45669.91,17,Completed
SO08593,2023-05-14,C005,P005,R04,1334,129.62,172913.08,3,Completed
SO08594,2024-03-15,C009,P007,R02,1275,23.03,29363.25,15,Completed
SO08595,2023-08-13,C021,P007,R01,1026,283.5,290871.0,25,Completed
SO08596,2023-03-29,C007,P007,R02,118,255.16,30108.88,19,Completed
SO08597,2023-09-26,C008,P002,R04,1886,129.13,243539.18,8,Completed
SO08598,2024-04-16,C033,P008,R02,1507,23.35,35188.45,10,Completed
SO08599,2024-11-01,C010,P003,R04,1288,400.07,515290.16,26,Completed
SO08600,2024-03-26,C005,P004,R04,451,334.6,150904.6,7,Completed
SO08601,2025-02-11,C045,P006,R03,333,330.48,110049.84,13,Completed
SO08602,2025-07-31,C021,P001,R01,620,24.88,15425.6,9,Completed
SO08603,2025-04-22,C027,P002,R03,670,65.98,44206.6,5,Completed
SO08604,2025-05-16,C015,P008,R04,114,265.07,30217.98,16,Completed
SO08605,2023-12-06,C025,P004,R01,1040,495.54,515361.6,8,Completed
SO08606,2025-02-03,C014,P003,R03,1726,468.82,809183.32,29,Delayed
SO08607,2024-04-28,C015,P008,R04,200,218.89,43778.0,10,Completed
SO08608,2024-04-21,C034,P005,R02,1612,375.33,605031.96,13,Completed
SO08609,2024-12-29,C047,P007,R04,1175,474.65,557713.75,20,Completed
SO08610,2024-06-16,C025,P003,R01,1158,127.0,147066.0,18,Completed
SO08611,2024-10-08,C019,P004,R04,232,233.53,54178.96,5,Completed
SO08612,2023-01-16,C022,P008,R02,915,190.37,174188.55,23,Completed
SO08613,2024-02-15,C003,P003,R03,59,191.89,11321.51,22,Completed
SO08614,2024-07-28,C017,P005,R03,1122,68.03,76329.66,28,Delayed
SO08615,2024-10-06,C014,P003,R03,1754,46.19,81017.26,19,Completed
SO08616,2025-09-24,C010,P003,R04,1865,319.29,595475.85,29,Delayed
SO08617,2025-03-30,C007,P003,R02,333,39.91,13290.03,5,Completed
SO08618,2025-03-16,C035,P002,R02,1082,332.79,360078.78,14,Completed
SO08619,2024-04-23,C002,P007,R04,964,447.84,431717.76,25,Completed
SO08620,2023-08-30,C040,P007,R01,1271,41.29,52479.59,15,Completed
SO08621,2023-12-10,C016,P002,R03,860,158.44,136258.4,10,Completed
SO08622,2025-02-19,C038,P003,R02,712,96.93,69014.16,14,Completed
SO08623,2023-10-21,C023,P004,R04,193,177.28,34215.04,7,Completed
SO08624,2024-11-18,C021,P001,R01,1771,234.8,415830.8,25,Completed
SO08625,2024-04-04,C046,P004,R01,515,70.38,36245.7,22,Completed
SO08626,2025-05-21,C016,P003,R03,1818,66.76,121369.68,5,Completed
SO08627,2024-07-22,C040,P007,R01,991,363.02,359752.82,15,Completed
SO08628,2025-09-16,C037,P001,R04,917,209.59,192194.03,8,Completed
SO08629,2023-09-07,C003,P002,R03,559,216.42,120978.78,24,Completed
SO08630,2023-12-06,C016,P003,R03,1853,450.97,835647.41,23,Completed
SO08631,2023-03-19,C021,P006,R01,141,386.85,54545.85,9,Completed
SO08632,2025-10-19,C021,P004,R01,197,271.98,53580.06,22,Completed
SO08633,2025-09-28,C028,P004,R04,272,207.6,56467.2,18,Completed
SO08634,2025-10-13,C033,P005,R02,1328,403.81,536259.68,19,Completed
SO08635,2023-04-06,C032,P004,R02,1137,166.56,189378.72,7,Completed
SO08636,2023-08-29,C018,P001,R04,1023,34.99,35794.77,15,Completed
SO08637,2024-09-02,C043,P006,R04,1444,99.89,144241.16,6,Completed
SO08638,2025-09-01,C038,P001,R02,812,146.3,118795.6,8,Completed
SO08639,2024-11-24,C021,P006,R01,1477,61.83,91322.91,26,Completed
SO08640,2025-12-30,C049,P003,R03,1997,58.74,117303.78,26,Completed
SO08641,2024-04-10,C030,P005,R02,1486,83.89,124660.54,11,Completed
SO08642,2024-04-16,C048,P002,R04,1859,237.75,441977.25,25,Completed
SO08643,2024-08-23,C011,P003,R04,872,356.08,310501.76,20,Completed
SO08644,2023-06-27,C017,P004,R03,1323,21.08,27888.84,7,Completed
SO08645,2025-12-16,C035,P007,R02,1621,432.39,700904.19,20,Completed
SO08646,2023-09-12,C006,P006,R04,634,435.44,276068.96,15,Completed
SO08647,2024-10-23,C049,P005,R03,413,199.18,82261.34,27,Delayed
SO08648,2023-11-19,C028,P008,R04,862,103.64,89337.68,24,Completed
SO08649,2024-04-28,C030,P002,R02,1831,427.05,781928.55,12,Completed
SO08650,2025-03-02,C005,P006,R04,795,330.04,262381.8,16,Completed
SO08651,2025-09-09,C021,P005,R01,1215,102.72,124804.8,6,Completed
SO08652,2025-11-06,C029,P003,R02,1252,398.31,498684.12,8,Completed
SO08653,2024-08-05,C011,P005,R04,1553,87.64,136104.92,4,Completed
SO08654,2025-01-01,C022,P007,R02,1974,162.32,320419.68,9,Completed
SO08655,2025-05-06,C031,P008,R02,466,263.23,122665.18,20,Completed
SO08656,2023-06-01,C047,P002,R04,637,302.75,192851.75,18,Completed
SO08657,2025-10-25,C048,P007,R04,371,297.27,110287.17,14,Completed
SO08658,2025-01-13,C015,P002,R04,729,56.97,41531.13,18,Completed
SO08659,2023-07-19,C001,P008,R01,729,224.53,163682.37,23,Completed
SO08660,2025-07-04,C034,P008,R02,446,384.73,171589.58,28,Delayed
SO08661,2024-06-01,C026,P008,R04,1926,348.45,671114.7,7,Completed
SO08662,2023-03-23,C002,P002,R04,1081,218.6,236306.6,24,Completed
SO08663,2025-11-05,C013,P006,R01,875,97.52,85330.0,17,Completed
SO08664,2023-10-04,C023,P008,R04,123,437.76,53844.48,7,Completed
SO08665,2023-03-06,C049,P004,R03,1358,343.42,466364.36,27,Delayed
SO08666,2025-12-01,C028,P007,R04,1851,260.01,481278.51,9,Completed
SO08667,2024-07-20,C040,P007,R01,959,316.12,303159.08,19,Completed
SO08668,2025-11-29,C007,P005,R02,1984,295.21,585696.64,4,Completed
SO08669,2023-03-24,C020,P007,R01,483,75.88,36650.04,22,Completed
SO08670,2025-12-23,C030,P002,R02,1279,90.2,115365.8,10,Completed
SO08671,2023-11-06,C045,P008,R03,1634,211.57,345705.38,9,Completed
SO08672,2023-09-25,C045,P006,R03,146,468.07,68338.22,23,Completed
SO08673,2025-12-20,C040,P002,R01,398,72.75,28954.5,9,Completed
SO08674,2023-12-21,C031,P008,R02,79,347.55,27456.45,17,Completed
SO08675,2024-12-23,C023,P001,R04,375,161.27,60476.25,29,Delayed
SO08676,2025-08-12,C045,P006,R03,856,114.93,98380.08,19,Completed
SO08677,2023-11-02,C039,P001,R01,490,393.6,192864.0,6,Completed
SO08678,2024-10-24,C026,P004,R04,1827,420.72,768655.44,27,Delayed
SO08679,2024-11-26,C024,P008,R02,373,100.99,37669.27,16,Completed
SO08680,2025-05-28,C031,P003,R02,729,133.08,97015.32,23,Completed
SO08681,2025-02-19,C003,P005,R03,174,57.23,9958.02,20,Completed
SO08682,2023-06-12,C030,P004,R02,847,353.21,299168.87,21,Completed
SO08683,2025-03-25,C035,P002,R02,1339,353.01,472680.39,28,Delayed
SO08684,2023-04-09,C039,P003,R01,482,207.95,100231.9,9,Completed
SO08685,2023-02-11,C015,P008,R04,555,104.15,57803.25,5,Completed
SO08686,2024-07-25,C016,P001,R03,1654,180.36,298315.44,12,Completed
SO08687,2023-01-12,C005,P001,R04,1208,305.15,368621.2,14,Completed
SO08688,2023-06-13,C016,P008,R03,928,449.2,416857.6,25,Completed
SO08689,2025-02-25,C015,P001,R04,432,255.37,110319.84,7,Completed
SO08690,2024-09-09,C043,P008,R04,1212,385.02,466644.24,17,Completed
SO08691,2025-04-17,C031,P008,R02,1223,406.03,496574.69,29,Delayed
SO08692,2025-09-22,C007,P007,R02,907,490.13,444547.91,14,Completed
SO08693,2025-05-17,C049,P007,R03,1840,263.47,484784.8,11,Completed
SO08694,2025-02-21,C024,P007,R02,1450,317.46,460317.0,17,Completed
SO08695,2025-09-28,C025,P003,R01,1470,429.28,631041.6,16,Completed
SO08696,2023-03-11,C031,P006,R02,72,387.48,27898.56,20,Completed
SO08697,2025-08-14,C013,P003,R01,307,243.63,74794.41,4,Completed
SO08698,2024-12-09,C025,P003,R01,1788,473.1,845902.8,23,Completed
SO08699,2025-09-02,C026,P001,R04,204,468.95,95665.8,20,Completed
SO08700,2023-04-09,C030,P002,R02,894,25.92,23172.48,16,Completed
SO08701,2024-12-18,C029,P008,R02,338,241.49,81623.62,9,Completed
SO08702,2024-03-23,C050,P005,R04,88,177.75,15642.0,11,Completed
SO08703,2025-08-29,C009,P004,R02,1764,180.11,317714.04,18,Completed
SO08704,2023-06-15,C045,P006,R03,772,137.92,106474.24,24,Completed
SO08705,2025-08-02,C010,P001,R04,96,315.54,30291.84,17,Completed
SO08706,2023-11-10,C025,P006,R01,1667,217.16,362005.72,29,Delayed
SO08707,2024-11-15,C022,P001,R02,1951,270.61,527960.11,24,Completed
SO08708,2023-10-27,C002,P007,R04,1776,174.64,310160.64,15,Completed
SO08709,2023-12-01,C045,P001,R03,962,426.11,409917.82,27,Delayed
SO08710,2025-08-22,C044,P004,R01,1146,105.03,120364.38,21,Completed
SO08711,2024-11-08,C041,P003,R02,615,487.21,299634.15,12,Completed
SO08712,2023-12-24,C043,P004,R04,53,463.29,24554.37,19,Completed
SO08713,2025-05-14,C009,P002,R02,64,439.86,28151.04,5,Completed
SO08714,2023-10-26,C023,P008,R04,1783,184.24,328499.92,24,Completed
SO08715,2024-02-18,C032,P002,R02,1459,102.85,150058.15,9,Completed
SO08716,2024-11-20,C024,P007,R02,909,329.93,299906.37,19,Completed
SO08717,2023-10-13,C019,P003,R04,1653,453.36,749404.08,3,Completed
SO08718,2025-06-13,C025,P005,R01,1096,462.03,506384.88,9,Completed
SO08719,2024-11-05,C002,P006,R04,215,383.76,82508.4,22,Completed
SO08720,2024-04-22,C017,P006,R03,175,28.34,4959.5,10,Completed
SO08721,2024-10-16,C028,P006,R04,1017,359.4,365509.8,15,Completed
SO08722,2025-03-25,C038,P002,R02,783,242.89,190182.87,29,Delayed
SO08723,2023-08-30,C033,P001,R02,383,239.44,91705.52,11,Completed
SO08724,2025-03-24,C002,P002,R04,1827,58.12,106185.24,23,Completed
SO08725,2025-03-12,C002,P008,R04,1706,25.38,43298.28,25,Completed
SO08726,2025-12-24,C040,P001,R01,902,264.83,238876.66,11,Completed
SO08727,2024-08-24,C032,P005,R02,1078,76.47,82434.66,17,Completed
SO08728,2025-05-01,C038,P008,R02,954,359.32,342791.28,11,Completed
SO08729,2023-05-09,C023,P008,R04,264,441.9,116661.6,3,Completed
SO08730,2023-12-03,C023,P003,R04,709,243.09,172350.81,20,Completed
SO08731,2023-10-18,C020,P005,R01,1353,326.85,442228.05,9,Completed
SO08732,2023-07-28,C031,P007,R02,1910,93.55,178680.5,12,Completed
SO08733,2025-05-28,C007,P006,R02,1129,166.92,188452.68,24,Completed
SO08734,2024-06-08,C038,P003,R02,902,148.66,134091.32,28,Delayed
SO08735,2023-02-18,C038,P002,R02,965,97.01,93614.65,8,Completed
SO08736,2025-02-06,C016,P003,R03,1383,298.91,413392.53,12,Completed
SO08737,2025-09-19,C026,P006,R04,1622,406.05,658613.1,22,Completed
SO08738,2023-09-05,C040,P002,R01,1796,81.41,146212.36,11,Completed
SO08739,2024-12-19,C046,P001,R01,563,197.76,111338.88,19,Completed
SO08740,2023-08-24,C048,P007,R04,201,112.73,22658.73,19,Completed
SO08741,2025-02-23,C004,P007,R03,818,132.25,108180.5,5,Completed
SO08742,2025-05-20,C009,P001,R02,1386,99.94,138516.84,13,Completed
SO08743,2023-01-12,C008,P005,R04,585,79.73,46642.05,12,Completed
SO08744,2024-10-12,C044,P002,R01,762,445.39,339387.18,18,Completed
SO08745,2024-09-13,C039,P004,R01,445,429.48,191118.6,21,Completed
SO08746,2023-07-25,C034,P002,R02,1800,476.78,858204.0,28,Delayed
SO08747,2023-01-09,C042,P003,R04,1781,390.93,696246.33,24,Completed
SO08748,2025-01-05,C046,P002,R01,1958,22.85,44740.3,6,Completed
SO08749,2024-06-14,C027,P003,R03,1143,51.76,59161.68,7,Completed
SO08750,2025-07-12,C037,P002,R04,1085,215.74,234077.9,4,Completed
SO08751,2023-12-11,C049,P001,R03,1283,57.64,73952.12,12,Completed
SO08752,2024-04-17,C017,P003,R03,1101,266.32,293218.32,4,Completed
SO08753,2023-01-28,C002,P001,R04,1709,264.39,451842.51,29,Delayed
SO08754,2023-05-28,C050,P005,R04,1559,283.73,442335.07,27,Delayed
SO08755,2023-07-23,C023,P001,R04,682,287.84,196306.88,15,Completed
SO08756,2023-12-24,C030,P008,R02,107,23.56,2520.92,19,Completed
SO08757,2024-02-04,C045,P001,R03,340,467.91,159089.4,5,Completed
SO08758,2023-02-07,C010,P001,R04,325,353.89,115014.25,10,Completed
SO08759,2023-11-16,C032,P001,R02,1907,422.94,806546.58,22,Completed
SO08760,2024-04-22,C044,P008,R01,1979,21.68,42904.72,12,Completed
SO08761,2024-12-19,C029,P008,R02,718,149.27,107175.86,5,Completed
SO08762,2025-08-18,C004,P002,R03,488,167.46,81720.48,15,Completed
SO08763,2023-05-27,C020,P001,R01,77,93.25,7180.25,16,Completed
SO08764,2025-05-24,C039,P006,R01,283,242.7,68684.1,17,Completed
SO08765,2023-01-04,C042,P002,R04,1472,66.61,98049.92,20,Completed
SO08766,2024-10-12,C031,P006,R02,639,427.03,272872.17,6,Completed
SO08767,2023-05-19,C004,P006,R03,167,407.37,68030.79,13,Completed
SO08768,2024-11-22,C008,P001,R04,1971,375.61,740327.31,5,Completed
SO08769,2024-11-14,C012,P003,R01,1599,399.48,638768.52,29,Delayed
SO08770,2024-04-08,C018,P001,R04,1342,479.87,643985.54,28,Delayed
SO08771,2024-07-30,C040,P002,R01,1538,199.18,306338.84,3,Completed
SO08772,2023-02-13,C002,P008,R04,846,417.92,353560.32,13,Completed
SO08773,2024-02-11,C034,P003,R02,1616,401.67,649098.72,11,Completed
SO08774,2025-09-22,C031,P007,R02,1411,185.29,261444.19,23,Completed
SO08775,2024-07-01,C024,P002,R02,1409,461.36,650056.24,21,Completed
SO08776,2023-03-22,C041,P003,R02,572,369.83,211542.76,15,Completed
SO08777,2025-09-14,C024,P008,R02,1596,79.0,126084.0,27,Delayed
SO08778,2023-10-20,C005,P004,R04,721,272.82,196703.22,5,Completed
SO08779,2024-02-26,C033,P007,R02,69,280.36,19344.84,14,Completed
SO08780,2025-04-15,C021,P003,R01,1027,55.45,56947.15,13,Completed
SO08781,2023-12-28,C050,P004,R04,989,380.32,376136.48,12,Completed
SO08782,2025-06-03,C041,P001,R02,1935,121.62,235334.7,27,Delayed
SO08783,2024-09-23,C042,P004,R04,379,263.92,100025.68,9,Completed
SO08784,2023-02-10,C015,P008,R04,1359,323.85,440112.15,14,Completed
SO08785,2023-07-04,C036,P001,R04,1561,390.98,610319.78,8,Completed
SO08786,2024-12-21,C018,P005,R04,446,490.81,218901.26,23,Completed
SO08787,2025-04-04,C026,P005,R04,310,218.79,67824.9,19,Completed
SO08788,2023-12-14,C001,P004,R01,1545,316.64,489208.8,20,Completed
SO08789,2024-12-17,C045,P008,R03,1958,311.06,609055.48,13,Completed
SO08790,2023-07-03,C013,P004,R01,1632,456.39,744828.48,26,Completed
SO08791,2025-03-05,C030,P007,R02,447,89.74,40113.78,16,Completed
SO08792,2025-04-06,C013,P007,R01,642,450.42,289169.64,14,Completed
SO08793,2025-08-24,C001,P001,R01,1356,92.71,125714.76,15,Completed
SO08794,2025-05-27,C050,P007,R04,359,243.96,87581.64,18,Completed
SO08795,2023-03-18,C027,P006,R03,430,109.23,46968.9,13,Completed
SO08796,2024-10-31,C008,P005,R04,1348,484.07,652526.36,5,Completed
SO08797,2024-05-16,C040,P004,R01,1687,217.93,367647.91,10,Completed
SO08798,2023-05-18,C035,P005,R02,505,439.89,222144.45,23,Completed
SO08799,2025-09-05,C046,P007,R01,1594,93.57,149150.58,14,Completed
SO08800,2024-02-07,C008,P006,R04,1777,460.73,818717.21,17,Completed
SO08801,2023-04-19,C034,P004,R02,1174,204.23,239766.02,4,Completed
SO08802,2023-12-19,C004,P002,R03,84,107.37,9019.08,28,Delayed
SO08803,2024-03-04,C037,P007,R04,1025,488.14,500343.5,11,Completed
SO08804,2024-06-06,C019,P001,R04,64,350.86,22455.04,22,Completed
SO08805,2025-07-06,C031,P006,R02,1227,114.47,140454.69,23,Completed
SO08806,2023-09-07,C048,P008,R04,418,263.92,110318.56,16,Completed
SO08807,2024-12-22,C023,P003,R04,1690,389.51,658271.9,25,Completed
SO08808,2025-12-15,C007,P004,R02,1569,450.28,706489.32,25,Completed
SO08809,2024-09-19,C043,P003,R04,1562,476.1,743668.2,24,Completed
SO08810,2024-12-14,C029,P001,R02,1002,360.85,361571.7,17,Completed
SO08811,2023-12-27,C038,P003,R02,136,151.38,20587.68,6,Completed
SO08812,2023-07-10,C032,P003,R02,1647,31.66,52144.02,23,Completed
SO08813,2024-06-13,C005,P005,R04,432,282.31,121957.92,14,Completed
SO08814,2025-03-31,C027,P001,R03,53,290.25,15383.25,15,Completed
SO08815,2023-08-19,C033,P004,R02,84,358.5,30114.0,14,Completed
SO08816,2023-08-20,C023,P003,R04,1831,390.2,714456.2,21,Completed
SO08817,2024-09-02,C019,P008,R04,1749,482.87,844539.63,9,Completed
SO08818,2025-10-05,C022,P004,R02,883,373.38,329694.54,10,Completed
SO08819,2024-07-07,C046,P002,R01,53,173.77,9209.81,27,Delayed
SO08820,2023-09-23,C047,P002,R04,1854,73.5,136269.0,24,Completed
SO08821,2025-08-23,C030,P001,R02,181,174.65,31611.65,15,Completed
SO08822,2024-07-29,C032,P001,R02,333,360.42,120019.86,29,Delayed
SO08823,2024-09-04,C009,P006,R02,951,245.02,233014.02,8,Completed
SO08824,2025-01-21,C006,P001,R04,795,346.38,275372.1,14,Completed
SO08825,2024-09-01,C049,P003,R03,113,155.03,17518.39,3,Completed
SO08826,2024-02-11,C003,P001,R03,1540,195.45,300993.0,10,Completed
SO08827,2025-08-01,C002,P003,R04,1672,403.61,674835.92,23,Completed
SO08828,2023-10-01,C007,P001,R02,1648,105.83,174407.84,29,Delayed
SO08829,2023-08-31,C014,P006,R03,380,431.34,163909.2,15,Completed
SO08830,2024-08-28,C045,P001,R03,604,329.21,198842.84,10,Completed
SO08831,2025-11-14,C026,P005,R04,1437,205.95,295950.15,9,Completed
SO08832,2023-06-01,C014,P001,R03,101,397.42,40139.42,23,Completed
SO08833,2023-05-21,C011,P008,R04,1925,376.03,723857.75,4,Completed
SO08834,2023-04-08,C004,P001,R03,1036,405.07,419652.52,19,Completed
SO08835,2025-12-07,C016,P002,R03,1259,459.35,578321.65,18,Completed
SO08836,2023-05-27,C044,P003,R01,1029,129.76,133523.04,8,Completed
SO08837,2023-02-27,C032,P008,R02,702,499.57,350698.14,11,Completed
SO08838,2025-03-12,C014,P006,R03,1507,227.36,342631.52,6,Completed
SO08839,2024-01-18,C028,P008,R04,94,330.53,31069.82,20,Completed
SO08840,2023-03-11,C038,P001,R02,544,376.24,204674.56,12,Completed
SO08841,2023-01-29,C037,P002,R04,1699,197.48,335518.52,12,Completed
SO08842,2024-02-07,C026,P008,R04,87,77.77,6765.99,14,Completed
SO08843,2023-12-25,C033,P007,R02,501,30.14,15100.14,23,Completed
SO08844,2023-08-18,C045,P007,R03,253,372.51,94245.03,21,Completed
SO08845,2023-02-26,C012,P008,R01,1838,160.64,295256.32,28,Delayed
SO08846,2025-07-11,C034,P003,R02,331,86.29,28561.99,26,Completed
SO08847,2024-12-09,C046,P004,R01,955,155.78,148769.9,27,Delayed
SO08848,2025-12-23,C004,P007,R03,61,23.93,1459.73,11,Completed
SO08849,2025-05-19,C049,P005,R03,129,289.53,37349.37,10,Completed
SO08850,2025-11-15,C027,P006,R03,1184,119.35,141310.4,6,Completed
SO08851,2023-06-14,C020,P002,R01,1257,348.2,437687.4,10,Completed
SO08852,2023-04-05,C009,P004,R02,1345,494.47,665062.15,14,Completed
SO08853,2023-02-26,C008,P008,R04,1417,471.69,668384.73,7,Completed
SO08854,2025-11-13,C039,P001,R01,895,469.22,419951.9,25,Completed
SO08855,2024-08-04,C011,P001,R04,1514,270.88,410112.32,8,Completed
SO08856,2024-12-23,C038,P005,R02,151,383.17,57858.67,26,Completed
SO08857,2023-09-05,C039,P004,R01,183,303.96,55624.68,27,Delayed
SO08858,2025-11-11,C045,P003,R03,185,414.52,76686.2,21,Completed
SO08859,2024-12-18,C031,P007,R02,1755,101.53,178185.15,29,Delayed
SO08860,2025-01-27,C004,P008,R03,61,295.67,18035.87,10,Completed
SO08861,2025-01-04,C048,P003,R04,1961,422.79,829091.19,11,Completed
SO08862,2024-01-31,C041,P008,R02,1367,220.82,301860.94,8,Completed
SO08863,2025-11-26,C032,P003,R02,916,444.72,407363.52,6,Completed
SO08864,2025-03-09,C030,P002,R02,990,244.86,242411.4,11,Completed
SO08865,2024-06-05,C007,P008,R02,1780,467.13,831491.4,9,Completed
SO08866,2024-12-01,C024,P008,R02,1074,401.23,430921.02,7,Completed
SO08867,2023-05-26,C020,P001,R01,1359,398.95,542173.05,17,Completed
SO08868,2025-06-16,C032,P005,R02,452,33.51,15146.52,3,Completed
SO08869,2024-07-09,C024,P001,R02,1333,205.97,274558.01,6,Completed
SO08870,2024-11-09,C041,P001,R02,728,249.67,181759.76,9,Completed
SO08871,2025-12-30,C021,P007,R01,190,293.05,55679.5,8,Completed
SO08872,2024-03-07,C016,P007,R03,492,105.0,51660.0,6,Completed
SO08873,2024-10-07,C036,P007,R04,982,369.75,363094.5,3,Completed
SO08874,2025-10-25,C019,P001,R04,392,323.68,126882.56,13,Completed
SO08875,2024-03-02,C036,P005,R04,1243,304.74,378791.82,10,Completed
SO08876,2023-10-13,C026,P001,R04,852,205.87,175401.24,29,Delayed
SO08877,2025-02-16,C050,P007,R04,781,329.94,257683.14,20,Completed
SO08878,2024-02-28,C029,P002,R02,1204,229.29,276065.16,10,Completed
SO08879,2024-07-11,C045,P004,R03,753,260.26,195975.78,13,Completed
SO08880,2024-09-26,C026,P006,R04,1402,254.2,356388.4,7,Completed
SO08881,2024-05-19,C024,P001,R02,1499,226.16,339013.84,17,Completed
SO08882,2024-04-09,C047,P004,R04,1465,433.83,635560.95,24,Completed
SO08883,2025-09-03,C046,P006,R01,1162,46.91,54509.42,23,Completed
SO08884,2025-06-27,C007,P008,R02,1636,58.02,94920.72,9,Completed
SO08885,2025-06-22,C035,P002,R02,1577,264.64,417337.28,23,Completed
SO08886,2025-01-28,C043,P001,R04,555,22.29,12370.95,29,Delayed
SO08887,2023-07-10,C036,P006,R04,825,227.09,187349.25,26,Completed
SO08888,2023-03-21,C044,P004,R01,1936,259.16,501733.76,16,Completed
SO08889,2025-05-15,C022,P001,R02,864,212.91,183954.24,6,Completed
SO08890,2025-08-03,C011,P005,R04,374,406.56,152053.44,16,Completed
SO08891,2025-08-03,C032,P004,R02,1495,323.47,483587.65,26,Completed
SO08892,2024-10-11,C028,P005,R04,856,400.09,342477.04,6,Completed
SO08893,2025-03-18,C025,P003,R01,1758,399.4,702145.2,23,Completed
SO08894,2025-01-11,C025,P007,R01,465,372.82,173361.3,15,Completed
SO08895,2025-08-15,C030,P006,R02,1915,138.12,264499.8,11,Completed
SO08896,2025-01-10,C019,P003,R04,1591,468.65,745622.15,18,Completed
SO08897,2024-11-22,C032,P004,R02,1027,385.49,395898.23,7,Completed
SO08898,2024-06-11,C002,P008,R04,1966,467.8,919694.8,7,Completed
SO08899,2023-11-29,C005,P002,R04,605,223.91,135465.55,22,Completed
SO08900,2023-11-06,C014,P004,R03,1418,183.29,259905.22,22,Completed
SO08901,2024-01-01,C036,P008,R04,1808,408.88,739255.04,27,Delayed
SO08902,2024-11-14,C033,P002,R02,663,49.51,32825.13,29,Delayed
SO08903,2024-09-25,C012,P001,R01,1967,166.43,327367.81,27,Delayed
SO08904,2025-11-13,C011,P004,R04,950,369.04,350588.0,16,Completed
SO08905,2024-04-20,C035,P001,R02,1945,252.61,491326.45,24,Completed
SO08906,2024-06-09,C039,P007,R01,1159,434.45,503527.55,8,Completed
SO08907,2023-10-05,C021,P001,R01,585,133.35,78009.75,18,Completed
SO08908,2023-12-17,C038,P001,R02,1602,246.4,394732.8,25,Completed
SO08909,2024-03-10,C021,P008,R01,861,466.12,401329.32,21,Completed
SO08910,2025-06-14,C048,P008,R04,1168,399.79,466954.72,26,Completed
SO08911,2023-09-14,C014,P004,R03,820,344.06,282129.2,17,Completed
SO08912,2023-12-04,C019,P004,R04,332,21.07,6995.24,7,Completed
SO08913,2025-03-09,C011,P008,R04,1304,86.98,113421.92,8,Completed
SO08914,2025-08-21,C003,P001,R03,1770,361.64,640102.8,22,Completed
SO08915,2024-06-05,C032,P001,R02,1564,181.79,284319.56,26,Completed
SO08916,2025-10-01,C002,P008,R04,554,27.32,15135.28,28,Delayed
SO08917,2025-08-14,C023,P007,R04,1205,247.17,297839.85,12,Completed
SO08918,2023-11-18,C044,P008,R01,1470,112.1,164787.0,16,Completed
SO08919,2023-10-31,C001,P007,R01,1388,285.01,395593.88,18,Completed
SO08920,2023-06-30,C023,P008,R04,1462,272.84,398892.08,20,Completed
SO08921,2024-03-13,C026,P005,R04,555,443.38,246075.9,12,Completed
SO08922,2023-08-11,C033,P003,R02,1270,462.28,587095.6,14,Completed
SO08923,2024-11-02,C046,P001,R01,1537,357.4,549323.8,19,Completed
SO08924,2024-05-16,C028,P001,R04,672,81.13,54519.36,14,Completed
SO08925,2024-05-24,C029,P004,R02,783,369.6,289396.8,6,Completed
SO08926,2025-09-28,C038,P004,R02,1409,270.51,381148.59,26,Completed
SO08927,2024-07-03,C011,P006,R04,1311,102.53,134416.83,16,Completed
SO08928,2025-12-19,C024,P007,R02,291,104.72,30473.52,24,Completed
SO08929,2025-02-21,C016,P008,R03,338,416.94,140925.72,4,Completed
SO08930,2023-07-01,C027,P007,R03,850,290.62,247027.0,22,Completed
SO08931,2024-01-15,C049,P003,R03,849,389.19,330422.31,15,Completed
SO08932,2023-11-02,C031,P002,R02,1285,367.66,472443.1,26,Completed
SO08933,2024-08-16,C023,P008,R04,1098,493.4,541753.2,16,Completed
SO08934,2024-04-09,C028,P007,R04,809,331.88,268490.92,16,Completed
SO08935,2025-06-06,C003,P008,R03,584,326.77,190833.68,20,Completed
SO08936,2025-03-09,C035,P008,R02,523,369.33,193159.59,15,Completed
SO08937,2023-12-27,C032,P005,R02,774,422.3,326860.2,26,Completed
SO08938,2024-10-17,C048,P004,R04,573,35.03,20072.19,28,Delayed
SO08939,2024-08-09,C041,P005,R02,1634,395.03,645479.02,22,Completed
SO08940,2024-10-13,C028,P007,R04,1597,468.45,748114.65,5,Completed
SO08941,2023-08-26,C041,P007,R02,820,189.06,155029.2,22,Completed
SO08942,2025-07-11,C015,P001,R04,498,345.13,171874.74,9,Completed
SO08943,2024-01-30,C030,P001,R02,1902,390.17,742103.34,26,Completed
SO08944,2025-03-04,C032,P001,R02,874,40.4,35309.6,12,Completed
SO08945,2024-09-01,C017,P003,R03,252,208.43,52524.36,26,Completed
SO08946,2023-11-01,C037,P008,R04,1798,50.65,91068.7,18,Completed
SO08947,2025-06-25,C002,P005,R04,1348,137.92,185916.16,4,Completed
SO08948,2025-03-24,C025,P003,R01,695,142.47,99016.65,10,Completed
SO08949,2023-10-02,C044,P004,R01,1754,305.08,535110.32,17,Completed
SO08950,2024-07-22,C003,P004,R03,667,241.55,161113.85,28,Delayed
SO08951,2025-11-27,C034,P007,R02,349,100.91,35217.59,3,Completed
SO08952,2023-07-01,C024,P008,R02,473,393.62,186182.26,19,Completed
SO08953,2024-06-19,C047,P004,R04,457,157.76,72096.32,20,Completed
SO08954,2023-09-26,C043,P002,R04,1150,259.99,298988.5,11,Completed
SO08955,2025-04-05,C011,P008,R04,1988,304.38,605107.44,12,Completed
SO08956,2024-04-11,C042,P003,R04,283,367.54,104013.82,5,Completed
SO08957,2025-06-06,C039,P002,R01,957,386.53,369909.21,21,Completed
SO08958,2025-06-12,C040,P003,R01,71,418.79,29734.09,20,Completed
SO08959,2024-03-30,C005,P003,R04,556,350.08,194644.48,19,Completed
SO08960,2023-05-09,C007,P001,R02,921,185.94,171250.74,15,Completed
SO08961,2023-04-12,C012,P007,R01,1668,188.98,315218.64,29,Delayed
SO08962,2024-07-18,C046,P005,R01,587,78.55,46108.85,19,Completed
SO08963,2024-12-08,C012,P003,R01,449,208.8,93751.2,8,Completed
SO08964,2024-11-21,C019,P002,R04,1220,277.9,339038.0,11,Completed
SO08965,2023-11-04,C026,P002,R04,463,28.11,13014.93,5,Completed
SO08966,2023-08-05,C033,P008,R02,304,246.21,74847.84,12,Completed
SO08967,2023-01-13,C030,P008,R02,519,495.92,257382.48,4,Completed
SO08968,2024-12-05,C021,P002,R01,340,358.6,121924.0,21,Completed
SO08969,2025-04-14,C033,P007,R02,856,327.81,280605.36,20,Completed
SO08970,2023-06-20,C024,P008,R02,232,181.49,42105.68,10,Completed
SO08971,2023-07-13,C015,P001,R04,187,94.11,17598.57,23,Completed
SO08972,2023-09-02,C025,P005,R01,1583,154.13,243987.79,24,Completed
SO08973,2025-09-09,C027,P003,R03,891,301.15,268324.65,6,Completed
SO08974,2025-10-27,C043,P001,R04,1547,497.21,769183.87,25,Completed
SO08975,2023-04-08,C025,P002,R01,1118,180.19,201452.42,4,Completed
SO08976,2024-04-23,C018,P004,R04,1960,237.52,465539.2,13,Completed
SO08977,2024-04-06,C034,P008,R02,232,231.09,53612.88,19,Completed
SO08978,2024-03-28,C034,P005,R02,313,208.88,65379.44,16,Completed
SO08979,2023-04-09,C019,P003,R04,1513,479.76,725876.88,28,Delayed
SO08980,2024-06-24,C017,P007,R03,921,444.93,409780.53,9,Completed
SO08981,2024-03-28,C023,P005,R04,1669,77.61,129531.09,18,Completed
SO08982,2024-10-14,C027,P007,R03,1648,219.43,361620.64,25,Completed
SO08983,2025-07-07,C047,P004,R04,1323,78.26,103537.98,4,Completed
SO08984,2023-11-08,C038,P007,R02,1074,48.4,51981.6,5,Completed
SO08985,2024-11-15,C025,P007,R01,1883,480.75,905252.25,29,Delayed
SO08986,2024-11-26,C028,P008,R04,618,46.53,28755.54,4,Completed
SO08987,2023-11-02,C030,P003,R02,1869,87.23,163032.87,17,Completed
SO08988,2024-08-19,C006,P007,R04,658,178.26,117295.08,29,Delayed
SO08989,2023-12-16,C042,P004,R04,238,320.48,76274.24,6,Completed
SO08990,2023-06-25,C024,P006,R02,1094,93.08,101829.52,19,Completed
SO08991,2024-06-11,C044,P006,R01,712,291.75,207726.0,6,Completed
SO08992,2024-02-08,C033,P005,R02,867,238.6,206866.2,12,Completed
SO08993,2025-04-15,C030,P003,R02,264,379.6,100214.4,10,Completed
SO08994,2023-12-30,C001,P002,R01,1031,361.91,373129.21,13,Completed
SO08995,2023-02-05,C010,P007,R04,406,288.88,117285.28,20,Completed
SO08996,2025-03-01,C015,P004,R04,1063,106.73,113453.99,21,Completed
SO08997,2023-01-13,C005,P006,R04,180,335.04,60307.2,6,Completed
SO08998,2024-02-08,C034,P004,R02,277,196.83,54521.91,23,Completed
SO08999,2023-06-08,C013,P005,R01,985,391.06,385194.1,12,Completed
SO09000,2025-07-06,C001,P004,R01,207,314.82,65167.74,5,Completed
SO09001,2023-09-30,C022,P001,R02,116,300.73,34884.68,18,Completed
SO09002,2024-01-03,C017,P005,R03,708,34.44,24383.52,10,Completed
SO09003,2025-06-30,C025,P003,R01,356,245.13,87266.28,12,Completed
SO09004,2025-06-09,C004,P004,R03,1613,97.72,157622.36,15,Completed
SO09005,2024-07-17,C013,P001,R01,855,311.45,266289.75,5,Completed
SO09006,2025-02-16,C005,P003,R04,1587,483.37,767108.19,5,Completed
SO09007,2024-05-21,C038,P003,R02,143,478.75,68461.25,5,Completed
SO09008,2024-02-16,C034,P003,R02,1456,83.72,121896.32,10,Completed
SO09009,2025-01-09,C031,P003,R02,466,88.61,41292.26,20,Completed
SO09010,2025-09-14,C026,P002,R04,1203,339.77,408743.31,4,Completed
SO09011,2024-02-27,C044,P003,R01,297,108.01,32078.97,16,Completed
SO09012,2025-07-30,C031,P005,R02,770,151.75,116847.5,22,Completed
SO09013,2025-04-17,C009,P003,R02,497,438.8,218083.6,4,Completed
SO09014,2023-01-28,C048,P004,R04,1103,294.19,324491.57,29,Delayed
SO09015,2023-07-25,C032,P005,R02,184,437.18,80441.12,7,Completed
SO09016,2024-10-19,C017,P001,R03,1473,443.72,653599.56,20,Completed
SO09017,2024-10-12,C021,P003,R01,942,191.66,180543.72,9,Completed
SO09018,2023-12-14,C016,P001,R03,1391,103.57,144065.87,21,Completed
SO09019,2023-10-16,C007,P008,R02,1740,430.77,749539.8,19,Completed
SO09020,2024-03-19,C002,P006,R04,1634,41.76,68235.84,18,Completed
SO09021,2024-10-11,C043,P007,R04,75,479.51,35963.25,4,Completed
SO09022,2024-07-22,C014,P003,R03,1074,71.6,76898.4,24,Completed
SO09023,2023-03-27,C014,P003,R03,63,319.96,20157.48,21,Completed
SO09024,2024-08-20,C013,P003,R01,1147,394.38,452353.86,21,Completed
SO09025,2025-02-19,C017,P002,R03,1000,282.01,282010.0,24,Completed
SO09026,2023-04-06,C015,P002,R04,358,311.31,111448.98,28,Delayed
SO09027,2023-07-09,C015,P006,R04,1528,337.58,515822.24,24,Completed
SO09028,2025-09-17,C022,P008,R02,202,181.4,36642.8,14,Completed
SO09029,2025-01-02,C037,P008,R04,117,333.95,39072.15,11,Completed
SO09030,2024-01-02,C044,P004,R01,296,480.98,142370.08,15,Completed
SO09031,2025-02-04,C048,P002,R04,654,66.38,43412.52,7,Completed
SO09032,2025-08-20,C010,P003,R04,1147,226.96,260323.12,9,Completed
SO09033,2024-07-12,C033,P002,R02,1885,380.18,716639.3,19,Completed
SO09034,2024-02-25,C019,P006,R04,1125,88.56,99630.0,6,Completed
SO09035,2023-10-27,C009,P003,R02,1491,332.56,495846.96,24,Completed
SO09036,2024-09-16,C032,P002,R02,1229,497.98,612017.42,20,Completed
SO09037,2025-07-05,C029,P003,R02,1734,322.18,558660.12,3,Completed
SO09038,2024-12-17,C021,P007,R01,1428,53.05,75755.4,29,Delayed
SO09039,2023-05-31,C014,P008,R03,609,100.78,61375.02,11,Completed
SO09040,2023-02-09,C002,P003,R04,490,259.97,127385.3,7,Completed
SO09041,2024-05-31,C038,P003,R02,514,97.38,50053.32,9,Completed
SO09042,2025-12-22,C023,P007,R04,1064,312.19,332170.16,21,Completed
SO09043,2025-10-24,C026,P006,R04,1353,476.99,645367.47,3,Completed
SO09044,2024-01-01,C035,P006,R02,77,271.25,20886.25,14,Completed
SO09045,2024-06-15,C035,P004,R02,1677,380.25,637679.25,16,Completed
SO09046,2025-07-29,C002,P001,R04,1863,259.17,482833.71,17,Completed
SO09047,2024-12-26,C043,P008,R04,1372,72.3,99195.6,22,Completed
SO09048,2024-09-20,C019,P006,R04,806,132.85,107077.1,12,Completed
SO09049,2023-11-26,C050,P004,R04,1793,236.12,423363.16,8,Completed
SO09050,2025-05-03,C025,P008,R01,667,415.19,276931.73,3,Completed
SO09051,2024-07-24,C002,P004,R04,1714,418.55,717394.7,9,Completed
SO09052,2024-08-07,C014,P008,R03,1005,201.19,202195.95,10,Completed
SO09053,2023-07-17,C042,P006,R04,338,274.77,92872.26,8,Completed
SO09054,2024-12-10,C027,P001,R03,221,60.15,13293.15,27,Delayed
SO09055,2025-12-29,C028,P008,R04,1518,108.96,165401.28,15,Completed
SO09056,2024-05-31,C030,P007,R02,1532,442.6,678063.2,20,Completed
SO09057,2025-01-03,C033,P001,R02,1835,376.39,690675.65,18,Completed
SO09058,2025-07-14,C020,P007,R01,1705,116.45,198547.25,27,Delayed
SO09059,2024-05-15,C013,P004,R01,1859,321.27,597240.93,16,Completed
SO09060,2024-04-10,C026,P004,R04,808,433.49,350259.92,19,Completed
SO09061,2023-05-02,C027,P008,R03,1109,267.48,296635.32,3,Completed
SO09062,2023-11-08,C014,P004,R03,1329,105.29,139930.41,11,Completed
SO09063,2024-03-28,C020,P001,R01,1930,200.78,387505.4,14,Completed
SO09064,2025-09-02,C042,P005,R04,1249,162.47,202925.03,25,Completed
SO09065,2023-03-02,C043,P008,R04,1180,128.14,151205.2,5,Completed
SO09066,2023-06-23,C025,P008,R01,916,282.18,258476.88,17,Completed
SO09067,2025-08-29,C049,P006,R03,1849,376.44,696037.56,23,Completed
SO09068,2024-12-17,C037,P008,R04,660,216.2,142692.0,21,Completed
SO09069,2024-12-14,C033,P007,R02,117,54.67,6396.39,13,Completed
SO09070,2025-05-06,C013,P002,R01,234,291.49,68208.66,21,Completed
SO09071,2023-10-08,C026,P007,R04,574,181.14,103974.36,27,Delayed
SO09072,2023-11-29,C047,P007,R04,58,416.71,24169.18,16,Completed
SO09073,2023-08-11,C012,P008,R01,576,496.08,285742.08,22,Completed
SO09074,2023-06-28,C009,P007,R02,1289,460.62,593739.18,19,Completed
SO09075,2023-04-04,C045,P005,R03,538,252.14,135651.32,4,Completed
SO09076,2024-03-02,C035,P005,R02,1231,437.83,538968.73,26,Completed
SO09077,2023-09-04,C043,P008,R04,1601,199.88,320007.88,7,Completed
SO09078,2025-08-08,C038,P005,R02,1436,348.95,501092.2,22,Completed
SO09079,2025-03-22,C045,P001,R03,1430,365.57,522765.1,28,Delayed
SO09080,2025-10-07,C019,P002,R04,1854,200.16,371096.64,18,Completed
SO09081,2023-02-04,C040,P002,R01,816,271.18,221282.88,28,Delayed
SO09082,2025-09-28,C020,P008,R01,1919,82.51,158336.69,20,Completed
SO09083,2023-06-16,C048,P006,R04,447,22.78,10182.66,23,Completed
SO09084,2023-04-28,C003,P004,R03,136,418.0,56848.0,29,Delayed
SO09085,2023-02-03,C043,P001,R04,1551,92.97,144196.47,6,Completed
SO09086,2023-04-18,C006,P006,R04,866,153.29,132749.14,7,Completed
SO09087,2025-05-04,C016,P006,R03,1393,374.1,521121.3,28,Delayed
SO09088,2025-11-23,C009,P006,R02,1718,282.84,485919.12,7,Completed
SO09089,2024-09-28,C031,P006,R02,609,378.44,230469.96,11,Completed
SO09090,2025-10-17,C019,P008,R04,379,267.38,101337.02,25,Completed
SO09091,2025-06-27,C015,P003,R04,1004,497.74,499730.96,8,Completed
SO09092,2023-12-10,C028,P004,R04,1403,406.97,570978.91,16,Completed
SO09093,2023-05-21,C014,P004,R03,1272,56.49,71855.28,6,Completed
SO09094,2025-10-03,C015,P003,R04,930,272.48,253406.4,26,Completed
SO09095,2025-10-12,C043,P004,R04,1370,43.38,59430.6,28,Delayed
SO09096,2024-08-07,C003,P007,R03,615,403.62,248226.3,16,Completed
SO09097,2023-09-23,C037,P002,R04,802,88.26,70784.52,18,Completed
SO09098,2023-08-07,C035,P002,R02,1651,150.01,247666.51,29,Delayed
SO09099,2024-04-26,C028,P005,R04,1203,403.92,485915.76,7,Completed
SO09100,2024-07-03,C004,P004,R03,457,34.21,15633.97,28,Delayed
SO09101,2023-12-29,C046,P004,R01,1372,46.5,63798.0,23,Completed
SO09102,2024-11-10,C012,P007,R01,150,243.95,36592.5,13,Completed
SO09103,2024-12-28,C043,P002,R04,381,387.18,147515.58,26,Completed
SO09104,2023-08-08,C045,P005,R03,1784,305.28,544619.52,23,Completed
SO09105,2025-11-27,C050,P007,R04,924,166.36,153716.64,12,Completed
SO09106,2024-10-31,C006,P001,R04,1752,116.1,203407.2,17,Completed
SO09107,2024-11-03,C033,P006,R02,937,215.58,201998.46,8,Completed
SO09108,2023-03-28,C038,P006,R02,1394,341.64,476246.16,27,Delayed
SO09109,2023-03-01,C023,P004,R04,1665,218.19,363286.35,9,Completed
SO09110,2024-03-28,C038,P005,R02,489,209.03,102215.67,23,Completed
SO09111,2024-06-25,C049,P001,R03,1064,92.93,98877.52,11,Completed
SO09112,2023-11-04,C032,P008,R02,1401,186.69,261552.69,20,Completed
SO09113,2024-02-19,C044,P004,R01,577,123.49,71253.73,20,Completed
SO09114,2023-05-20,C002,P003,R04,1439,373.03,536790.17,18,Completed
SO09115,2024-08-16,C027,P007,R03,1454,478.65,695957.1,23,Completed
SO09116,2024-03-22,C019,P006,R04,1940,199.35,386739.0,3,Completed
SO09117,2025-08-27,C023,P001,R04,1889,228.94,432467.66,15,Completed
SO09118,2023-12-26,C028,P004,R04,1145,270.35,309550.75,17,Completed
SO09119,2023-10-17,C002,P005,R04,1966,267.34,525590.44,9,Completed
SO09120,2024-08-28,C032,P008,R02,888,222.33,197429.04,4,Completed
SO09121,2025-12-07,C021,P003,R01,1180,437.18,515872.4,5,Completed
SO09122,2025-01-28,C042,P001,R04,1499,236.75,354888.25,22,Completed
SO09123,2023-10-21,C010,P007,R04,1042,276.18,287779.56,6,Completed
SO09124,2023-05-30,C017,P006,R03,843,27.09,22836.87,18,Completed
SO09125,2025-09-14,C019,P003,R04,889,100.65,89477.85,20,Completed
SO09126,2023-07-30,C019,P007,R04,731,421.83,308357.73,4,Completed
SO09127,2024-04-20,C046,P004,R01,1793,33.84,60675.12,16,Completed
SO09128,2024-05-20,C045,P005,R03,1405,254.24,357207.2,28,Delayed
SO09129,2024-09-07,C022,P008,R02,1733,397.58,689006.14,18,Completed
SO09130,2024-06-15,C039,P004,R01,1136,50.79,57697.44,28,Delayed
SO09131,2024-12-07,C009,P004,R02,436,166.61,72641.96,12,Completed
SO09132,2024-12-25,C002,P004,R04,1463,478.2,699606.6,9,Completed
SO09133,2023-04-26,C023,P006,R04,1230,232.88,286442.4,7,Completed
SO09134,2025-04-09,C045,P005,R03,425,445.83,189477.75,3,Completed
SO09135,2025-07-14,C040,P006,R01,798,435.91,347856.18,5,Completed
SO09136,2024-01-01,C029,P004,R02,1187,62.87,74626.69,9,Completed
SO09137,2023-07-03,C001,P007,R01,1548,27.59,42709.32,11,Completed
SO09138,2025-12-03,C028,P008,R04,1829,125.78,230051.62,7,Completed
SO09139,2023-03-06,C044,P008,R01,1282,26.59,34088.38,27,Delayed
SO09140,2023-08-27,C016,P004,R03,1772,166.12,294364.64,28,Delayed
SO09141,2023-02-10,C041,P003,R02,776,67.92,52705.92,19,Completed
SO09142,2024-07-27,C018,P007,R04,640,471.82,301964.8,18,Completed
SO09143,2024-10-11,C042,P002,R04,309,141.72,43791.48,19,Completed
SO09144,2023-12-29,C001,P005,R01,1564,405.43,634092.52,22,Completed
SO09145,2025-02-25,C004,P001,R03,922,140.87,129882.14,27,Delayed
SO09146,2024-03-21,C027,P001,R03,1813,119.84,217269.92,8,Completed
SO09147,2023-09-22,C032,P002,R02,729,122.74,89477.46,25,Completed
SO09148,2023-04-09,C003,P005,R03,343,33.61,11528.23,10,Completed
SO09149,2025-12-04,C049,P002,R03,1692,299.29,506398.68,28,Delayed
SO09150,2025-04-04,C001,P005,R01,893,419.61,374711.73,26,Completed
SO09151,2025-06-27,C023,P007,R04,1076,64.92,69853.92,15,Completed
SO09152,2024-06-29,C019,P006,R04,1009,275.49,277969.41,26,Completed
SO09153,2024-10-11,C048,P005,R04,1821,141.09,256924.89,7,Completed
SO09154,2023-11-14,C022,P002,R02,1687,241.2,406904.4,27,Delayed
SO09155,2024-01-14,C003,P007,R03,1240,164.7,204228.0,4,Completed
SO09156,2023-04-14,C004,P008,R03,249,109.27,27208.23,29,Delayed
SO09157,2024-11-07,C028,P001,R04,1225,334.92,410277.0,7,Completed
SO09158,2023-05-28,C030,P006,R02,1687,294.72,497192.64,19,Completed
SO09159,2025-01-23,C028,P001,R04,1103,321.67,354802.01,6,Completed
SO09160,2024-12-07,C011,P003,R04,520,274.09,142526.8,5,Completed
SO09161,2025-11-25,C015,P008,R04,473,82.7,39117.1,4,Completed
SO09162,2023-12-02,C008,P001,R04,1031,413.41,426225.71,8,Completed
SO09163,2024-07-15,C021,P007,R01,175,384.67,67317.25,11,Completed
SO09164,2025-07-09,C024,P001,R02,1721,497.41,856042.61,26,Completed
SO09165,2023-04-04,C037,P005,R04,1361,288.52,392675.72,19,Completed
SO09166,2023-01-01,C048,P007,R04,1018,483.64,492345.52,13,Completed
SO09167,2023-01-07,C008,P004,R04,1537,491.6,755589.2,15,Completed
SO09168,2025-08-24,C040,P002,R01,1576,463.61,730649.36,3,Completed
SO09169,2024-07-05,C032,P001,R02,1850,125.39,231971.5,26,Completed
SO09170,2024-04-13,C016,P006,R03,142,445.41,63248.22,16,Completed
SO09171,2023-10-17,C011,P008,R04,1395,72.6,101277.0,20,Completed
SO09172,2023-05-08,C005,P004,R04,856,319.42,273423.52,6,Completed
SO09173,2024-12-26,C016,P007,R03,1401,251.01,351665.01,16,Completed
SO09174,2023-05-06,C033,P001,R02,1717,163.68,281038.56,22,Completed
SO09175,2023-10-14,C006,P003,R04,1334,257.9,344038.6,16,Completed
SO09176,2025-04-28,C018,P008,R04,581,444.58,258300.98,28,Delayed
SO09177,2025-10-22,C042,P002,R04,739,122.44,90483.16,3,Completed
SO09178,2025-12-30,C011,P003,R04,538,20.98,11287.24,8,Completed
SO09179,2023-05-15,C036,P002,R04,615,204.66,125865.9,10,Completed
SO09180,2023-05-31,C017,P002,R03,829,144.97,120180.13,15,Completed
SO09181,2023-07-15,C046,P007,R01,1560,442.02,689551.2,3,Completed
SO09182,2024-11-13,C017,P004,R03,137,350.65,48039.05,28,Delayed
SO09183,2024-12-08,C030,P008,R02,1997,220.83,440997.51,21,Completed
SO09184,2024-12-02,C028,P001,R04,928,464.13,430712.64,15,Completed
SO09185,2025-06-22,C019,P003,R04,1335,295.9,395026.5,11,Completed
SO09186,2023-04-14,C050,P007,R04,1655,464.99,769558.45,24,Completed
SO09187,2023-12-20,C003,P004,R03,691,95.41,65928.31,28,Delayed
SO09188,2023-06-14,C036,P002,R04,1601,269.81,431965.81,23,Completed
SO09189,2023-01-30,C044,P005,R01,103,275.93,28420.79,28,Delayed
SO09190,2024-01-12,C039,P007,R01,1265,273.88,346458.2,6,Completed
SO09191,2024-10-21,C040,P008,R01,515,201.96,104009.4,18,Completed
SO09192,2025-04-05,C036,P001,R04,1311,237.56,311441.16,5,Completed
SO09193,2025-02-08,C019,P006,R04,1573,242.35,381216.55,22,Completed
SO09194,2025-10-27,C005,P008,R04,1403,180.3,252960.9,15,Completed
SO09195,2024-01-25,C045,P008,R03,557,375.39,209092.23,20,Completed
SO09196,2024-10-12,C034,P007,R02,1578,485.52,766150.56,23,Completed
SO09197,2025-09-14,C035,P004,R02,155,208.9,32379.5,3,Completed
SO09198,2023-10-10,C049,P008,R03,300,218.86,65658.0,12,Completed
SO09199,2025-12-20,C019,P003,R04,1464,64.32,94164.48,28,Delayed
SO09200,2023-08-08,C005,P005,R04,1815,172.06,312288.9,8,Completed
SO09201,2025-04-12,C011,P007,R04,1105,192.8,213044.0,11,Completed
SO09202,2023-10-05,C008,P001,R04,351,63.57,22313.07,5,Completed
SO09203,2024-11-18,C012,P006,R01,202,359.06,72530.12,21,Completed
SO09204,2024-12-09,C038,P002,R02,1908,369.71,705406.68,8,Completed
SO09205,2024-12-25,C019,P007,R04,390,406.97,158718.3,29,Delayed
SO09206,2023-01-25,C030,P008,R02,1751,77.48,135667.48,8,Completed
SO09207,2024-05-26,C032,P007,R02,231,127.29,29403.99,10,Completed
SO09208,2025-12-30,C033,P008,R02,118,423.54,49977.72,16,Completed
SO09209,2025-03-30,C022,P004,R02,336,94.82,31859.52,17,Completed
SO09210,2023-02-04,C045,P003,R03,1071,113.12,121151.52,10,Completed
SO09211,2024-04-12,C012,P004,R01,776,422.42,327797.92,20,Completed
SO09212,2023-07-08,C047,P003,R04,439,178.64,78422.96,25,Completed
SO09213,2025-01-01,C035,P004,R02,502,360.37,180905.74,5,Completed
SO09214,2024-07-29,C005,P002,R04,1178,94.3,111085.4,25,Completed
SO09215,2024-05-23,C048,P002,R04,990,323.2,319968.0,11,Completed
SO09216,2024-02-24,C041,P003,R02,1856,39.24,72829.44,29,Delayed
SO09217,2024-03-07,C001,P003,R01,1796,463.74,832877.04,4,Completed
SO09218,2025-01-04,C046,P004,R01,957,241.14,230770.98,12,Completed
SO09219,2023-03-16,C043,P008,R04,144,276.48,39813.12,5,Completed
SO09220,2025-12-25,C039,P002,R01,198,298.37,59077.26,16,Completed
SO09221,2023-10-27,C046,P003,R01,454,203.68,92470.72,13,Completed
SO09222,2024-06-26,C045,P002,R03,229,464.6,106393.4,4,Completed
SO09223,2024-07-09,C024,P006,R02,1734,387.38,671716.92,21,Completed
SO09224,2023-07-25,C032,P001,R02,559,310.93,173809.87,18,Completed
SO09225,2024-04-06,C011,P001,R04,1192,265.27,316201.84,10,Completed
SO09226,2024-01-14,C040,P004,R01,1435,217.56,312198.6,19,Completed
SO09227,2024-06-13,C005,P005,R04,1408,20.61,29018.88,18,Completed
SO09228,2024-04-13,C037,P001,R04,412,309.38,127464.56,10,Completed
SO09229,2025-10-02,C014,P006,R03,936,267.74,250604.64,27,Delayed
SO09230,2023-12-17,C012,P003,R01,1971,235.34,463855.14,20,Completed
SO09231,2024-02-28,C044,P002,R01,1106,107.59,118994.54,6,Completed
SO09232,2024-06-11,C043,P005,R04,1008,55.43,55873.44,12,Completed
SO09233,2023-01-26,C045,P003,R03,140,344.62,48246.8,16,Completed
SO09234,2024-08-23,C035,P008,R02,1052,159.17,167446.84,21,Completed
SO09235,2025-08-04,C038,P003,R02,306,124.17,37996.02,24,Completed
SO09236,2023-11-04,C019,P002,R04,788,392.31,309140.28,17,Completed
SO09237,2025-07-13,C045,P001,R03,372,162.15,60319.8,7,Completed
SO09238,2024-05-15,C030,P008,R02,367,293.73,107798.91,16,Completed
SO09239,2023-05-14,C023,P007,R04,430,241.85,103995.5,22,Completed
SO09240,2025-03-03,C015,P007,R04,766,350.72,268651.52,28,Delayed
SO09241,2023-05-20,C049,P005,R03,529,378.17,200051.93,3,Completed
SO09242,2024-12-19,C028,P006,R04,263,69.33,18233.79,26,Completed
SO09243,2025-11-17,C014,P005,R03,1502,277.07,416159.14,20,Completed
SO09244,2024-07-28,C011,P005,R04,248,424.52,105280.96,3,Completed
SO09245,2023-08-22,C011,P001,R04,206,32.56,6707.36,26,Completed
SO09246,2024-01-26,C044,P002,R01,1981,275.1,544973.1,21,Completed
SO09247,2025-07-31,C021,P002,R01,1284,289.46,371666.64,13,Completed
SO09248,2024-12-05,C019,P002,R04,214,319.61,68396.54,27,Delayed
SO09249,2024-09-27,C031,P004,R02,703,195.19,137218.57,4,Completed
SO09250,2025-05-22,C042,P008,R04,454,228.03,103525.62,4,Completed
SO09251,2025-04-07,C002,P001,R04,904,137.6,124390.4,6,Completed
SO09252,2025-08-15,C024,P004,R02,826,199.52,164803.52,23,Completed
SO09253,2025-12-29,C005,P006,R04,607,374.77,227485.39,9,Completed
SO09254,2023-12-22,C016,P008,R03,1577,30.97,48839.69,12,Completed
SO09255,2025-12-22,C034,P008,R02,955,153.53,146621.15,6,Completed
SO09256,2025-05-24,C006,P001,R04,140,58.01,8121.4,8,Completed
SO09257,2024-07-06,C010,P008,R04,1136,24.56,27900.16,9,Completed
SO09258,2025-11-28,C017,P004,R03,854,182.56,155906.24,3,Completed
SO09259,2023-11-01,C013,P007,R01,74,468.58,34674.92,3,Completed
SO09260,2024-04-26,C010,P003,R04,1888,299.63,565701.44,22,Completed
SO09261,2025-10-30,C043,P005,R04,1460,317.79,463973.4,14,Completed
SO09262,2025-03-21,C042,P002,R04,1222,213.14,260457.08,23,Completed
SO09263,2024-09-06,C047,P002,R04,1602,422.4,676684.8,4,Completed
SO09264,2024-07-07,C004,P003,R03,1058,317.19,335587.02,7,Completed
SO09265,2024-08-31,C029,P004,R02,982,286.87,281706.34,25,Completed
SO09266,2025-10-21,C005,P001,R04,409,126.28,51648.52,6,Completed
SO09267,2023-03-19,C041,P001,R02,270,348.2,94014.0,13,Completed
SO09268,2023-10-17,C024,P003,R02,518,311.95,161590.1,21,Completed
SO09269,2023-07-22,C049,P008,R03,715,56.23,40204.45,4,Completed
SO09270,2024-08-03,C001,P005,R01,1369,174.44,238808.36,25,Completed
SO09271,2023-01-27,C034,P006,R02,1688,203.89,344166.32,6,Completed
SO09272,2023-09-29,C048,P005,R04,1357,33.12,44943.84,25,Completed
SO09273,2023-04-27,C044,P005,R01,252,385.61,97173.72,5,Completed
SO09274,2023-02-01,C028,P001,R04,1488,233.56,347537.28,26,Completed
SO09275,2024-06-25,C022,P007,R02,1329,164.36,218434.44,9,Completed
SO09276,2024-09-07,C025,P008,R01,1203,464.69,559022.07,29,Delayed
SO09277,2023-04-13,C018,P007,R04,1519,317.04,481583.76,3,Completed
SO09278,2025-09-05,C040,P008,R01,1645,43.89,72199.05,5,Completed
SO09279,2025-04-24,C029,P001,R02,1483,56.0,83048.0,8,Completed
SO09280,2023-02-21,C031,P004,R02,1776,37.74,67026.24,22,Completed
SO09281,2023-11-23,C040,P004,R01,170,254.51,43266.7,24,Completed
SO09282,2023-02-02,C044,P005,R01,1372,330.09,452883.48,24,Completed
SO09283,2025-04-10,C004,P002,R03,1092,239.72,261774.24,19,Completed
SO09284,2023-03-18,C003,P003,R03,869,430.89,374443.41,6,Completed
SO09285,2024-06-18,C027,P004,R03,1601,415.85,665775.85,16,Completed
SO09286,2025-11-21,C024,P001,R02,941,435.11,409438.51,22,Completed
SO09287,2023-02-04,C011,P005,R04,1057,289.61,306117.77,29,Delayed
SO09288,2024-01-04,C006,P005,R04,423,270.99,114628.77,18,Completed
SO09289,2025-02-06,C034,P007,R02,1669,145.44,242739.36,17,Completed
SO09290,2025-08-16,C046,P002,R01,85,82.47,7009.95,13,Completed
SO09291,2024-05-02,C046,P007,R01,473,173.04,81847.92,16,Completed
SO09292,2025-10-31,C019,P001,R04,1031,286.56,295443.36,27,Delayed
SO09293,2023-02-15,C049,P004,R03,1615,238.48,385145.2,23,Completed
SO09294,2023-11-20,C012,P007,R01,818,168.53,137857.54,10,Completed
SO09295,2023-07-23,C050,P007,R04,1433,429.28,615158.24,22,Completed
SO09296,2025-03-02,C037,P001,R04,740,471.71,349065.4,11,Completed
SO09297,2025-11-19,C039,P008,R01,1474,81.6,120278.4,11,Completed
SO09298,2024-06-15,C002,P006,R04,315,382.57,120509.55,11,Completed
SO09299,2023-04-22,C022,P007,R02,1603,63.67,102063.01,17,Completed
SO09300,2023-04-19,C017,P007,R03,959,95.77,91843.43,9,Completed
SO09301,2025-08-22,C002,P001,R04,158,499.66,78946.28,15,Completed
SO09302,2023-07-22,C041,P007,R02,950,428.44,407018.0,9,Completed
SO09303,2025-12-20,C002,P004,R04,1012,497.87,503844.44,28,Delayed
SO09304,2024-11-10,C026,P003,R04,1190,222.57,264858.3,16,Completed
SO09305,2025-07-21,C037,P003,R04,1155,343.15,396338.25,12,Completed
SO09306,2024-11-09,C044,P002,R01,1537,93.83,144216.71,29,Delayed
SO09307,2024-03-05,C019,P002,R04,330,334.35,110335.5,23,Completed
SO09308,2025-01-30,C049,P008,R03,924,152.71,141104.04,29,Delayed
SO09309,2023-12-07,C005,P002,R04,718,324.75,233170.5,5,Completed
SO09310,2024-07-22,C002,P007,R04,832,241.94,201294.08,12,Completed
SO09311,2024-08-13,C009,P003,R02,511,478.77,244651.47,12,Completed
SO09312,2025-12-12,C008,P006,R04,255,102.73,26196.15,27,Delayed
SO09313,2023-05-21,C015,P006,R04,594,448.36,266325.84,12,Completed
SO09314,2025-04-01,C018,P001,R04,1219,126.61,154337.59,24,Completed
SO09315,2023-10-09,C009,P004,R02,1123,448.03,503137.69,21,Completed
SO09316,2024-01-23,C005,P005,R04,124,395.14,48997.36,10,Completed
SO09317,2024-07-13,C018,P006,R04,1835,46.23,84832.05,6,Completed
SO09318,2025-06-21,C023,P005,R04,1652,263.36,435070.72,12,Completed
SO09319,2023-08-17,C029,P001,R02,1890,443.88,838933.2,11,Completed
SO09320,2025-02-17,C038,P005,R02,442,300.09,132639.78,27,Delayed
SO09321,2025-08-29,C011,P004,R04,1877,225.93,424070.61,15,Completed
SO09322,2024-05-19,C001,P002,R01,1894,144.56,273796.64,11,Completed
SO09323,2024-01-26,C010,P006,R04,1044,146.09,152517.96,7,Completed
SO09324,2025-09-12,C032,P005,R02,649,243.82,158239.18,5,Completed
SO09325,2024-01-12,C034,P004,R02,1321,460.42,608214.82,25,Completed
SO09326,2023-08-27,C032,P008,R02,300,384.62,115386.0,28,Delayed
SO09327,2025-02-03,C031,P004,R02,1645,308.29,507137.05,10,Completed
SO09328,2023-09-29,C047,P003,R04,425,364.81,155044.25,28,Delayed
SO09329,2024-07-19,C027,P006,R03,294,438.95,129051.3,12,Completed
SO09330,2023-02-28,C001,P004,R01,1501,68.9,103418.9,3,Completed
SO09331,2025-08-08,C050,P008,R04,62,358.28,22213.36,8,Completed
SO09332,2023-06-27,C040,P002,R01,672,448.63,301479.36,13,Completed
SO09333,2024-11-24,C018,P005,R04,207,499.24,103342.68,26,Completed
SO09334,2023-11-28,C027,P001,R03,243,381.36,92670.48,26,Completed
SO09335,2023-05-18,C027,P005,R03,1796,418.9,752344.4,28,Delayed
SO09336,2023-10-05,C040,P005,R01,494,492.79,243438.26,15,Completed
SO09337,2023-03-31,C037,P006,R04,595,101.31,60279.45,8,Completed
SO09338,2024-08-27,C034,P001,R02,774,265.78,205713.72,28,Delayed
SO09339,2024-03-24,C034,P008,R02,1102,223.83,246660.66,10,Completed
SO09340,2025-10-07,C049,P004,R03,1262,180.09,227273.58,6,Completed
SO09341,2025-11-11,C040,P002,R01,137,94.8,12987.6,19,Completed
SO09342,2024-02-12,C017,P002,R03,212,309.38,65588.56,7,Completed
SO09343,2024-03-17,C042,P006,R04,1935,483.34,935262.9,10,Completed
SO09344,2024-08-23,C027,P003,R03,1012,257.47,260559.64,12,Completed
SO09345,2024-09-20,C045,P008,R03,1023,202.2,206850.6,17,Completed
SO09346,2023-06-04,C046,P004,R01,1274,324.06,412852.44,11,Completed
SO09347,2025-01-06,C040,P001,R01,1805,57.23,103300.15,20,Completed
SO09348,2024-05-09,C035,P003,R02,1619,102.63,166157.97,19,Completed
SO09349,2024-06-08,C012,P003,R01,188,479.96,90232.48,19,Completed
SO09350,2024-02-27,C027,P008,R03,780,68.56,53476.8,9,Completed
SO09351,2023-06-29,C040,P006,R01,1284,65.47,84063.48,21,Completed
SO09352,2023-11-21,C027,P003,R03,258,116.14,29964.12,22,Completed
SO09353,2025-03-29,C040,P003,R01,1532,183.08,280478.56,14,Completed
SO09354,2023-03-06,C006,P005,R04,660,360.21,237738.6,8,Completed
SO09355,2025-02-01,C002,P002,R04,951,269.96,256731.96,4,Completed
SO09356,2023-07-08,C010,P005,R04,1622,369.23,598891.06,27,Delayed
SO09357,2025-05-20,C019,P001,R04,223,38.29,8538.67,14,Completed
SO09358,2024-05-07,C005,P003,R04,1335,470.32,627877.2,18,Completed
SO09359,2024-09-08,C041,P004,R02,1955,435.81,852008.55,29,Delayed
SO09360,2023-03-02,C004,P004,R03,570,215.95,123091.5,12,Completed
SO09361,2023-07-28,C048,P002,R04,1873,313.59,587354.07,7,Completed
SO09362,2025-04-25,C001,P007,R01,878,450.05,395143.9,5,Completed
SO09363,2024-06-05,C030,P002,R02,1132,494.98,560317.36,4,Completed
SO09364,2024-10-03,C032,P001,R02,447,370.79,165743.13,13,Completed
SO09365,2023-12-13,C024,P007,R02,52,416.61,21663.72,21,Completed
SO09366,2023-12-22,C030,P004,R02,778,55.69,43326.82,13,Completed
SO09367,2023-04-15,C012,P005,R01,1927,292.01,562703.27,5,Completed
SO09368,2025-02-02,C043,P001,R04,354,271.59,96142.86,14,Completed
SO09369,2023-07-05,C026,P008,R04,384,232.86,89418.24,18,Completed
SO09370,2023-11-08,C014,P007,R03,499,442.68,220897.32,24,Completed
SO09371,2025-08-02,C045,P008,R03,1428,364.66,520734.48,6,Completed
SO09372,2023-12-12,C040,P008,R01,1370,23.58,32304.6,3,Completed
SO09373,2023-06-16,C036,P004,R04,192,196.1,37651.2,4,Completed
SO09374,2023-01-28,C023,P003,R04,839,471.36,395471.04,6,Completed
SO09375,2025-11-02,C039,P007,R01,1274,378.7,482463.8,20,Completed
SO09376,2025-07-15,C014,P008,R03,1927,122.79,236616.33,29,Delayed
SO09377,2023-09-03,C041,P008,R02,577,403.9,233050.3,27,Delayed
SO09378,2023-04-26,C021,P001,R01,702,377.08,264710.16,18,Completed
SO09379,2024-08-23,C022,P007,R02,880,84.03,73946.4,14,Completed
SO09380,2024-12-19,C021,P003,R01,452,124.45,56251.4,4,Completed
SO09381,2025-03-30,C018,P001,R04,265,65.31,17307.15,21,Completed
SO09382,2024-04-18,C026,P003,R04,724,193.16,139847.84,6,Completed
SO09383,2023-09-10,C029,P007,R02,424,54.67,23180.08,19,Completed
SO09384,2023-12-08,C003,P006,R03,1467,232.66,341312.22,22,Completed
SO09385,2025-06-27,C012,P003,R01,1980,160.86,318502.8,29,Delayed
SO09386,2025-03-12,C015,P003,R04,1503,252.93,380153.79,12,Completed
SO09387,2024-05-23,C039,P003,R01,1373,50.51,69350.23,3,Completed
SO09388,2023-10-14,C006,P002,R04,1374,391.28,537618.72,28,Delayed
SO09389,2023-02-16,C048,P001,R04,1933,62.47,120754.51,11,Completed
SO09390,2025-10-24,C037,P002,R04,1715,82.56,141590.4,4,Completed
SO09391,2025-09-09,C025,P004,R01,607,452.54,274691.78,7,Completed
SO09392,2025-02-18,C003,P003,R03,825,351.07,289632.75,13,Completed
SO09393,2023-03-02,C021,P001,R01,1491,365.57,545064.87,12,Completed
SO09394,2024-10-29,C004,P004,R03,173,64.44,11148.12,27,Delayed
SO09395,2023-05-15,C039,P002,R01,1075,377.95,406296.25,14,Completed
SO09396,2024-06-13,C035,P001,R02,199,260.88,51915.12,20,Completed
SO09397,2024-05-02,C009,P004,R02,1120,394.26,441571.2,23,Completed
SO09398,2025-03-12,C006,P008,R04,1983,122.8,243512.4,20,Completed
SO09399,2025-07-08,C029,P008,R02,52,149.93,7796.36,11,Completed
SO09400,2024-11-19,C041,P004,R02,431,172.03,74144.93,23,Completed
SO09401,2024-02-03,C033,P002,R02,286,196.42,56176.12,3,Completed
SO09402,2025-10-28,C037,P007,R04,1224,397.84,486956.16,10,Completed
SO09403,2023-09-07,C047,P007,R04,1320,303.49,400606.8,20,Completed
SO09404,2024-11-11,C036,P001,R04,288,221.55,63806.4,27,Delayed
SO09405,2024-05-27,C049,P003,R03,1479,126.95,187759.05,28,Delayed
SO09406,2023-07-27,C016,P006,R03,1535,176.7,271234.5,25,Completed
SO09407,2024-07-09,C014,P001,R03,1967,388.64,764454.88,16,Completed
SO09408,2024-08-21,C040,P002,R01,1141,136.79,156077.39,29,Delayed
SO09409,2025-02-27,C018,P002,R04,101,159.28,16087.28,7,Completed
SO09410,2023-07-30,C025,P004,R01,384,489.26,187875.84,28,Delayed
SO09411,2025-04-26,C012,P007,R01,738,407.0,300366.0,3,Completed
SO09412,2023-04-15,C034,P006,R02,1840,136.12,250460.8,17,Completed
SO09413,2025-07-05,C040,P004,R01,499,39.58,19750.42,9,Completed
SO09414,2024-05-04,C005,P001,R04,195,229.42,44736.9,25,Completed
SO09415,2023-05-15,C027,P008,R03,1038,346.78,359957.64,21,Completed
SO09416,2024-10-23,C039,P005,R01,285,467.98,133374.3,9,Completed
SO09417,2025-01-30,C040,P002,R01,1945,194.06,377446.7,12,Completed
SO09418,2025-12-03,C021,P002,R01,319,144.55,46111.45,9,Completed
SO09419,2025-12-24,C035,P006,R02,1338,251.13,336011.94,3,Completed
SO09420,2023-11-08,C013,P002,R01,1880,161.38,303394.4,23,Completed
SO09421,2025-11-10,C015,P005,R04,966,95.65,92397.9,6,Completed
SO09422,2024-06-01,C045,P001,R03,1671,188.05,314231.55,4,Completed
SO09423,2023-05-14,C039,P003,R01,1827,194.56,355461.12,24,Completed
SO09424,2025-11-17,C037,P005,R04,261,451.49,117838.89,7,Completed
SO09425,2023-09-08,C023,P001,R04,1750,258.25,451937.5,27,Delayed
SO09426,2023-11-01,C026,P006,R04,1661,431.12,716090.32,9,Completed
SO09427,2025-11-18,C008,P004,R04,1485,428.49,636307.65,18,Completed
SO09428,2023-11-06,C024,P005,R02,1358,303.47,412112.26,25,Completed
SO09429,2025-02-26,C002,P003,R04,1038,427.31,443547.78,14,Completed
SO09430,2023-01-03,C041,P003,R02,1424,423.16,602579.84,24,Completed
SO09431,2023-11-13,C012,P001,R01,1649,182.97,301717.53,10,Completed
SO09432,2023-09-24,C024,P004,R02,673,252.7,170067.1,22,Completed
SO09433,2025-06-18,C010,P008,R04,1764,135.0,238140.0,24,Completed
SO09434,2024-02-20,C029,P006,R02,1616,298.29,482036.64,29,Delayed
SO09435,2025-04-25,C045,P001,R03,1493,344.5,514338.5,26,Completed
SO09436,2023-10-25,C019,P005,R04,466,198.94,92706.04,29,Delayed
SO09437,2024-08-01,C019,P004,R04,632,463.68,293045.76,27,Delayed
SO09438,2023-08-08,C010,P003,R04,661,157.67,104219.87,29,Delayed
SO09439,2024-01-19,C046,P008,R01,266,423.57,112669.62,28,Delayed
SO09440,2023-06-19,C021,P003,R01,729,492.52,359047.08,7,Completed
SO09441,2024-12-03,C011,P007,R04,1328,482.52,640786.56,24,Completed
SO09442,2025-06-22,C045,P003,R03,461,499.06,230066.66,8,Completed
SO09443,2023-07-20,C020,P007,R01,1526,59.52,90827.52,23,Completed
SO09444,2023-01-07,C006,P005,R04,54,388.06,20955.24,4,Completed
SO09445,2023-04-20,C004,P006,R03,1054,440.33,464107.82,5,Completed
SO09446,2023-05-01,C026,P004,R04,1189,308.17,366414.13,6,Completed
SO09447,2025-10-12,C037,P006,R04,1975,416.11,821817.25,11,Completed
SO09448,2024-10-05,C003,P004,R03,1730,42.7,73871.0,3,Completed
SO09449,2024-11-25,C042,P008,R04,991,498.25,493765.75,3,Completed
SO09450,2025-03-14,C030,P005,R02,689,116.57,80316.73,27,Delayed
SO09451,2023-09-11,C033,P002,R02,1462,84.61,123699.82,9,Completed
SO09452,2025-09-22,C032,P003,R02,1843,70.34,129636.62,19,Completed
SO09453,2023-06-13,C004,P005,R03,1385,53.11,73557.35,15,Completed
SO09454,2024-11-01,C016,P007,R03,276,158.59,43770.84,22,Completed
SO09455,2023-04-25,C036,P007,R04,71,250.85,17810.35,18,Completed
SO09456,2025-04-15,C040,P003,R01,270,414.01,111782.7,17,Completed
SO09457,2025-03-02,C045,P002,R03,500,447.6,223800.0,12,Completed
SO09458,2023-10-04,C024,P008,R02,1676,104.88,175778.88,27,Delayed
SO09459,2023-01-23,C049,P004,R03,66,456.31,30116.46,22,Completed
SO09460,2024-09-18,C022,P008,R02,1136,436.25,495580.0,5,Completed
SO09461,2025-04-09,C048,P005,R04,93,431.87,40163.91,13,Completed
SO09462,2025-11-09,C036,P006,R04,944,222.33,209879.52,24,Completed
SO09463,2025-10-15,C049,P008,R03,1889,390.09,736880.01,17,Completed
SO09464,2025-11-08,C017,P006,R03,1373,423.4,581328.2,13,Completed
SO09465,2024-05-19,C039,P001,R01,249,369.87,92097.63,23,Completed
SO09466,2024-04-26,C049,P003,R03,1357,483.86,656598.02,21,Completed
SO09467,2023-02-27,C046,P008,R01,457,322.22,147254.54,15,Completed
SO09468,2024-11-01,C031,P002,R02,1777,248.03,440749.31,12,Completed
SO09469,2025-07-28,C021,P005,R01,1081,496.31,536511.11,16,Completed
SO09470,2024-10-09,C022,P008,R02,422,220.18,92915.96,18,Completed
SO09471,2025-08-19,C025,P005,R01,560,35.13,19672.8,22,Completed
SO09472,2023-12-05,C025,P003,R01,1084,54.38,58947.92,12,Completed
SO09473,2023-01-30,C029,P008,R02,1848,332.07,613665.36,15,Completed
SO09474,2025-03-21,C043,P003,R04,1875,281.12,527100.0,20,Completed
SO09475,2025-06-13,C039,P002,R01,232,278.64,64644.48,12,Completed
SO09476,2025-12-22,C025,P007,R01,240,236.76,56822.4,28,Delayed
SO09477,2024-04-11,C014,P008,R03,271,395.12,107077.52,16,Completed
SO09478,2025-03-25,C033,P005,R02,1480,86.4,127872.0,7,Completed
SO09479,2024-08-22,C040,P002,R01,1677,251.81,422285.37,8,Completed
SO09480,2024-11-09,C019,P005,R04,1872,157.9,295588.8,17,Completed
SO09481,2025-05-26,C031,P007,R02,1387,390.76,541984.12,18,Completed
SO09482,2025-11-01,C040,P005,R01,1194,483.77,577621.38,6,Completed
SO09483,2024-08-04,C048,P004,R04,1268,178.78,226693.04,6,Completed
SO09484,2023-07-19,C047,P007,R04,760,139.03,105662.8,25,Completed
SO09485,2023-08-03,C022,P008,R02,1940,310.01,601419.4,17,Completed
SO09486,2025-05-02,C022,P005,R02,922,375.43,346146.46,26,Completed
SO09487,2023-08-24,C049,P008,R03,1244,416.98,518723.12,5,Completed
SO09488,2023-06-19,C043,P008,R04,1025,246.6,252765.0,25,Completed
SO09489,2024-11-27,C018,P004,R04,948,110.79,105028.92,18,Completed
SO09490,2025-12-23,C009,P005,R02,1712,160.77,275238.24,24,Completed
SO09491,2024-04-24,C006,P006,R04,413,438.39,181055.07,8,Completed
SO09492,2025-05-25,C020,P001,R01,68,299.17,20343.56,29,Delayed
SO09493,2024-09-10,C025,P006,R01,1320,177.66,234511.2,16,Completed
SO09494,2023-07-17,C011,P005,R04,1859,455.56,846886.04,12,Completed
SO09495,2025-10-25,C002,P005,R04,1531,358.95,549552.45,28,Delayed
SO09496,2024-05-20,C012,P005,R01,378,361.88,136790.64,10,Completed
SO09497,2023-08-01,C007,P005,R02,1041,389.5,405469.5,26,Completed
SO09498,2025-10-15,C028,P003,R04,1532,80.89,123923.48,22,Completed
SO09499,2024-01-17,C004,P003,R03,1991,439.15,874347.65,12,Completed
SO09500,2023-01-11,C042,P002,R04,1921,237.61,456448.81,13,Completed
SO09501,2024-07-05,C004,P008,R03,289,118.42,34223.38,26,Completed
SO09502,2025-03-14,C003,P002,R03,1533,191.87,294136.71,14,Completed
SO09503,2025-06-21,C040,P005,R01,1630,234.2,381746.0,19,Completed
SO09504,2023-04-11,C043,P005,R04,1265,422.05,533893.25,15,Completed
SO09505,2023-10-20,C015,P007,R04,287,320.9,92098.3,13,Completed
SO09506,2025-06-25,C050,P005,R04,286,51.51,14731.86,21,Completed
SO09507,2023-07-29,C033,P006,R02,1941,467.06,906563.46,15,Completed
SO09508,2025-02-21,C020,P006,R01,823,291.16,239624.68,5,Completed
SO09509,2025-09-08,C002,P005,R04,1566,235.56,368886.96,15,Completed
SO09510,2025-05-24,C014,P003,R03,232,30.75,7134.0,21,Completed
SO09511,2025-10-20,C020,P005,R01,979,349.96,342610.84,23,Completed
SO09512,2023-10-08,C041,P005,R02,220,493.6,108592.0,10,Completed
SO09513,2023-07-03,C008,P001,R04,296,303.18,89741.28,7,Completed
SO09514,2025-03-21,C044,P007,R01,1288,238.7,307445.6,12,Completed
SO09515,2023-11-08,C042,P001,R04,273,20.92,5711.16,3,Completed
SO09516,2024-04-02,C044,P001,R01,1424,418.15,595445.6,5,Completed
SO09517,2025-02-04,C034,P001,R02,866,329.09,284991.94,9,Completed
SO09518,2024-12-31,C038,P003,R02,86,493.12,42408.32,3,Completed
SO09519,2023-01-26,C014,P005,R03,1002,423.78,424627.56,21,Completed
SO09520,2024-04-25,C017,P002,R03,1139,283.29,322667.31,16,Completed
SO09521,2024-09-07,C019,P007,R04,1549,351.97,545201.53,7,Completed
SO09522,2024-03-23,C019,P005,R04,393,29.85,11731.05,4,Completed
SO09523,2023-05-13,C046,P003,R01,1218,251.17,305925.06,13,Completed
SO09524,2023-12-10,C024,P003,R02,1295,451.49,584679.55,5,Completed
SO09525,2024-09-08,C005,P001,R04,481,382.84,184146.04,29,Delayed
SO09526,2023-10-31,C004,P005,R03,461,264.35,121865.35,14,Completed
SO09527,2023-04-17,C009,P001,R02,352,345.54,121630.08,6,Completed
SO09528,2025-12-05,C032,P008,R02,385,193.62,74543.7,22,Completed
SO09529,2024-09-29,C008,P006,R04,131,166.11,21760.41,7,Completed
SO09530,2023-09-20,C050,P002,R04,771,155.47,119867.37,6,Completed
SO09531,2025-11-23,C028,P006,R04,85,485.18,41240.3,24,Completed
SO09532,2024-03-23,C015,P001,R04,1586,433.01,686753.86,4,Completed
SO09533,2023-01-26,C027,P001,R03,550,100.53,55291.5,16,Completed
SO09534,2023-12-13,C008,P003,R04,1562,66.67,104138.54,28,Delayed
SO09535,2023-12-15,C033,P006,R02,366,127.12,46525.92,6,Completed
SO09536,2023-03-24,C037,P007,R04,1174,83.32,97817.68,23,Completed
SO09537,2023-11-28,C002,P008,R04,1472,461.47,679283.84,10,Completed
SO09538,2025-12-10,C037,P006,R04,1838,464.3,853383.4,11,Completed
SO09539,2024-08-15,C044,P006,R01,733,320.72,235087.76,3,Completed
SO09540,2024-03-20,C045,P008,R03,1303,301.72,393141.16,13,Completed
SO09541,2023-08-18,C041,P001,R02,1768,173.23,306270.64,17,Completed
SO09542,2025-11-23,C012,P007,R01,314,352.37,110644.18,11,Completed
SO09543,2023-02-04,C041,P006,R02,912,293.82,267963.84,8,Completed
SO09544,2025-02-13,C006,P003,R04,664,380.43,252605.52,5,Completed
SO09545,2023-10-05,C006,P006,R04,1374,299.52,411540.48,6,Completed
SO09546,2023-08-29,C020,P003,R01,1796,418.1,750907.6,6,Completed
SO09547,2023-01-12,C044,P006,R01,124,152.74,18939.76,21,Completed
SO09548,2023-06-11,C033,P006,R02,760,105.57,80233.2,25,Completed
SO09549,2023-09-13,C006,P004,R04,1215,74.79,90869.85,19,Completed
SO09550,2025-02-10,C011,P003,R04,1425,97.02,138253.5,28,Delayed
SO09551,2023-08-11,C039,P006,R01,108,248.68,26857.44,24,Completed
SO09552,2023-05-02,C019,P007,R04,610,95.31,58139.1,20,Completed
SO09553,2023-03-10,C019,P005,R04,1820,125.83,229010.6,16,Completed
SO09554,2024-11-11,C023,P001,R04,1365,206.77,282241.05,8,Completed
SO09555,2023-04-07,C038,P006,R02,294,356.79,104896.26,29,Delayed
SO09556,2023-04-10,C014,P005,R03,948,267.92,253988.16,3,Completed
SO09557,2023-10-02,C036,P004,R04,1500,49.84,74760.0,13,Completed
SO09558,2025-07-08,C045,P002,R03,1315,381.25,501343.75,16,Completed
SO09559,2025-05-31,C002,P006,R04,1572,80.78,126986.16,19,Completed
SO09560,2023-02-01,C005,P005,R04,1515,253.13,383491.95,27,Delayed
SO09561,2025-04-25,C037,P004,R04,236,229.3,54114.8,18,Completed
SO09562,2025-08-28,C041,P006,R02,551,355.94,196122.94,21,Completed
SO09563,2023-01-31,C020,P002,R01,345,81.65,28169.25,6,Completed
SO09564,2024-10-11,C008,P006,R04,635,379.2,240792.0,26,Completed
SO09565,2024-02-04,C016,P003,R03,1944,49.48,96189.12,22,Completed
SO09566,2023-06-04,C008,P006,R04,474,44.75,21211.5,12,Completed
SO09567,2024-05-07,C029,P002,R02,184,404.58,74442.72,26,Completed
SO09568,2023-09-10,C009,P005,R02,742,139.76,103701.92,19,Completed
SO09569,2025-04-30,C033,P001,R02,1095,104.2,114099.0,24,Completed
SO09570,2024-02-15,C013,P006,R01,1203,141.59,170332.77,13,Completed
SO09571,2024-08-15,C021,P004,R01,1506,164.23,247330.38,11,Completed
SO09572,2023-07-08,C041,P008,R02,567,371.1,210413.7,7,Completed
SO09573,2024-10-26,C001,P004,R01,306,77.52,23721.12,8,Completed
SO09574,2024-10-14,C021,P007,R01,1570,121.02,190001.4,22,Completed
SO09575,2024-06-06,C040,P007,R01,1006,28.08,28248.48,13,Completed
SO09576,2025-01-26,C014,P006,R03,782,284.22,222260.04,26,Completed
SO09577,2024-06-15,C008,P001,R04,864,57.67,49826.88,13,Completed
SO09578,2023-10-10,C036,P006,R04,247,404.93,100017.71,3,Completed
SO09579,2025-12-26,C039,P005,R01,559,440.58,246284.22,27,Delayed
SO09580,2024-03-24,C038,P008,R02,252,301.37,75945.24,27,Delayed
SO09581,2023-04-16,C048,P005,R04,1499,491.23,736353.77,20,Completed
SO09582,2025-02-24,C048,P003,R04,234,446.84,104560.56,20,Completed
SO09583,2023-03-26,C014,P008,R03,1395,389.47,543310.65,10,Completed
SO09584,2024-11-29,C013,P004,R01,257,211.82,54437.74,4,Completed
SO09585,2025-09-06,C016,P001,R03,1087,469.14,509955.18,16,Completed
SO09586,2025-04-23,C018,P001,R04,1121,323.05,362139.05,12,Completed
SO09587,2024-05-16,C027,P006,R03,1530,454.63,695583.9,23,Completed
SO09588,2024-07-11,C003,P005,R03,62,40.38,2503.56,22,Completed
SO09589,2024-09-05,C045,P005,R03,343,328.94,112826.42,8,Completed
SO09590,2024-01-11,C036,P001,R04,1486,255.02,378959.72,10,Completed
SO09591,2024-10-04,C014,P001,R03,1610,326.18,525149.8,26,Completed
SO09592,2024-02-24,C028,P007,R04,772,389.3,300539.6,25,Completed
SO09593,2023-02-07,C016,P008,R03,1541,20.98,32330.18,7,Completed
SO09594,2024-07-29,C034,P008,R02,1954,407.38,796020.52,3,Completed
SO09595,2025-05-01,C034,P008,R02,912,328.19,299309.28,9,Completed
SO09596,2023-06-26,C004,P005,R03,1540,64.44,99237.6,4,Completed
SO09597,2024-02-11,C021,P001,R01,1581,180.48,285338.88,19,Completed
SO09598,2024-01-16,C026,P007,R04,1455,422.01,614024.55,28,Delayed
SO09599,2023-02-08,C011,P004,R04,1575,137.74,216940.5,13,Completed
SO09600,2024-07-03,C012,P003,R01,1999,112.62,225127.38,14,Completed
SO09601,2023-10-06,C038,P001,R02,1966,427.37,840209.42,10,Completed
SO09602,2024-08-25,C049,P007,R03,89,93.82,8349.98,11,Completed
SO09603,2025-04-16,C043,P004,R04,571,37.8,21583.8,22,Completed
SO09604,2023-05-22,C031,P006,R02,1182,296.86,350888.52,15,Completed
SO09605,2023-09-16,C042,P007,R04,64,102.06,6531.84,12,Completed
SO09606,2025-10-25,C021,P003,R01,194,352.87,68456.78,23,Completed
SO09607,2024-12-01,C012,P001,R01,1546,250.36,387056.56,4,Completed
SO09608,2025-05-15,C022,P003,R02,1898,362.5,688025.0,3,Completed
SO09609,2023-02-14,C020,P007,R01,1066,481.75,513545.5,4,Completed
SO09610,2025-09-14,C009,P007,R02,1223,471.73,576925.79,14,Completed
SO09611,2024-11-24,C034,P001,R02,219,21.85,4785.15,28,Delayed
SO09612,2023-05-26,C023,P006,R04,367,342.99,125877.33,26,Completed
SO09613,2023-03-12,C027,P001,R03,1758,201.22,353744.76,5,Completed
SO09614,2025-11-10,C011,P006,R04,1397,23.17,32368.49,15,Completed
SO09615,2023-10-12,C027,P006,R03,637,90.07,57374.59,24,Completed
SO09616,2025-11-26,C009,P003,R02,225,182.49,41060.25,6,Completed
SO09617,2024-02-07,C006,P008,R04,633,26.0,16458.0,16,Completed
SO09618,2024-02-20,C036,P005,R04,595,408.76,243212.2,13,Completed
SO09619,2023-02-07,C047,P008,R04,1189,250.26,297559.14,23,Completed
SO09620,2025-02-14,C034,P004,R02,1352,176.24,238276.48,19,Completed
SO09621,2023-01-21,C044,P002,R01,1400,319.94,447916.0,22,Completed
SO09622,2023-07-12,C048,P006,R04,1061,80.73,85654.53,10,Completed
SO09623,2023-12-03,C013,P002,R01,1792,32.6,58419.2,5,Completed
SO09624,2024-07-24,C008,P006,R04,1351,274.14,370363.14,24,Completed
SO09625,2024-08-18,C005,P004,R04,833,413.96,344828.68,12,Completed
SO09626,2024-03-11,C022,P003,R02,1730,381.7,660341.0,22,Completed
SO09627,2023-08-26,C011,P003,R04,1407,237.14,333655.98,26,Completed
SO09628,2025-03-03,C016,P008,R03,778,32.5,25285.0,21,Completed
SO09629,2025-08-02,C034,P006,R02,1442,388.54,560274.68,28,Delayed
SO09630,2023-07-25,C029,P002,R02,842,99.41,83703.22,7,Completed
SO09631,2023-10-27,C038,P001,R02,953,138.44,131933.32,25,Completed
SO09632,2023-02-25,C025,P006,R01,655,410.83,269093.65,15,Completed
SO09633,2023-05-20,C013,P003,R01,1883,396.08,745818.64,29,Delayed
SO09634,2025-05-07,C005,P003,R04,1142,21.06,24050.52,4,Completed
SO09635,2023-02-28,C043,P003,R04,1738,421.19,732028.22,15,Completed
SO09636,2024-05-14,C048,P001,R04,1146,410.19,470077.74,21,Completed
SO09637,2023-12-13,C030,P005,R02,1990,485.56,966264.4,10,Completed
SO09638,2023-04-27,C009,P007,R02,457,377.37,172458.09,19,Completed
SO09639,2023-08-13,C009,P007,R02,1600,418.93,670288.0,20,Completed
SO09640,2024-12-20,C046,P002,R01,1374,84.75,116446.5,15,Completed
SO09641,2025-10-15,C012,P008,R01,1670,323.35,539994.5,20,Completed
SO09642,2023-11-09,C023,P002,R04,370,496.04,183534.8,5,Completed
SO09643,2025-03-06,C008,P001,R04,1626,122.24,198762.24,25,Completed
SO09644,2025-01-10,C043,P002,R04,447,177.55,79364.85,22,Completed
SO09645,2023-07-07,C020,P005,R01,663,492.01,326202.63,18,Completed
SO09646,2023-05-16,C015,P003,R04,1639,322.57,528692.23,14,Completed
SO09647,2024-07-21,C039,P008,R01,119,362.61,43150.59,17,Completed
SO09648,2023-04-27,C044,P004,R01,1240,284.28,352507.2,24,Completed
SO09649,2025-01-28,C028,P003,R04,1717,415.3,713070.1,22,Completed
SO09650,2024-01-19,C032,P002,R02,1428,420.24,600102.72,3,Completed
SO09651,2023-04-15,C034,P008,R02,1205,398.46,480144.3,19,Completed
SO09652,2025-01-21,C030,P003,R02,1897,214.14,406223.58,14,Completed
SO09653,2024-02-01,C036,P008,R04,980,175.52,172009.6,25,Completed
SO09654,2023-06-11,C044,P001,R01,1585,271.65,430565.25,18,Completed
SO09655,2025-06-18,C020,P001,R01,378,154.71,58480.38,16,Completed
SO09656,2024-05-27,C037,P008,R04,1104,107.45,118624.8,11,Completed
SO09657,2023-11-11,C001,P005,R01,1551,342.29,530891.79,16,Completed
SO09658,2023-06-27,C049,P001,R03,1983,155.5,308356.5,20,Completed
SO09659,2025-09-12,C036,P001,R04,1936,173.55,335992.8,29,Delayed
SO09660,2025-12-18,C008,P007,R04,1178,46.58,54871.24,25,Completed
SO09661,2025-12-14,C009,P006,R02,863,312.91,270041.33,26,Completed
SO09662,2024-10-27,C002,P002,R04,522,118.12,61658.64,28,Delayed
SO09663,2023-09-06,C030,P005,R02,910,449.73,409254.3,11,Completed
SO09664,2023-01-14,C044,P002,R01,793,114.98,91179.14,16,Completed
SO09665,2025-08-23,C022,P001,R02,1453,217.4,315882.2,16,Completed
SO09666,2025-02-14,C029,P001,R02,1481,408.11,604410.91,11,Completed
SO09667,2023-01-03,C034,P001,R02,1389,426.27,592089.03,23,Completed
SO09668,2024-07-19,C037,P005,R04,406,440.46,178826.76,3,Completed
SO09669,2025-08-28,C030,P005,R02,566,243.24,137673.84,25,Completed
SO09670,2023-08-04,C009,P007,R02,767,452.08,346745.36,20,Completed
SO09671,2024-04-03,C016,P001,R03,271,174.25,47221.75,20,Completed
SO09672,2024-12-04,C033,P001,R02,1527,74.53,113807.31,24,Completed
SO09673,2024-01-18,C050,P007,R04,1543,60.96,94061.28,4,Completed
SO09674,2025-08-18,C038,P004,R02,697,390.63,272269.11,6,Completed
SO09675,2025-10-21,C020,P004,R01,170,297.96,50653.2,20,Completed
SO09676,2023-02-07,C047,P008,R04,236,491.42,115975.12,12,Completed
SO09677,2024-12-04,C028,P008,R04,1050,60.18,63189.0,10,Completed
SO09678,2023-06-05,C034,P003,R02,812,303.0,246036.0,4,Completed
SO09679,2024-04-26,C015,P006,R04,1418,155.71,220796.78,17,Completed
SO09680,2025-02-02,C047,P001,R04,1622,395.56,641598.32,15,Completed
SO09681,2024-08-26,C033,P008,R02,1888,300.81,567929.28,17,Completed
SO09682,2024-12-16,C005,P002,R04,225,400.65,90146.25,12,Completed
SO09683,2025-12-05,C028,P003,R04,1502,122.33,183739.66,22,Completed
SO09684,2024-12-16,C015,P008,R04,930,375.1,348843.0,15,Completed
SO09685,2023-03-12,C026,P007,R04,1359,258.03,350662.77,20,Completed
SO09686,2024-10-17,C014,P002,R03,1673,166.91,279240.43,27,Delayed
SO09687,2024-05-31,C043,P008,R04,1305,210.6,274833.0,26,Completed
SO09688,2024-02-17,C039,P003,R01,148,27.97,4139.56,6,Completed
SO09689,2025-01-05,C001,P004,R01,1835,187.4,343879.0,9,Completed
SO09690,2023-08-04,C012,P005,R01,1998,466.73,932526.54,24,Completed
SO09691,2024-07-20,C001,P005,R01,1912,45.14,86307.68,4,Completed
SO09692,2025-10-26,C036,P008,R04,622,124.24,77277.28,29,Delayed
SO09693,2025-07-01,C039,P006,R01,1243,303.52,377275.36,8,Completed
SO09694,2024-08-14,C009,P005,R02,1479,137.48,203332.92,28,Delayed
SO09695,2023-10-30,C030,P007,R02,1706,107.79,183889.74,24,Completed
SO09696,2023-02-15,C002,P001,R04,1343,74.2,99650.6,25,Completed
SO09697,2023-04-10,C035,P006,R02,1909,439.06,838165.54,8,Completed
SO09698,2023-11-27,C003,P007,R03,1701,482.57,820851.57,28,Delayed
SO09699,2024-04-03,C049,P005,R03,826,284.64,235112.64,16,Completed
SO09700,2023-05-17,C029,P005,R02,466,480.54,223931.64,17,Completed
SO09701,2024-10-27,C031,P003,R02,724,270.06,195523.44,24,Completed
SO09702,2024-03-28,C004,P002,R03,913,213.64,195053.32,28,Delayed
SO09703,2023-07-01,C047,P004,R04,1116,495.94,553469.04,20,Completed
SO09704,2025-09-16,C028,P005,R04,564,378.51,213479.64,15,Completed
SO09705,2023-05-01,C024,P006,R02,526,312.76,164511.76,21,Completed
SO09706,2024-01-05,C018,P008,R04,1789,291.02,520634.78,19,Completed
SO09707,2024-02-10,C021,P007,R01,86,427.8,36790.8,17,Completed
SO09708,2023-11-04,C016,P005,R03,1470,195.87,287928.9,29,Delayed
SO09709,2024-06-08,C047,P002,R04,499,159.26,79470.74,28,Delayed
SO09710,2025-10-15,C007,P003,R02,326,147.33,48029.58,11,Completed
SO09711,2024-09-12,C042,P005,R04,510,257.71,131432.1,24,Completed
SO09712,2023-03-01,C036,P005,R04,1971,134.78,265651.38,14,Completed
SO09713,2023-06-24,C035,P003,R02,1110,328.58,364723.8,20,Completed
SO09714,2024-09-07,C034,P001,R02,1429,478.6,683919.4,18,Completed
SO09715,2025-12-19,C029,P003,R02,65,67.35,4377.75,10,Completed
SO09716,2025-06-05,C027,P002,R03,894,75.27,67291.38,25,Completed
SO09717,2023-12-22,C026,P003,R04,1021,76.74,78351.54,24,Completed
SO09718,2023-08-01,C030,P002,R02,575,142.62,82006.5,4,Completed
SO09719,2025-11-19,C045,P001,R03,1349,332.2,448137.8,6,Completed
SO09720,2025-11-13,C007,P004,R02,594,394.17,234136.98,19,Completed
SO09721,2024-06-13,C020,P005,R01,836,170.2,142287.2,26,Completed
SO09722,2024-09-27,C018,P003,R04,1017,53.17,54073.89,8,Completed
SO09723,2025-04-20,C026,P002,R04,1145,255.38,292410.1,5,Completed
SO09724,2024-01-03,C046,P006,R01,1643,402.71,661652.53,12,Completed
SO09725,2025-06-16,C027,P008,R03,1277,266.94,340882.38,11,Completed
SO09726,2023-05-01,C049,P001,R03,572,392.93,224755.96,25,Completed
SO09727,2025-05-11,C028,P001,R04,1300,337.27,438451.0,14,Completed
SO09728,2025-03-22,C037,P004,R04,942,231.75,218308.5,7,Completed
SO09729,2025-12-01,C041,P003,R02,1503,56.03,84213.09,13,Completed
SO09730,2025-11-04,C016,P003,R03,1359,183.09,248819.31,19,Completed
SO09731,2024-03-11,C043,P002,R04,1483,260.06,385668.98,21,Completed
SO09732,2025-10-28,C011,P001,R04,1732,329.63,570919.16,27,Delayed
SO09733,2024-02-29,C021,P008,R01,261,314.93,82196.73,18,Completed
SO09734,2025-04-14,C006,P002,R04,1161,77.96,90511.56,8,Completed
SO09735,2024-02-18,C048,P004,R04,104,211.23,21967.92,19,Completed
SO09736,2025-10-30,C008,P002,R04,1593,24.59,39171.87,4,Completed
SO09737,2025-03-30,C036,P005,R04,1462,105.4,154094.8,25,Completed
SO09738,2025-03-14,C014,P004,R03,353,453.24,159993.72,10,Completed
SO09739,2025-09-12,C032,P005,R02,1821,59.66,108640.86,23,Completed
SO09740,2023-06-16,C011,P001,R04,874,402.05,351391.7,4,Completed
SO09741,2024-09-13,C010,P008,R04,1579,446.57,705134.03,11,Completed
SO09742,2024-11-20,C049,P003,R03,242,105.63,25562.46,17,Completed
SO09743,2024-09-08,C003,P003,R03,1024,230.61,236144.64,13,Completed
SO09744,2025-04-24,C030,P007,R02,1370,32.28,44223.6,23,Completed
SO09745,2024-11-11,C037,P004,R04,306,118.35,36215.1,16,Completed
SO09746,2023-01-16,C030,P008,R02,460,107.14,49284.4,20,Completed
SO09747,2023-11-07,C050,P008,R04,907,349.72,317196.04,22,Completed
SO09748,2025-05-13,C025,P006,R01,941,159.46,150051.86,3,Completed
SO09749,2025-06-27,C046,P002,R01,1625,114.3,185737.5,6,Completed
SO09750,2023-02-09,C034,P008,R02,1849,232.41,429726.09,29,Delayed
SO09751,2023-09-16,C041,P002,R02,1665,492.15,819429.75,10,Completed
SO09752,2023-02-19,C021,P003,R01,886,218.02,193165.72,28,Delayed
SO09753,2025-04-22,C007,P006,R02,892,178.64,159346.88,14,Completed
SO09754,2023-07-23,C043,P006,R04,904,376.29,340166.16,25,Completed
SO09755,2024-03-18,C034,P003,R02,925,221.79,205155.75,15,Completed
SO09756,2024-05-26,C032,P004,R02,796,252.77,201204.92,20,Completed
SO09757,2023-11-10,C035,P004,R02,803,76.08,61092.24,7,Completed
SO09758,2024-05-09,C027,P002,R03,967,146.64,141800.88,7,Completed
SO09759,2023-09-09,C046,P006,R01,470,25.55,12008.5,22,Completed
SO09760,2025-02-09,C031,P006,R02,1235,435.23,537509.05,11,Completed
SO09761,2025-02-06,C036,P006,R04,980,214.45,210161.0,12,Completed
SO09762,2025-01-02,C008,P002,R04,968,424.35,410770.8,29,Delayed
SO09763,2024-07-23,C047,P004,R04,409,177.13,72446.17,15,Completed
SO09764,2024-05-15,C034,P008,R02,338,408.72,138147.36,22,Completed
SO09765,2025-12-25,C034,P001,R02,416,370.5,154128.0,6,Completed
SO09766,2025-10-14,C037,P001,R04,661,147.41,97438.01,20,Completed
SO09767,2025-08-03,C025,P001,R01,210,24.02,5044.2,7,Completed
SO09768,2023-05-18,C023,P001,R04,1928,418.51,806887.28,26,Completed
SO09769,2024-09-29,C020,P002,R01,1731,155.69,269499.39,24,Completed
SO09770,2023-07-27,C032,P002,R02,1167,335.48,391505.16,10,Completed
SO09771,2023-07-12,C030,P001,R02,112,398.69,44653.28,12,Completed
SO09772,2025-05-17,C033,P008,R02,1398,206.74,289022.52,8,Completed
SO09773,2025-10-12,C034,P003,R02,1486,494.97,735525.42,28,Delayed
SO09774,2025-04-20,C034,P002,R02,1558,322.66,502704.28,21,Completed
SO09775,2023-07-06,C012,P005,R01,1669,385.38,643199.22,4,Completed
SO09776,2025-01-24,C015,P001,R04,1134,297.04,336843.36,23,Completed
SO09777,2025-07-28,C011,P002,R04,1996,250.55,500097.8,24,Completed
SO09778,2023-01-14,C028,P004,R04,488,257.67,125742.96,8,Completed
SO09779,2023-09-22,C019,P005,R04,1186,101.39,120248.54,21,Completed
SO09780,2024-12-11,C027,P008,R03,173,67.6,11694.8,27,Delayed
SO09781,2023-09-09,C004,P004,R03,1350,384.7,519345.0,7,Completed
SO09782,2024-12-10,C021,P003,R01,1851,50.65,93753.15,8,Completed
SO09783,2025-09-14,C006,P006,R04,74,255.51,18907.74,14,Completed
SO09784,2023-02-27,C021,P006,R01,1206,466.64,562767.84,6,Completed
SO09785,2023-01-29,C008,P007,R04,662,127.69,84530.78,26,Completed
SO09786,2024-12-20,C045,P006,R03,198,73.18,14489.64,29,Delayed
SO09787,2023-11-07,C050,P002,R04,1224,431.84,528572.16,25,Completed
SO09788,2024-02-22,C007,P005,R02,198,102.62,20318.76,5,Completed
SO09789,2023-06-18,C020,P003,R01,653,310.89,203011.17,29,Delayed
SO09790,2023-02-06,C035,P001,R02,1070,473.38,506516.6,22,Completed
SO09791,2024-11-30,C021,P005,R01,1665,396.94,660905.1,9,Completed
SO09792,2025-05-29,C003,P006,R03,295,354.71,104639.45,25,Completed
SO09793,2023-01-25,C005,P005,R04,1918,105.03,201447.54,15,Completed
SO09794,2025-11-01,C031,P006,R02,811,414.66,336289.26,26,Completed
SO09795,2023-11-15,C041,P004,R02,1404,149.07,209294.28,19,Completed
SO09796,2024-12-10,C003,P008,R03,949,114.96,109097.04,19,Completed
SO09797,2023-03-16,C039,P002,R01,309,33.84,10456.56,13,Completed
SO09798,2024-01-28,C009,P008,R02,1351,414.56,560070.56,6,Completed
SO09799,2023-06-16,C033,P007,R02,696,491.79,342285.84,25,Completed
SO09800,2023-12-17,C043,P001,R04,1091,276.41,301563.31,22,Completed
SO09801,2024-10-01,C009,P003,R02,1838,447.58,822652.04,11,Completed
SO09802,2023-05-20,C046,P001,R01,693,51.03,35363.79,13,Completed
SO09803,2025-12-03,C012,P008,R01,1222,309.66,378404.52,15,Completed
SO09804,2023-02-20,C036,P002,R04,847,226.49,191837.03,11,Completed
SO09805,2023-04-06,C009,P005,R02,775,376.53,291810.75,8,Completed
SO09806,2024-05-04,C011,P005,R04,433,494.72,214213.76,9,Completed
SO09807,2024-11-02,C043,P002,R04,1069,373.37,399132.53,15,Completed
SO09808,2025-11-03,C017,P007,R03,1508,279.62,421666.96,26,Completed
SO09809,2023-11-16,C036,P005,R04,751,106.81,80214.31,23,Completed
SO09810,2023-07-31,C042,P007,R04,1498,274.97,411905.06,19,Completed
SO09811,2023-12-21,C004,P002,R03,175,52.97,9269.75,15,Completed
SO09812,2023-09-16,C020,P003,R01,50,173.27,8663.5,19,Completed
SO09813,2025-02-28,C025,P001,R01,69,81.51,5624.19,23,Completed
SO09814,2025-11-05,C050,P003,R04,1679,166.47,279503.13,9,Completed
SO09815,2023-10-05,C002,P002,R04,319,59.07,18843.33,15,Completed
SO09816,2025-05-14,C001,P005,R01,1440,44.0,63360.0,17,Completed
SO09817,2023-07-23,C040,P007,R01,634,340.1,215623.4,25,Completed
SO09818,2024-12-17,C007,P007,R02,1791,29.59,52995.69,13,Completed
SO09819,2023-10-26,C028,P005,R04,1021,393.41,401671.61,17,Completed
SO09820,2023-08-20,C018,P006,R04,447,30.17,13485.99,6,Completed
SO09821,2025-06-27,C049,P003,R03,954,363.96,347217.84,29,Delayed
SO09822,2024-01-19,C011,P006,R04,1130,255.59,288816.7,16,Completed
SO09823,2023-01-03,C040,P002,R01,896,451.49,404535.04,22,Completed
SO09824,2025-09-15,C048,P002,R04,915,59.87,54781.05,27,Delayed
SO09825,2024-08-20,C030,P007,R02,205,434.85,89144.25,11,Completed
SO09826,2023-03-27,C042,P003,R04,62,268.92,16673.04,24,Completed
SO09827,2025-08-22,C007,P002,R02,842,76.24,64194.08,6,Completed
SO09828,2025-01-16,C028,P005,R04,930,345.31,321138.3,6,Completed
SO09829,2025-04-27,C024,P003,R02,763,269.32,205491.16,19,Completed
SO09830,2024-11-29,C032,P001,R02,474,275.99,130819.26,24,Completed
SO09831,2025-10-14,C012,P002,R01,1526,266.32,406404.32,10,Completed
SO09832,2025-09-07,C010,P001,R04,1112,171.19,190363.28,14,Completed
SO09833,2023-07-03,C011,P003,R04,928,488.2,453049.6,23,Completed
SO09834,2025-03-27,C043,P008,R04,1970,347.64,684850.8,6,Completed
SO09835,2025-12-21,C040,P006,R01,863,243.99,210563.37,25,Completed
SO09836,2025-05-21,C035,P006,R02,1235,304.16,375637.6,17,Completed
SO09837,2025-04-29,C049,P007,R03,114,288.3,32866.2,11,Completed
SO09838,2024-06-29,C017,P004,R03,244,169.57,41375.08,5,Completed
SO09839,2025-08-04,C026,P001,R04,702,485.74,340989.48,21,Completed
SO09840,2024-06-06,C039,P002,R01,62,475.07,29454.34,28,Delayed
SO09841,2023-10-16,C026,P008,R04,1079,283.78,306198.62,8,Completed
SO09842,2025-05-10,C016,P004,R03,1352,412.01,557037.52,15,Completed
SO09843,2025-05-16,C017,P004,R03,1160,194.4,225504.0,3,Completed
SO09844,2025-02-28,C014,P002,R03,1570,198.35,311409.5,28,Delayed
SO09845,2024-02-28,C034,P001,R02,899,104.56,93999.44,21,Completed
SO09846,2023-12-15,C037,P007,R04,1014,316.59,321022.26,9,Completed
SO09847,2025-03-23,C035,P006,R02,1697,471.8,800644.6,27,Delayed
SO09848,2024-02-18,C010,P006,R04,372,89.74,33383.28,5,Completed
SO09849,2025-04-12,C001,P003,R01,617,115.54,71288.18,28,Delayed
SO09850,2025-06-28,C043,P007,R04,1810,295.52,534891.2,16,Completed
SO09851,2023-04-03,C017,P006,R03,216,179.19,38705.04,13,Completed
SO09852,2025-07-28,C014,P007,R03,1538,136.48,209906.24,9,Completed
SO09853,2025-10-23,C024,P006,R02,907,256.01,232201.07,21,Completed
SO09854,2024-07-18,C002,P006,R04,1394,481.69,671475.86,6,Completed
SO09855,2023-01-28,C005,P003,R04,1448,329.44,477029.12,3,Completed
SO09856,2025-10-26,C016,P006,R03,576,305.98,176244.48,18,Completed
SO09857,2025-11-28,C015,P007,R04,948,24.94,23643.12,7,Completed
SO09858,2023-08-08,C024,P002,R02,1855,174.22,323178.1,5,Completed
SO09859,2025-11-07,C008,P001,R04,1005,212.27,213331.35,16,Completed
SO09860,2025-08-17,C035,P001,R02,1374,52.71,72423.54,14,Completed
SO09861,2023-02-16,C003,P006,R03,1004,330.29,331611.16,8,Completed
SO09862,2025-05-23,C050,P007,R04,1626,293.33,476954.58,25,Completed
SO09863,2023-02-16,C046,P007,R01,1429,465.45,665128.05,20,Completed
SO09864,2025-08-21,C003,P001,R03,1867,450.98,841979.66,9,Completed
SO09865,2023-02-17,C004,P001,R03,129,253.68,32724.72,17,Completed
SO09866,2023-11-14,C036,P006,R04,1604,455.97,731375.88,17,Completed
SO09867,2024-03-11,C036,P007,R04,220,254.92,56082.4,3,Completed
SO09868,2025-08-01,C042,P006,R04,506,94.37,47751.22,27,Delayed
SO09869,2023-10-25,C050,P002,R04,1717,273.18,469050.06,15,Completed
SO09870,2025-04-23,C024,P002,R02,909,459.24,417449.16,5,Completed
SO09871,2024-07-12,C022,P005,R02,446,107.92,48132.32,16,Completed
SO09872,2023-06-12,C038,P003,R02,1644,288.86,474885.84,24,Completed
SO09873,2023-06-11,C036,P008,R04,1384,110.04,152295.36,29,Delayed
SO09874,2024-12-29,C024,P007,R02,110,331.75,36492.5,14,Completed
SO09875,2024-01-09,C034,P008,R02,454,68.45,31076.3,12,Completed
SO09876,2024-07-18,C042,P001,R04,1871,451.24,844270.04,13,Completed
SO09877,2025-12-14,C010,P008,R04,158,410.62,64877.96,11,Completed
SO09878,2024-06-24,C044,P002,R01,464,316.26,146744.64,13,Completed
SO09879,2023-06-23,C023,P006,R04,1945,115.68,224997.6,9,Completed
SO09880,2023-10-30,C028,P006,R04,452,311.94,140996.88,12,Completed
SO09881,2023-05-24,C018,P005,R04,990,347.21,343737.9,26,Completed
SO09882,2025-07-29,C041,P001,R02,431,112.07,48302.17,15,Completed
SO09883,2025-02-16,C033,P001,R02,402,312.46,125608.92,27,Delayed
SO09884,2023-01-17,C002,P008,R04,1553,245.88,381851.64,4,Completed
SO09885,2025-06-22,C046,P005,R01,68,241.58,16427.44,16,Completed
SO09886,2024-04-22,C019,P005,R04,591,419.39,247859.49,23,Completed
SO09887,2024-11-20,C042,P001,R04,214,68.22,14599.08,24,Completed
SO09888,2023-02-24,C001,P005,R01,1833,444.76,815245.08,5,Completed
SO09889,2023-01-12,C037,P003,R04,168,206.32,34661.76,19,Completed
SO09890,2025-08-25,C038,P001,R02,1553,306.91,476631.23,4,Completed
SO09891,2024-05-31,C020,P002,R01,391,182.03,71173.73,20,Completed
SO09892,2023-11-13,C045,P005,R03,198,374.86,74222.28,11,Completed
SO09893,2024-04-07,C033,P006,R02,306,308.04,94260.24,9,Completed
SO09894,2023-12-03,C050,P001,R04,393,482.3,189543.9,26,Completed
SO09895,2025-06-19,C038,P002,R02,1335,335.24,447545.4,3,Completed
SO09896,2025-12-26,C023,P001,R04,327,211.14,69042.78,22,Completed
SO09897,2025-08-19,C019,P001,R04,414,45.25,18733.5,8,Completed
SO09898,2023-12-19,C011,P006,R04,604,413.08,249500.32,10,Completed
SO09899,2024-03-21,C026,P006,R04,746,385.64,287687.44,22,Completed
SO09900,2025-12-14,C025,P007,R01,921,189.05,174115.05,7,Completed
SO09901,2023-11-26,C018,P006,R04,1693,406.33,687916.69,14,Completed
SO09902,2025-06-29,C008,P005,R04,1232,177.9,219172.8,15,Completed
SO09903,2023-06-26,C015,P001,R04,1542,46.93,72366.06,8,Completed
SO09904,2024-03-29,C010,P006,R04,1540,21.74,33479.6,29,Delayed
SO09905,2024-11-12,C041,P005,R02,1934,462.39,894262.26,5,Completed
SO09906,2025-01-20,C043,P001,R04,548,262.73,143976.04,10,Completed
SO09907,2025-04-12,C008,P005,R04,1300,331.14,430482.0,12,Completed
SO09908,2023-11-17,C008,P002,R04,1145,437.32,500731.4,16,Completed
SO09909,2025-05-07,C034,P006,R02,1482,188.16,278853.12,17,Completed
SO09910,2025-05-05,C044,P003,R01,1040,66.0,68640.0,25,Completed
SO09911,2025-10-27,C011,P001,R04,1671,144.66,241726.86,26,Completed
SO09912,2025-05-08,C020,P005,R01,810,77.53,62799.3,26,Completed
SO09913,2024-03-15,C022,P008,R02,1559,190.69,297285.71,8,Completed
SO09914,2024-10-18,C036,P004,R04,895,302.79,270997.05,20,Completed
SO09915,2024-09-10,C007,P007,R02,604,76.36,46121.44,22,Completed
SO09916,2024-08-10,C037,P002,R04,147,396.07,58222.29,12,Completed
SO09917,2024-02-18,C016,P006,R03,639,421.25,269178.75,8,Completed
SO09918,2023-12-11,C041,P004,R02,920,90.74,83480.8,26,Completed
SO09919,2025-02-23,C017,P005,R03,997,265.02,264224.94,24,Completed
SO09920,2024-09-01,C037,P008,R04,1720,115.63,198883.6,3,Completed
SO09921,2025-09-14,C027,P002,R03,1515,429.43,650586.45,16,Completed
SO09922,2025-05-14,C033,P002,R02,1208,410.08,495376.64,22,Completed
SO09923,2025-09-11,C015,P007,R04,1795,485.29,871095.55,29,Delayed
SO09924,2024-08-14,C028,P001,R04,403,163.65,65950.95,19,Completed
SO09925,2024-08-29,C039,P004,R01,1073,284.43,305193.39,19,Completed
SO09926,2025-12-12,C035,P007,R02,1959,137.69,269734.71,4,Completed
SO09927,2023-06-26,C003,P006,R03,845,319.8,270231.0,24,Completed
SO09928,2025-12-21,C048,P004,R04,626,91.67,57385.42,21,Completed
SO09929,2025-08-05,C041,P006,R02,1422,103.24,146807.28,21,Completed
SO09930,2024-07-17,C041,P008,R02,1196,202.5,242190.0,24,Completed
SO09931,2024-01-05,C020,P001,R01,804,264.71,212826.84,16,Completed
SO09932,2024-07-24,C020,P007,R01,1754,56.01,98241.54,9,Completed
SO09933,2024-08-16,C049,P002,R03,471,439.67,207084.57,28,Delayed
SO09934,2025-10-11,C028,P008,R04,761,130.51,99318.11,24,Completed
SO09935,2025-01-24,C034,P005,R02,299,318.19,95138.81,6,Completed
SO09936,2025-11-24,C041,P007,R02,141,365.92,51594.72,24,Completed
SO09937,2023-05-28,C036,P006,R04,883,66.49,58710.67,10,Completed
SO09938,2024-07-04,C025,P003,R01,512,308.61,158008.32,4,Completed
SO09939,2023-11-20,C009,P001,R02,648,327.28,212077.44,26,Completed
SO09940,2024-12-12,C007,P001,R02,912,433.55,395397.6,24,Completed
SO09941,2023-07-31,C047,P004,R04,1348,409.91,552558.68,13,Completed
SO09942,2023-12-18,C021,P008,R01,339,329.36,111653.04,20,Completed
SO09943,2023-02-13,C049,P004,R03,1971,41.47,81737.37,8,Completed
SO09944,2025-10-25,C004,P007,R03,388,130.71,50715.48,20,Completed
SO09945,2024-09-02,C029,P008,R02,1952,111.99,218604.48,20,Completed
SO09946,2024-09-10,C024,P004,R02,1168,388.32,453557.76,26,Completed
SO09947,2023-11-30,C017,P005,R03,790,72.94,57622.6,11,Completed
SO09948,2023-12-17,C049,P007,R03,1387,212.05,294113.35,4,Completed
SO09949,2023-08-23,C021,P004,R01,306,405.65,124128.9,25,Completed
SO09950,2024-10-25,C048,P004,R04,131,362.91,47541.21,4,Completed
SO09951,2024-08-14,C004,P005,R03,936,121.0,113256.0,8,Completed
SO09952,2025-06-15,C041,P004,R02,785,144.41,113361.85,6,Completed
SO09953,2024-03-08,C015,P005,R04,197,122.33,24099.01,6,Completed
SO09954,2023-02-22,C008,P002,R04,466,299.11,139385.26,29,Delayed
SO09955,2023-07-12,C023,P004,R04,52,53.73,2793.96,10,Completed
SO09956,2025-10-03,C003,P001,R03,821,194.84,159963.64,7,Completed
SO09957,2025-09-03,C042,P004,R04,644,449.15,289252.6,25,Completed
SO09958,2023-01-27,C013,P005,R01,926,275.91,255492.66,7,Completed
SO09959,2023-02-27,C026,P007,R04,667,209.69,139863.23,18,Completed
SO09960,2025-05-14,C001,P001,R01,1190,59.72,71066.8,21,Completed
SO09961,2024-08-20,C036,P002,R04,673,264.87,178257.51,4,Completed
SO09962,2025-04-30,C039,P001,R01,1312,148.19,194425.28,21,Completed
SO09963,2023-05-08,C023,P002,R04,1370,65.78,90118.6,21,Completed
SO09964,2023-04-16,C018,P007,R04,297,433.27,128681.19,8,Completed
SO09965,2023-08-31,C021,P003,R01,1796,335.55,602647.8,27,Delayed
SO09966,2025-01-04,C016,P005,R03,1740,103.85,180699.0,12,Completed
SO09967,2023-04-14,C043,P003,R04,665,133.49,88770.85,22,Completed
SO09968,2025-09-16,C025,P005,R01,1430,216.03,308922.9,4,Completed
SO09969,2023-01-18,C011,P005,R04,742,360.45,267453.9,3,Completed
SO09970,2024-11-17,C048,P008,R04,1565,459.24,718710.6,28,Delayed
SO09971,2024-07-03,C010,P004,R04,1372,372.1,510521.2,18,Completed
SO09972,2023-02-06,C028,P004,R04,1286,150.91,194070.26,27,Delayed
SO09973,2024-07-06,C033,P007,R02,374,327.89,122630.86,13,Completed
SO09974,2023-12-05,C043,P004,R04,759,72.32,54890.88,27,Delayed
SO09975,2023-09-02,C013,P008,R01,269,493.04,132627.76,15,Completed
SO09976,2023-05-17,C014,P003,R03,207,231.4,47899.8,28,Delayed
SO09977,2023-09-25,C025,P003,R01,1104,423.89,467974.56,29,Delayed
SO09978,2025-08-13,C049,P001,R03,133,356.08,47358.64,10,Completed
SO09979,2023-09-30,C031,P008,R02,157,137.58,21600.06,20,Completed
SO09980,2025-04-13,C017,P007,R03,1677,102.5,171892.5,21,Completed
SO09981,2025-04-18,C037,P003,R04,1222,42.64,52106.08,24,Completed
SO09982,2025-03-15,C045,P003,R03,1186,75.36,89376.96,6,Completed
SO09983,2023-06-23,C027,P006,R03,971,452.86,439727.06,3,Completed
SO09984,2023-04-11,C026,P002,R04,839,303.12,254317.68,13,Completed
SO09985,2024-09-18,C007,P002,R02,1006,272.32,273953.92,26,Completed
SO09986,2025-05-30,C043,P007,R04,1680,409.44,687859.2,10,Completed
SO09987,2024-10-08,C013,P006,R01,1504,63.54,95564.16,29,Delayed
SO09988,2023-08-12,C012,P001,R01,1637,59.41,97254.17,4,Completed
SO09989,2023-10-15,C047,P008,R04,1752,22.0,38544.0,9,Completed
SO09990,2025-07-19,C001,P002,R01,1059,391.87,414990.33,7,Completed
SO09991,2025-07-16,C038,P006,R02,1427,147.79,210896.33,19,Completed
SO09992,2024-03-19,C023,P006,R04,1361,24.99,34011.39,13,Completed
SO09993,2025-01-07,C002,P004,R04,1584,397.05,628927.2,7,Completed
SO09994,2023-11-27,C030,P003,R02,1116,324.22,361829.52,6,Completed
SO09995,2025-12-20,C026,P002,R04,1436,479.51,688576.36,19,Completed
SO09996,2025-07-30,C020,P002,R01,1991,132.98,264763.18,23,Completed
SO09997,2025-08-22,C046,P006,R01,1704,139.23,237247.92,21,Completed
SO09998,2025-11-01,C021,P003,R01,1810,124.01,224458.1,4,Completed
SO09999,2025-02-11,C026,P006,R04,1167,394.42,460288.14,27,Delayed
SO10000,2025-10-30,C019,P002,R04,1704,157.03,267579.12,27,Delayed
